snapshot_cn,snapshot_quikstrike,meeting_date,current_target,agg_p_hike_pct,agg_p_hold_pct,agg_p_cut_pct,max_range_label,max_range_pct,aggregated_ranges,range_325_350_pct,range_350_375_pct,range_375_400_pct,range_400_425_pct,range_425_450_pct,range_450_475_pct,range_475_500_pct,us_trade_date,data_asof_ct,time_basis
2025-09-11 10:00:00,2025/9/11 23:59:59 CT,2026-09-16,350-375,,,,275-300,28.96,"{""325-350"": 0.155732, ""350-375"": 0.041829, ""375-400"": 0.004261, ""400-425"": 0.000141, ""425-450"": 0.0, ""450-475"": 0.0, ""475-500"": 0.0}",15.57,4.18,0.43,0.01,0.00,0.00,0.00,2025-09-11,,settlement_export
2025-09-11 10:00:00,2025/9/11 23:59:59 CT,2026-10-28,350-375,,,,,0.00,"{""325-350"": 0.0, ""350-375"": 0.0, ""375-400"": 0.0, ""400-425"": 0.0, ""425-450"": 0.0, ""450-475"": 0.0, ""475-500"": 0.0}",0.00,0.00,0.00,0.00,0.00,0.00,0.00,2025-09-11,,settlement_export
2025-09-11 10:00:00,2025/9/11 23:59:59 CT,2026-12-09,350-375,,,,,0.00,"{""325-350"": 0.0, ""350-375"": 0.0, ""375-400"": 0.0, ""400-425"": 0.0, ""425-450"": 0.0, ""450-475"": 0.0, ""475-500"": 0.0}",0.00,0.00,0.00,0.00,0.00,0.00,0.00,2025-09-11,,settlement_export
2025-09-11 10:00:00,2025/9/11 23:59:59 CT,2027-01-27,350-375,,,,,0.00,"{""325-350"": 0.0, ""350-375"": 0.0, ""375-400"": 0.0, ""400-425"": 0.0, ""425-450"": 0.0, ""450-475"": 0.0, ""475-500"": 0.0}",0.00,0.00,0.00,0.00,0.00,0.00,0.00,2025-09-11,,settlement_export
2025-09-11 10:00:00,2025/9/11 23:59:59 CT,2027-03-17,350-375,,,,,0.00,"{""325-350"": 0.0, ""350-375"": 0.0, ""375-400"": 0.0, ""400-425"": 0.0, ""425-450"": 0.0, ""450-475"": 0.0, ""475-500"": 0.0}",0.00,0.00,0.00,0.00,0.00,0.00,0.00,2025-09-11,,settlement_export
2025-09-11 10:00:00,2025/9/11 23:59:59 CT,2027-04-28,350-375,,,,,0.00,"{""325-350"": 0.0, ""350-375"": 0.0, ""375-400"": 0.0, ""400-425"": 0.0, ""425-450"": 0.0, ""450-475"": 0.0, ""475-500"": 0.0}",0.00,0.00,0.00,0.00,0.00,0.00,0.00,2025-09-11,,settlement_export
2025-09-11 10:00:00,2025/9/11 23:59:59 CT,2027-06-09,350-375,,,,,0.00,"{""325-350"": 0.0, ""350-375"": 0.0, ""375-400"": 0.0, ""400-425"": 0.0, ""425-450"": 0.0, ""450-475"": 0.0, ""475-500"": 0.0}",0.00,0.00,0.00,0.00,0.00,0.00,0.00,2025-09-11,,settlement_export
2025-09-11 10:00:00,2025/9/11 23:59:59 CT,2027-07-28,350-375,,,,,0.00,"{""325-350"": 0.0, ""350-375"": 0.0, ""375-400"": 0.0, ""400-425"": 0.0, ""425-450"": 0.0, ""450-475"": 0.0, ""475-500"": 0.0}",0.00,0.00,0.00,0.00,0.00,0.00,0.00,2025-09-11,,settlement_export
2025-09-11 10:00:00,2025/9/11 23:59:59 CT,2027-09-15,350-375,,,,,0.00,"{""325-350"": 0.0, ""350-375"": 0.0, ""375-400"": 0.0, ""400-425"": 0.0, ""425-450"": 0.0, ""450-475"": 0.0, ""475-500"": 0.0}",0.00,0.00,0.00,0.00,0.00,0.00,0.00,2025-09-11,,settlement_export
2025-09-11 10:00:00,2025/9/11 23:59:59 CT,2027-10-27,350-375,,,,,0.00,"{""325-350"": 0.0, ""350-375"": 0.0, ""375-400"": 0.0, ""400-425"": 0.0, ""425-450"": 0.0, ""450-475"": 0.0, ""475-500"": 0.0}",0.00,0.00,0.00,0.00,0.00,0.00,0.00,2025-09-11,,settlement_export
2025-09-11 10:00:00,2025/9/11 23:59:59 CT,2027-12-08,350-375,,,,,0.00,"{""325-350"": 0.0, ""350-375"": 0.0, ""375-400"": 0.0, ""400-425"": 0.0, ""425-450"": 0.0, ""450-475"": 0.0, ""475-500"": 0.0}",0.00,0.00,0.00,0.00,0.00,0.00,0.00,2025-09-11,,settlement_export
2025-09-12 10:00:00,2025/9/12 23:59:59 CT,2026-09-16,350-375,,,,300-325,29.75,"{""325-350"": 0.186158, ""350-375"": 0.060458, ""375-400"": 0.008404, ""400-425"": 0.000354, ""425-450"": 0.0, ""450-475"": 0.0, ""475-500"": 0.0}",18.62,6.05,0.84,0.04,0.00,0.00,0.00,2025-09-12,,settlement_export
2025-09-12 10:00:00,2025/9/12 23:59:59 CT,2026-10-28,350-375,,,,,0.00,"{""325-350"": 0.0, ""350-375"": 0.0, ""375-400"": 0.0, ""400-425"": 0.0, ""425-450"": 0.0, ""450-475"": 0.0, ""475-500"": 0.0}",0.00,0.00,0.00,0.00,0.00,0.00,0.00,2025-09-12,,settlement_export
2025-09-12 10:00:00,2025/9/12 23:59:59 CT,2026-12-09,350-375,,,,,0.00,"{""325-350"": 0.0, ""350-375"": 0.0, ""375-400"": 0.0, ""400-425"": 0.0, ""425-450"": 0.0, ""450-475"": 0.0, ""475-500"": 0.0}",0.00,0.00,0.00,0.00,0.00,0.00,0.00,2025-09-12,,settlement_export
2025-09-12 10:00:00,2025/9/12 23:59:59 CT,2027-01-27,350-375,,,,,0.00,"{""325-350"": 0.0, ""350-375"": 0.0, ""375-400"": 0.0, ""400-425"": 0.0, ""425-450"": 0.0, ""450-475"": 0.0, ""475-500"": 0.0}",0.00,0.00,0.00,0.00,0.00,0.00,0.00,2025-09-12,,settlement_export
2025-09-12 10:00:00,2025/9/12 23:59:59 CT,2027-03-17,350-375,,,,,0.00,"{""325-350"": 0.0, ""350-375"": 0.0, ""375-400"": 0.0, ""400-425"": 0.0, ""425-450"": 0.0, ""450-475"": 0.0, ""475-500"": 0.0}",0.00,0.00,0.00,0.00,0.00,0.00,0.00,2025-09-12,,settlement_export
2025-09-12 10:00:00,2025/9/12 23:59:59 CT,2027-04-28,350-375,,,,,0.00,"{""325-350"": 0.0, ""350-375"": 0.0, ""375-400"": 0.0, ""400-425"": 0.0, ""425-450"": 0.0, ""450-475"": 0.0, ""475-500"": 0.0}",0.00,0.00,0.00,0.00,0.00,0.00,0.00,2025-09-12,,settlement_export
2025-09-12 10:00:00,2025/9/12 23:59:59 CT,2027-06-09,350-375,,,,,0.00,"{""325-350"": 0.0, ""350-375"": 0.0, ""375-400"": 0.0, ""400-425"": 0.0, ""425-450"": 0.0, ""450-475"": 0.0, ""475-500"": 0.0}",0.00,0.00,0.00,0.00,0.00,0.00,0.00,2025-09-12,,settlement_export
2025-09-12 10:00:00,2025/9/12 23:59:59 CT,2027-07-28,350-375,,,,,0.00,"{""325-350"": 0.0, ""350-375"": 0.0, ""375-400"": 0.0, ""400-425"": 0.0, ""425-450"": 0.0, ""450-475"": 0.0, ""475-500"": 0.0}",0.00,0.00,0.00,0.00,0.00,0.00,0.00,2025-09-12,,settlement_export
2025-09-12 10:00:00,2025/9/12 23:59:59 CT,2027-09-15,350-375,,,,,0.00,"{""325-350"": 0.0, ""350-375"": 0.0, ""375-400"": 0.0, ""400-425"": 0.0, ""425-450"": 0.0, ""450-475"": 0.0, ""475-500"": 0.0}",0.00,0.00,0.00,0.00,0.00,0.00,0.00,2025-09-12,,settlement_export
2025-09-12 10:00:00,2025/9/12 23:59:59 CT,2027-10-27,350-375,,,,,0.00,"{""325-350"": 0.0, ""350-375"": 0.0, ""375-400"": 0.0, ""400-425"": 0.0, ""425-450"": 0.0, ""450-475"": 0.0, ""475-500"": 0.0}",0.00,0.00,0.00,0.00,0.00,0.00,0.00,2025-09-12,,settlement_export
2025-09-12 10:00:00,2025/9/12 23:59:59 CT,2027-12-08,350-375,,,,,0.00,"{""325-350"": 0.0, ""350-375"": 0.0, ""375-400"": 0.0, ""400-425"": 0.0, ""425-450"": 0.0, ""450-475"": 0.0, ""475-500"": 0.0}",0.00,0.00,0.00,0.00,0.00,0.00,0.00,2025-09-12,,settlement_export
2025-09-15 10:00:00,2025/9/15 23:59:59 CT,2026-09-16,350-375,,,,300-325,28.89,"{""325-350"": 0.172246, ""350-375"": 0.055177, ""375-400"": 0.00817, ""400-425"": 0.000365, ""425-450"": 0.0, ""450-475"": 0.0, ""475-500"": 0.0}",17.22,5.52,0.82,0.04,0.00,0.00,0.00,2025-09-15,,settlement_export
2025-09-15 10:00:00,2025/9/15 23:59:59 CT,2026-10-28,350-375,,,,,0.00,"{""325-350"": 0.0, ""350-375"": 0.0, ""375-400"": 0.0, ""400-425"": 0.0, ""425-450"": 0.0, ""450-475"": 0.0, ""475-500"": 0.0}",0.00,0.00,0.00,0.00,0.00,0.00,0.00,2025-09-15,,settlement_export
2025-09-15 10:00:00,2025/9/15 23:59:59 CT,2026-12-09,350-375,,,,,0.00,"{""325-350"": 0.0, ""350-375"": 0.0, ""375-400"": 0.0, ""400-425"": 0.0, ""425-450"": 0.0, ""450-475"": 0.0, ""475-500"": 0.0}",0.00,0.00,0.00,0.00,0.00,0.00,0.00,2025-09-15,,settlement_export
2025-09-15 10:00:00,2025/9/15 23:59:59 CT,2027-01-27,350-375,,,,,0.00,"{""325-350"": 0.0, ""350-375"": 0.0, ""375-400"": 0.0, ""400-425"": 0.0, ""425-450"": 0.0, ""450-475"": 0.0, ""475-500"": 0.0}",0.00,0.00,0.00,0.00,0.00,0.00,0.00,2025-09-15,,settlement_export
2025-09-15 10:00:00,2025/9/15 23:59:59 CT,2027-03-17,350-375,,,,,0.00,"{""325-350"": 0.0, ""350-375"": 0.0, ""375-400"": 0.0, ""400-425"": 0.0, ""425-450"": 0.0, ""450-475"": 0.0, ""475-500"": 0.0}",0.00,0.00,0.00,0.00,0.00,0.00,0.00,2025-09-15,,settlement_export
2025-09-15 10:00:00,2025/9/15 23:59:59 CT,2027-04-28,350-375,,,,,0.00,"{""325-350"": 0.0, ""350-375"": 0.0, ""375-400"": 0.0, ""400-425"": 0.0, ""425-450"": 0.0, ""450-475"": 0.0, ""475-500"": 0.0}",0.00,0.00,0.00,0.00,0.00,0.00,0.00,2025-09-15,,settlement_export
2025-09-15 10:00:00,2025/9/15 23:59:59 CT,2027-06-09,350-375,,,,,0.00,"{""325-350"": 0.0, ""350-375"": 0.0, ""375-400"": 0.0, ""400-425"": 0.0, ""425-450"": 0.0, ""450-475"": 0.0, ""475-500"": 0.0}",0.00,0.00,0.00,0.00,0.00,0.00,0.00,2025-09-15,,settlement_export
2025-09-15 10:00:00,2025/9/15 23:59:59 CT,2027-07-28,350-375,,,,,0.00,"{""325-350"": 0.0, ""350-375"": 0.0, ""375-400"": 0.0, ""400-425"": 0.0, ""425-450"": 0.0, ""450-475"": 0.0, ""475-500"": 0.0}",0.00,0.00,0.00,0.00,0.00,0.00,0.00,2025-09-15,,settlement_export
2025-09-15 10:00:00,2025/9/15 23:59:59 CT,2027-09-15,350-375,,,,,0.00,"{""325-350"": 0.0, ""350-375"": 0.0, ""375-400"": 0.0, ""400-425"": 0.0, ""425-450"": 0.0, ""450-475"": 0.0, ""475-500"": 0.0}",0.00,0.00,0.00,0.00,0.00,0.00,0.00,2025-09-15,,settlement_export
2025-09-15 10:00:00,2025/9/15 23:59:59 CT,2027-10-27,350-375,,,,,0.00,"{""325-350"": 0.0, ""350-375"": 0.0, ""375-400"": 0.0, ""400-425"": 0.0, ""425-450"": 0.0, ""450-475"": 0.0, ""475-500"": 0.0}",0.00,0.00,0.00,0.00,0.00,0.00,0.00,2025-09-15,,settlement_export
2025-09-15 10:00:00,2025/9/15 23:59:59 CT,2027-12-08,350-375,,,,,0.00,"{""325-350"": 0.0, ""350-375"": 0.0, ""375-400"": 0.0, ""400-425"": 0.0, ""425-450"": 0.0, ""450-475"": 0.0, ""475-500"": 0.0}",0.00,0.00,0.00,0.00,0.00,0.00,0.00,2025-09-15,,settlement_export
2025-09-16 10:00:00,2025/9/16 23:59:59 CT,2026-09-16,350-375,,,,275-300,28.64,"{""325-350"": 0.151573, ""350-375"": 0.04547, ""375-400"": 0.006437, ""400-425"": 0.000286, ""425-450"": 0.0, ""450-475"": 0.0, ""475-500"": 0.0}",15.16,4.55,0.64,0.03,0.00,0.00,0.00,2025-09-16,,settlement_export
2025-09-16 10:00:00,2025/9/16 23:59:59 CT,2026-10-28,350-375,,,,,0.00,"{""325-350"": 0.0, ""350-375"": 0.0, ""375-400"": 0.0, ""400-425"": 0.0, ""425-450"": 0.0, ""450-475"": 0.0, ""475-500"": 0.0}",0.00,0.00,0.00,0.00,0.00,0.00,0.00,2025-09-16,,settlement_export
2025-09-16 10:00:00,2025/9/16 23:59:59 CT,2026-12-09,350-375,,,,,0.00,"{""325-350"": 0.0, ""350-375"": 0.0, ""375-400"": 0.0, ""400-425"": 0.0, ""425-450"": 0.0, ""450-475"": 0.0, ""475-500"": 0.0}",0.00,0.00,0.00,0.00,0.00,0.00,0.00,2025-09-16,,settlement_export
2025-09-16 10:00:00,2025/9/16 23:59:59 CT,2027-01-27,350-375,,,,,0.00,"{""325-350"": 0.0, ""350-375"": 0.0, ""375-400"": 0.0, ""400-425"": 0.0, ""425-450"": 0.0, ""450-475"": 0.0, ""475-500"": 0.0}",0.00,0.00,0.00,0.00,0.00,0.00,0.00,2025-09-16,,settlement_export
2025-09-16 10:00:00,2025/9/16 23:59:59 CT,2027-03-17,350-375,,,,,0.00,"{""325-350"": 0.0, ""350-375"": 0.0, ""375-400"": 0.0, ""400-425"": 0.0, ""425-450"": 0.0, ""450-475"": 0.0, ""475-500"": 0.0}",0.00,0.00,0.00,0.00,0.00,0.00,0.00,2025-09-16,,settlement_export
2025-09-16 10:00:00,2025/9/16 23:59:59 CT,2027-04-28,350-375,,,,,0.00,"{""325-350"": 0.0, ""350-375"": 0.0, ""375-400"": 0.0, ""400-425"": 0.0, ""425-450"": 0.0, ""450-475"": 0.0, ""475-500"": 0.0}",0.00,0.00,0.00,0.00,0.00,0.00,0.00,2025-09-16,,settlement_export
2025-09-16 10:00:00,2025/9/16 23:59:59 CT,2027-06-09,350-375,,,,,0.00,"{""325-350"": 0.0, ""350-375"": 0.0, ""375-400"": 0.0, ""400-425"": 0.0, ""425-450"": 0.0, ""450-475"": 0.0, ""475-500"": 0.0}",0.00,0.00,0.00,0.00,0.00,0.00,0.00,2025-09-16,,settlement_export
2025-09-16 10:00:00,2025/9/16 23:59:59 CT,2027-07-28,350-375,,,,,0.00,"{""325-350"": 0.0, ""350-375"": 0.0, ""375-400"": 0.0, ""400-425"": 0.0, ""425-450"": 0.0, ""450-475"": 0.0, ""475-500"": 0.0}",0.00,0.00,0.00,0.00,0.00,0.00,0.00,2025-09-16,,settlement_export
2025-09-16 10:00:00,2025/9/16 23:59:59 CT,2027-09-15,350-375,,,,,0.00,"{""325-350"": 0.0, ""350-375"": 0.0, ""375-400"": 0.0, ""400-425"": 0.0, ""425-450"": 0.0, ""450-475"": 0.0, ""475-500"": 0.0}",0.00,0.00,0.00,0.00,0.00,0.00,0.00,2025-09-16,,settlement_export
2025-09-16 10:00:00,2025/9/16 23:59:59 CT,2027-10-27,350-375,,,,,0.00,"{""325-350"": 0.0, ""350-375"": 0.0, ""375-400"": 0.0, ""400-425"": 0.0, ""425-450"": 0.0, ""450-475"": 0.0, ""475-500"": 0.0}",0.00,0.00,0.00,0.00,0.00,0.00,0.00,2025-09-16,,settlement_export
2025-09-16 10:00:00,2025/9/16 23:59:59 CT,2027-12-08,350-375,,,,,0.00,"{""325-350"": 0.0, ""350-375"": 0.0, ""375-400"": 0.0, ""400-425"": 0.0, ""425-450"": 0.0, ""450-475"": 0.0, ""475-500"": 0.0}",0.00,0.00,0.00,0.00,0.00,0.00,0.00,2025-09-16,,settlement_export
2025-09-17 10:00:00,2025/9/17 23:59:59 CT,2026-09-16,350-375,,,,300-325,30.09,"{""325-350"": 0.178666, ""350-375"": 0.053359, ""375-400"": 0.006477, ""400-425"": 0.000249, ""425-450"": 0.0, ""450-475"": 0.0, ""475-500"": 0.0}",17.87,5.34,0.65,0.02,0.00,0.00,0.00,2025-09-17,,settlement_export
2025-09-17 10:00:00,2025/9/17 23:59:59 CT,2026-10-28,350-375,,,,,0.00,"{""325-350"": 0.0, ""350-375"": 0.0, ""375-400"": 0.0, ""400-425"": 0.0, ""425-450"": 0.0, ""450-475"": 0.0, ""475-500"": 0.0}",0.00,0.00,0.00,0.00,0.00,0.00,0.00,2025-09-17,,settlement_export
2025-09-17 10:00:00,2025/9/17 23:59:59 CT,2026-12-09,350-375,,,,,0.00,"{""325-350"": 0.0, ""350-375"": 0.0, ""375-400"": 0.0, ""400-425"": 0.0, ""425-450"": 0.0, ""450-475"": 0.0, ""475-500"": 0.0}",0.00,0.00,0.00,0.00,0.00,0.00,0.00,2025-09-17,,settlement_export
2025-09-17 10:00:00,2025/9/17 23:59:59 CT,2027-01-27,350-375,,,,,0.00,"{""325-350"": 0.0, ""350-375"": 0.0, ""375-400"": 0.0, ""400-425"": 0.0, ""425-450"": 0.0, ""450-475"": 0.0, ""475-500"": 0.0}",0.00,0.00,0.00,0.00,0.00,0.00,0.00,2025-09-17,,settlement_export
2025-09-17 10:00:00,2025/9/17 23:59:59 CT,2027-03-17,350-375,,,,,0.00,"{""325-350"": 0.0, ""350-375"": 0.0, ""375-400"": 0.0, ""400-425"": 0.0, ""425-450"": 0.0, ""450-475"": 0.0, ""475-500"": 0.0}",0.00,0.00,0.00,0.00,0.00,0.00,0.00,2025-09-17,,settlement_export
2025-09-17 10:00:00,2025/9/17 23:59:59 CT,2027-04-28,350-375,,,,,0.00,"{""325-350"": 0.0, ""350-375"": 0.0, ""375-400"": 0.0, ""400-425"": 0.0, ""425-450"": 0.0, ""450-475"": 0.0, ""475-500"": 0.0}",0.00,0.00,0.00,0.00,0.00,0.00,0.00,2025-09-17,,settlement_export
2025-09-17 10:00:00,2025/9/17 23:59:59 CT,2027-06-09,350-375,,,,,0.00,"{""325-350"": 0.0, ""350-375"": 0.0, ""375-400"": 0.0, ""400-425"": 0.0, ""425-450"": 0.0, ""450-475"": 0.0, ""475-500"": 0.0}",0.00,0.00,0.00,0.00,0.00,0.00,0.00,2025-09-17,,settlement_export
2025-09-17 10:00:00,2025/9/17 23:59:59 CT,2027-07-28,350-375,,,,,0.00,"{""325-350"": 0.0, ""350-375"": 0.0, ""375-400"": 0.0, ""400-425"": 0.0, ""425-450"": 0.0, ""450-475"": 0.0, ""475-500"": 0.0}",0.00,0.00,0.00,0.00,0.00,0.00,0.00,2025-09-17,,settlement_export
2025-09-17 10:00:00,2025/9/17 23:59:59 CT,2027-09-15,350-375,,,,,0.00,"{""325-350"": 0.0, ""350-375"": 0.0, ""375-400"": 0.0, ""400-425"": 0.0, ""425-450"": 0.0, ""450-475"": 0.0, ""475-500"": 0.0}",0.00,0.00,0.00,0.00,0.00,0.00,0.00,2025-09-17,,settlement_export
2025-09-17 10:00:00,2025/9/17 23:59:59 CT,2027-10-27,350-375,,,,,0.00,"{""325-350"": 0.0, ""350-375"": 0.0, ""375-400"": 0.0, ""400-425"": 0.0, ""425-450"": 0.0, ""450-475"": 0.0, ""475-500"": 0.0}",0.00,0.00,0.00,0.00,0.00,0.00,0.00,2025-09-17,,settlement_export
2025-09-17 10:00:00,2025/9/17 23:59:59 CT,2027-12-08,350-375,,,,,0.00,"{""325-350"": 0.0, ""350-375"": 0.0, ""375-400"": 0.0, ""400-425"": 0.0, ""425-450"": 0.0, ""450-475"": 0.0, ""475-500"": 0.0}",0.00,0.00,0.00,0.00,0.00,0.00,0.00,2025-09-17,,settlement_export
2025-09-18 10:00:00,2025/9/18 23:59:59 CT,2026-09-16,350-375,,,,300-325,30.43,"{""325-350"": 0.18442, ""350-375"": 0.055907, ""375-400"": 0.006838, ""400-425"": 0.000277, ""425-450"": 0.0, ""450-475"": 0.0, ""475-500"": 0.0}",18.44,5.59,0.68,0.03,0.00,0.00,0.00,2025-09-18,,settlement_export
2025-09-18 10:00:00,2025/9/18 23:59:59 CT,2026-10-28,350-375,,,,300-325,28.84,"{""325-350"": 0.167346, ""350-375"": 0.049388, ""375-400"": 0.005966, ""400-425"": 0.000241, ""425-450"": 0.0, ""450-475"": 0.0, ""475-500"": 0.0}",16.73,4.94,0.60,0.02,0.00,0.00,0.00,2025-09-18,,settlement_export
2025-09-18 10:00:00,2025/9/18 23:59:59 CT,2026-12-09,350-375,,,,,0.00,"{""325-350"": 0.0, ""350-375"": 0.0, ""375-400"": 0.0, ""400-425"": 0.0, ""425-450"": 0.0, ""450-475"": 0.0, ""475-500"": 0.0}",0.00,0.00,0.00,0.00,0.00,0.00,0.00,2025-09-18,,settlement_export
2025-09-18 10:00:00,2025/9/18 23:59:59 CT,2027-01-27,350-375,,,,,0.00,"{""325-350"": 0.0, ""350-375"": 0.0, ""375-400"": 0.0, ""400-425"": 0.0, ""425-450"": 0.0, ""450-475"": 0.0, ""475-500"": 0.0}",0.00,0.00,0.00,0.00,0.00,0.00,0.00,2025-09-18,,settlement_export
2025-09-18 10:00:00,2025/9/18 23:59:59 CT,2027-03-17,350-375,,,,,0.00,"{""325-350"": 0.0, ""350-375"": 0.0, ""375-400"": 0.0, ""400-425"": 0.0, ""425-450"": 0.0, ""450-475"": 0.0, ""475-500"": 0.0}",0.00,0.00,0.00,0.00,0.00,0.00,0.00,2025-09-18,,settlement_export
2025-09-18 10:00:00,2025/9/18 23:59:59 CT,2027-04-28,350-375,,,,,0.00,"{""325-350"": 0.0, ""350-375"": 0.0, ""375-400"": 0.0, ""400-425"": 0.0, ""425-450"": 0.0, ""450-475"": 0.0, ""475-500"": 0.0}",0.00,0.00,0.00,0.00,0.00,0.00,0.00,2025-09-18,,settlement_export
2025-09-18 10:00:00,2025/9/18 23:59:59 CT,2027-06-09,350-375,,,,,0.00,"{""325-350"": 0.0, ""350-375"": 0.0, ""375-400"": 0.0, ""400-425"": 0.0, ""425-450"": 0.0, ""450-475"": 0.0, ""475-500"": 0.0}",0.00,0.00,0.00,0.00,0.00,0.00,0.00,2025-09-18,,settlement_export
2025-09-18 10:00:00,2025/9/18 23:59:59 CT,2027-07-28,350-375,,,,,0.00,"{""325-350"": 0.0, ""350-375"": 0.0, ""375-400"": 0.0, ""400-425"": 0.0, ""425-450"": 0.0, ""450-475"": 0.0, ""475-500"": 0.0}",0.00,0.00,0.00,0.00,0.00,0.00,0.00,2025-09-18,,settlement_export
2025-09-18 10:00:00,2025/9/18 23:59:59 CT,2027-09-15,350-375,,,,,0.00,"{""325-350"": 0.0, ""350-375"": 0.0, ""375-400"": 0.0, ""400-425"": 0.0, ""425-450"": 0.0, ""450-475"": 0.0, ""475-500"": 0.0}",0.00,0.00,0.00,0.00,0.00,0.00,0.00,2025-09-18,,settlement_export
2025-09-18 10:00:00,2025/9/18 23:59:59 CT,2027-10-27,350-375,,,,,0.00,"{""325-350"": 0.0, ""350-375"": 0.0, ""375-400"": 0.0, ""400-425"": 0.0, ""425-450"": 0.0, ""450-475"": 0.0, ""475-500"": 0.0}",0.00,0.00,0.00,0.00,0.00,0.00,0.00,2025-09-18,,settlement_export
2025-09-18 10:00:00,2025/9/18 23:59:59 CT,2027-12-08,350-375,,,,,0.00,"{""325-350"": 0.0, ""350-375"": 0.0, ""375-400"": 0.0, ""400-425"": 0.0, ""425-450"": 0.0, ""450-475"": 0.0, ""475-500"": 0.0}",0.00,0.00,0.00,0.00,0.00,0.00,0.00,2025-09-18,,settlement_export
2025-09-19 10:00:00,2025/9/19 23:59:59 CT,2026-09-16,350-375,,,,300-325,30.65,"{""325-350"": 0.199998, ""350-375"": 0.066814, ""375-400"": 0.009406, ""400-425"": 0.000429, ""425-450"": 0.0, ""450-475"": 0.0, ""475-500"": 0.0}",20.00,6.68,0.94,0.04,0.00,0.00,0.00,2025-09-19,,settlement_export
2025-09-19 10:00:00,2025/9/19 23:59:59 CT,2026-10-28,350-375,,,,300-325,29.23,"{""325-350"": 0.182304, ""350-375"": 0.059187, ""375-400"": 0.008213, ""400-425"": 0.000372, ""425-450"": 0.0, ""450-475"": 0.0, ""475-500"": 0.0}",18.23,5.92,0.82,0.04,0.00,0.00,0.00,2025-09-19,,settlement_export
2025-09-19 10:00:00,2025/9/19 23:59:59 CT,2026-12-09,350-375,,,,,0.00,"{""325-350"": 0.0, ""350-375"": 0.0, ""375-400"": 0.0, ""400-425"": 0.0, ""425-450"": 0.0, ""450-475"": 0.0, ""475-500"": 0.0}",0.00,0.00,0.00,0.00,0.00,0.00,0.00,2025-09-19,,settlement_export
2025-09-19 10:00:00,2025/9/19 23:59:59 CT,2027-01-27,350-375,,,,,0.00,"{""325-350"": 0.0, ""350-375"": 0.0, ""375-400"": 0.0, ""400-425"": 0.0, ""425-450"": 0.0, ""450-475"": 0.0, ""475-500"": 0.0}",0.00,0.00,0.00,0.00,0.00,0.00,0.00,2025-09-19,,settlement_export
2025-09-19 10:00:00,2025/9/19 23:59:59 CT,2027-03-17,350-375,,,,,0.00,"{""325-350"": 0.0, ""350-375"": 0.0, ""375-400"": 0.0, ""400-425"": 0.0, ""425-450"": 0.0, ""450-475"": 0.0, ""475-500"": 0.0}",0.00,0.00,0.00,0.00,0.00,0.00,0.00,2025-09-19,,settlement_export
2025-09-19 10:00:00,2025/9/19 23:59:59 CT,2027-04-28,350-375,,,,,0.00,"{""325-350"": 0.0, ""350-375"": 0.0, ""375-400"": 0.0, ""400-425"": 0.0, ""425-450"": 0.0, ""450-475"": 0.0, ""475-500"": 0.0}",0.00,0.00,0.00,0.00,0.00,0.00,0.00,2025-09-19,,settlement_export
2025-09-19 10:00:00,2025/9/19 23:59:59 CT,2027-06-09,350-375,,,,,0.00,"{""325-350"": 0.0, ""350-375"": 0.0, ""375-400"": 0.0, ""400-425"": 0.0, ""425-450"": 0.0, ""450-475"": 0.0, ""475-500"": 0.0}",0.00,0.00,0.00,0.00,0.00,0.00,0.00,2025-09-19,,settlement_export
2025-09-19 10:00:00,2025/9/19 23:59:59 CT,2027-07-28,350-375,,,,,0.00,"{""325-350"": 0.0, ""350-375"": 0.0, ""375-400"": 0.0, ""400-425"": 0.0, ""425-450"": 0.0, ""450-475"": 0.0, ""475-500"": 0.0}",0.00,0.00,0.00,0.00,0.00,0.00,0.00,2025-09-19,,settlement_export
2025-09-19 10:00:00,2025/9/19 23:59:59 CT,2027-09-15,350-375,,,,,0.00,"{""325-350"": 0.0, ""350-375"": 0.0, ""375-400"": 0.0, ""400-425"": 0.0, ""425-450"": 0.0, ""450-475"": 0.0, ""475-500"": 0.0}",0.00,0.00,0.00,0.00,0.00,0.00,0.00,2025-09-19,,settlement_export
2025-09-19 10:00:00,2025/9/19 23:59:59 CT,2027-10-27,350-375,,,,,0.00,"{""325-350"": 0.0, ""350-375"": 0.0, ""375-400"": 0.0, ""400-425"": 0.0, ""425-450"": 0.0, ""450-475"": 0.0, ""475-500"": 0.0}",0.00,0.00,0.00,0.00,0.00,0.00,0.00,2025-09-19,,settlement_export
2025-09-19 10:00:00,2025/9/19 23:59:59 CT,2027-12-08,350-375,,,,,0.00,"{""325-350"": 0.0, ""350-375"": 0.0, ""375-400"": 0.0, ""400-425"": 0.0, ""425-450"": 0.0, ""450-475"": 0.0, ""475-500"": 0.0}",0.00,0.00,0.00,0.00,0.00,0.00,0.00,2025-09-19,,settlement_export
2025-09-22 10:00:00,2025/9/22 23:59:59 CT,2026-09-16,350-375,,,,300-325,30.76,"{""325-350"": 0.215081, ""350-375"": 0.078241, ""375-400"": 0.012494, ""400-425"": 0.000678, ""425-450"": 0.0, ""450-475"": 0.0, ""475-500"": 0.0}",21.51,7.82,1.25,0.07,0.00,0.00,0.00,2025-09-22,,settlement_export
2025-09-22 10:00:00,2025/9/22 23:59:59 CT,2026-10-28,350-375,,,,300-325,29.53,"{""325-350"": 0.196901, ""350-375"": 0.069506, ""375-400"": 0.010924, ""400-425"": 0.000588, ""425-450"": 0.0, ""450-475"": 0.0, ""475-500"": 0.0}",19.69,6.95,1.09,0.06,0.00,0.00,0.00,2025-09-22,,settlement_export
2025-09-22 10:00:00,2025/9/22 23:59:59 CT,2026-12-09,350-375,,,,,0.00,"{""325-350"": 0.0, ""350-375"": 0.0, ""375-400"": 0.0, ""400-425"": 0.0, ""425-450"": 0.0, ""450-475"": 0.0, ""475-500"": 0.0}",0.00,0.00,0.00,0.00,0.00,0.00,0.00,2025-09-22,,settlement_export
2025-09-22 10:00:00,2025/9/22 23:59:59 CT,2027-01-27,350-375,,,,,0.00,"{""325-350"": 0.0, ""350-375"": 0.0, ""375-400"": 0.0, ""400-425"": 0.0, ""425-450"": 0.0, ""450-475"": 0.0, ""475-500"": 0.0}",0.00,0.00,0.00,0.00,0.00,0.00,0.00,2025-09-22,,settlement_export
2025-09-22 10:00:00,2025/9/22 23:59:59 CT,2027-03-17,350-375,,,,,0.00,"{""325-350"": 0.0, ""350-375"": 0.0, ""375-400"": 0.0, ""400-425"": 0.0, ""425-450"": 0.0, ""450-475"": 0.0, ""475-500"": 0.0}",0.00,0.00,0.00,0.00,0.00,0.00,0.00,2025-09-22,,settlement_export
2025-09-22 10:00:00,2025/9/22 23:59:59 CT,2027-04-28,350-375,,,,,0.00,"{""325-350"": 0.0, ""350-375"": 0.0, ""375-400"": 0.0, ""400-425"": 0.0, ""425-450"": 0.0, ""450-475"": 0.0, ""475-500"": 0.0}",0.00,0.00,0.00,0.00,0.00,0.00,0.00,2025-09-22,,settlement_export
2025-09-22 10:00:00,2025/9/22 23:59:59 CT,2027-06-09,350-375,,,,,0.00,"{""325-350"": 0.0, ""350-375"": 0.0, ""375-400"": 0.0, ""400-425"": 0.0, ""425-450"": 0.0, ""450-475"": 0.0, ""475-500"": 0.0}",0.00,0.00,0.00,0.00,0.00,0.00,0.00,2025-09-22,,settlement_export
2025-09-22 10:00:00,2025/9/22 23:59:59 CT,2027-07-28,350-375,,,,,0.00,"{""325-350"": 0.0, ""350-375"": 0.0, ""375-400"": 0.0, ""400-425"": 0.0, ""425-450"": 0.0, ""450-475"": 0.0, ""475-500"": 0.0}",0.00,0.00,0.00,0.00,0.00,0.00,0.00,2025-09-22,,settlement_export
2025-09-22 10:00:00,2025/9/22 23:59:59 CT,2027-09-15,350-375,,,,,0.00,"{""325-350"": 0.0, ""350-375"": 0.0, ""375-400"": 0.0, ""400-425"": 0.0, ""425-450"": 0.0, ""450-475"": 0.0, ""475-500"": 0.0}",0.00,0.00,0.00,0.00,0.00,0.00,0.00,2025-09-22,,settlement_export
2025-09-22 10:00:00,2025/9/22 23:59:59 CT,2027-10-27,350-375,,,,,0.00,"{""325-350"": 0.0, ""350-375"": 0.0, ""375-400"": 0.0, ""400-425"": 0.0, ""425-450"": 0.0, ""450-475"": 0.0, ""475-500"": 0.0}",0.00,0.00,0.00,0.00,0.00,0.00,0.00,2025-09-22,,settlement_export
2025-09-22 10:00:00,2025/9/22 23:59:59 CT,2027-12-08,350-375,,,,,0.00,"{""325-350"": 0.0, ""350-375"": 0.0, ""375-400"": 0.0, ""400-425"": 0.0, ""425-450"": 0.0, ""450-475"": 0.0, ""475-500"": 0.0}",0.00,0.00,0.00,0.00,0.00,0.00,0.00,2025-09-22,,settlement_export
2025-09-23 10:00:00,2025/9/23 23:59:59 CT,2026-09-16,350-375,,,,300-325,30.84,"{""325-350"": 0.21493, ""350-375"": 0.077774, ""375-400"": 0.012229, ""400-425"": 0.000602, ""425-450"": 0.0, ""450-475"": 0.0, ""475-500"": 0.0}",21.49,7.78,1.22,0.06,0.00,0.00,0.00,2025-09-23,,settlement_export
2025-09-23 10:00:00,2025/9/23 23:59:59 CT,2026-10-28,350-375,,,,300-325,29.60,"{""325-350"": 0.196708, ""350-375"": 0.069066, ""375-400"": 0.010684, ""400-425"": 0.000522, ""425-450"": 0.0, ""450-475"": 0.0, ""475-500"": 0.0}",19.67,6.91,1.07,0.05,0.00,0.00,0.00,2025-09-23,,settlement_export
2025-09-23 10:00:00,2025/9/23 23:59:59 CT,2026-12-09,350-375,,,,,0.00,"{""325-350"": 0.0, ""350-375"": 0.0, ""375-400"": 0.0, ""400-425"": 0.0, ""425-450"": 0.0, ""450-475"": 0.0, ""475-500"": 0.0}",0.00,0.00,0.00,0.00,0.00,0.00,0.00,2025-09-23,,settlement_export
2025-09-23 10:00:00,2025/9/23 23:59:59 CT,2027-01-27,350-375,,,,,0.00,"{""325-350"": 0.0, ""350-375"": 0.0, ""375-400"": 0.0, ""400-425"": 0.0, ""425-450"": 0.0, ""450-475"": 0.0, ""475-500"": 0.0}",0.00,0.00,0.00,0.00,0.00,0.00,0.00,2025-09-23,,settlement_export
2025-09-23 10:00:00,2025/9/23 23:59:59 CT,2027-03-17,350-375,,,,,0.00,"{""325-350"": 0.0, ""350-375"": 0.0, ""375-400"": 0.0, ""400-425"": 0.0, ""425-450"": 0.0, ""450-475"": 0.0, ""475-500"": 0.0}",0.00,0.00,0.00,0.00,0.00,0.00,0.00,2025-09-23,,settlement_export
2025-09-23 10:00:00,2025/9/23 23:59:59 CT,2027-04-28,350-375,,,,,0.00,"{""325-350"": 0.0, ""350-375"": 0.0, ""375-400"": 0.0, ""400-425"": 0.0, ""425-450"": 0.0, ""450-475"": 0.0, ""475-500"": 0.0}",0.00,0.00,0.00,0.00,0.00,0.00,0.00,2025-09-23,,settlement_export
2025-09-23 10:00:00,2025/9/23 23:59:59 CT,2027-06-09,350-375,,,,,0.00,"{""325-350"": 0.0, ""350-375"": 0.0, ""375-400"": 0.0, ""400-425"": 0.0, ""425-450"": 0.0, ""450-475"": 0.0, ""475-500"": 0.0}",0.00,0.00,0.00,0.00,0.00,0.00,0.00,2025-09-23,,settlement_export
2025-09-23 10:00:00,2025/9/23 23:59:59 CT,2027-07-28,350-375,,,,,0.00,"{""325-350"": 0.0, ""350-375"": 0.0, ""375-400"": 0.0, ""400-425"": 0.0, ""425-450"": 0.0, ""450-475"": 0.0, ""475-500"": 0.0}",0.00,0.00,0.00,0.00,0.00,0.00,0.00,2025-09-23,,settlement_export
2025-09-23 10:00:00,2025/9/23 23:59:59 CT,2027-09-15,350-375,,,,,0.00,"{""325-350"": 0.0, ""350-375"": 0.0, ""375-400"": 0.0, ""400-425"": 0.0, ""425-450"": 0.0, ""450-475"": 0.0, ""475-500"": 0.0}",0.00,0.00,0.00,0.00,0.00,0.00,0.00,2025-09-23,,settlement_export
2025-09-23 10:00:00,2025/9/23 23:59:59 CT,2027-10-27,350-375,,,,,0.00,"{""325-350"": 0.0, ""350-375"": 0.0, ""375-400"": 0.0, ""400-425"": 0.0, ""425-450"": 0.0, ""450-475"": 0.0, ""475-500"": 0.0}",0.00,0.00,0.00,0.00,0.00,0.00,0.00,2025-09-23,,settlement_export
2025-09-23 10:00:00,2025/9/23 23:59:59 CT,2027-12-08,350-375,,,,,0.00,"{""325-350"": 0.0, ""350-375"": 0.0, ""375-400"": 0.0, ""400-425"": 0.0, ""425-450"": 0.0, ""450-475"": 0.0, ""475-500"": 0.0}",0.00,0.00,0.00,0.00,0.00,0.00,0.00,2025-09-23,,settlement_export
2025-09-24 10:00:00,2025/9/24 23:59:59 CT,2026-09-16,350-375,,,,300-325,30.81,"{""325-350"": 0.227009, ""350-375"": 0.087531, ""375-400"": 0.014735, ""400-425"": 0.000755, ""425-450"": 0.0, ""450-475"": 0.0, ""475-500"": 0.0}",22.70,8.75,1.47,0.08,0.00,0.00,0.00,2025-09-24,,settlement_export
2025-09-24 10:00:00,2025/9/24 23:59:59 CT,2026-10-28,350-375,,,,300-325,29.73,"{""325-350"": 0.208479, ""350-375"": 0.077859, ""375-400"": 0.012877, ""400-425"": 0.000655, ""425-450"": 0.0, ""450-475"": 0.0, ""475-500"": 0.0}",20.85,7.79,1.29,0.07,0.00,0.00,0.00,2025-09-24,,settlement_export
2025-09-24 10:00:00,2025/9/24 23:59:59 CT,2026-12-09,350-375,,,,,0.00,"{""325-350"": 0.0, ""350-375"": 0.0, ""375-400"": 0.0, ""400-425"": 0.0, ""425-450"": 0.0, ""450-475"": 0.0, ""475-500"": 0.0}",0.00,0.00,0.00,0.00,0.00,0.00,0.00,2025-09-24,,settlement_export
2025-09-24 10:00:00,2025/9/24 23:59:59 CT,2027-01-27,350-375,,,,,0.00,"{""325-350"": 0.0, ""350-375"": 0.0, ""375-400"": 0.0, ""400-425"": 0.0, ""425-450"": 0.0, ""450-475"": 0.0, ""475-500"": 0.0}",0.00,0.00,0.00,0.00,0.00,0.00,0.00,2025-09-24,,settlement_export
2025-09-24 10:00:00,2025/9/24 23:59:59 CT,2027-03-17,350-375,,,,,0.00,"{""325-350"": 0.0, ""350-375"": 0.0, ""375-400"": 0.0, ""400-425"": 0.0, ""425-450"": 0.0, ""450-475"": 0.0, ""475-500"": 0.0}",0.00,0.00,0.00,0.00,0.00,0.00,0.00,2025-09-24,,settlement_export
2025-09-24 10:00:00,2025/9/24 23:59:59 CT,2027-04-28,350-375,,,,,0.00,"{""325-350"": 0.0, ""350-375"": 0.0, ""375-400"": 0.0, ""400-425"": 0.0, ""425-450"": 0.0, ""450-475"": 0.0, ""475-500"": 0.0}",0.00,0.00,0.00,0.00,0.00,0.00,0.00,2025-09-24,,settlement_export
2025-09-24 10:00:00,2025/9/24 23:59:59 CT,2027-06-09,350-375,,,,,0.00,"{""325-350"": 0.0, ""350-375"": 0.0, ""375-400"": 0.0, ""400-425"": 0.0, ""425-450"": 0.0, ""450-475"": 0.0, ""475-500"": 0.0}",0.00,0.00,0.00,0.00,0.00,0.00,0.00,2025-09-24,,settlement_export
2025-09-24 10:00:00,2025/9/24 23:59:59 CT,2027-07-28,350-375,,,,,0.00,"{""325-350"": 0.0, ""350-375"": 0.0, ""375-400"": 0.0, ""400-425"": 0.0, ""425-450"": 0.0, ""450-475"": 0.0, ""475-500"": 0.0}",0.00,0.00,0.00,0.00,0.00,0.00,0.00,2025-09-24,,settlement_export
2025-09-24 10:00:00,2025/9/24 23:59:59 CT,2027-09-15,350-375,,,,,0.00,"{""325-350"": 0.0, ""350-375"": 0.0, ""375-400"": 0.0, ""400-425"": 0.0, ""425-450"": 0.0, ""450-475"": 0.0, ""475-500"": 0.0}",0.00,0.00,0.00,0.00,0.00,0.00,0.00,2025-09-24,,settlement_export
2025-09-24 10:00:00,2025/9/24 23:59:59 CT,2027-10-27,350-375,,,,,0.00,"{""325-350"": 0.0, ""350-375"": 0.0, ""375-400"": 0.0, ""400-425"": 0.0, ""425-450"": 0.0, ""450-475"": 0.0, ""475-500"": 0.0}",0.00,0.00,0.00,0.00,0.00,0.00,0.00,2025-09-24,,settlement_export
2025-09-24 10:00:00,2025/9/24 23:59:59 CT,2027-12-08,350-375,,,,,0.00,"{""325-350"": 0.0, ""350-375"": 0.0, ""375-400"": 0.0, ""400-425"": 0.0, ""425-450"": 0.0, ""450-475"": 0.0, ""475-500"": 0.0}",0.00,0.00,0.00,0.00,0.00,0.00,0.00,2025-09-24,,settlement_export
2025-09-25 10:00:00,2025/9/25 23:59:59 CT,2026-09-16,350-375,,,,300-325,29.35,"{""325-350"": 0.27377, ""350-375"": 0.139123, ""375-400"": 0.03376, ""400-425"": 0.002839, ""425-450"": 0.0, ""450-475"": 0.0, ""475-500"": 0.0}",27.38,13.91,3.38,0.28,0.00,0.00,0.00,2025-09-25,,settlement_export
2025-09-25 10:00:00,2025/9/25 23:59:59 CT,2026-10-28,350-375,,,,300-325,29.09,"{""325-350"": 0.255881, ""350-375"": 0.125125, ""375-400"": 0.029652, ""400-425"": 0.002462, ""425-450"": 0.0, ""450-475"": 0.0, ""475-500"": 0.0}",25.59,12.51,2.97,0.25,0.00,0.00,0.00,2025-09-25,,settlement_export
2025-09-25 10:00:00,2025/9/25 23:59:59 CT,2026-12-09,350-375,,,,,0.00,"{""325-350"": 0.0, ""350-375"": 0.0, ""375-400"": 0.0, ""400-425"": 0.0, ""425-450"": 0.0, ""450-475"": 0.0, ""475-500"": 0.0}",0.00,0.00,0.00,0.00,0.00,0.00,0.00,2025-09-25,,settlement_export
2025-09-25 10:00:00,2025/9/25 23:59:59 CT,2027-01-27,350-375,,,,,0.00,"{""325-350"": 0.0, ""350-375"": 0.0, ""375-400"": 0.0, ""400-425"": 0.0, ""425-450"": 0.0, ""450-475"": 0.0, ""475-500"": 0.0}",0.00,0.00,0.00,0.00,0.00,0.00,0.00,2025-09-25,,settlement_export
2025-09-25 10:00:00,2025/9/25 23:59:59 CT,2027-03-17,350-375,,,,,0.00,"{""325-350"": 0.0, ""350-375"": 0.0, ""375-400"": 0.0, ""400-425"": 0.0, ""425-450"": 0.0, ""450-475"": 0.0, ""475-500"": 0.0}",0.00,0.00,0.00,0.00,0.00,0.00,0.00,2025-09-25,,settlement_export
2025-09-25 10:00:00,2025/9/25 23:59:59 CT,2027-04-28,350-375,,,,,0.00,"{""325-350"": 0.0, ""350-375"": 0.0, ""375-400"": 0.0, ""400-425"": 0.0, ""425-450"": 0.0, ""450-475"": 0.0, ""475-500"": 0.0}",0.00,0.00,0.00,0.00,0.00,0.00,0.00,2025-09-25,,settlement_export
2025-09-25 10:00:00,2025/9/25 23:59:59 CT,2027-06-09,350-375,,,,,0.00,"{""325-350"": 0.0, ""350-375"": 0.0, ""375-400"": 0.0, ""400-425"": 0.0, ""425-450"": 0.0, ""450-475"": 0.0, ""475-500"": 0.0}",0.00,0.00,0.00,0.00,0.00,0.00,0.00,2025-09-25,,settlement_export
2025-09-25 10:00:00,2025/9/25 23:59:59 CT,2027-07-28,350-375,,,,,0.00,"{""325-350"": 0.0, ""350-375"": 0.0, ""375-400"": 0.0, ""400-425"": 0.0, ""425-450"": 0.0, ""450-475"": 0.0, ""475-500"": 0.0}",0.00,0.00,0.00,0.00,0.00,0.00,0.00,2025-09-25,,settlement_export
2025-09-25 10:00:00,2025/9/25 23:59:59 CT,2027-09-15,350-375,,,,,0.00,"{""325-350"": 0.0, ""350-375"": 0.0, ""375-400"": 0.0, ""400-425"": 0.0, ""425-450"": 0.0, ""450-475"": 0.0, ""475-500"": 0.0}",0.00,0.00,0.00,0.00,0.00,0.00,0.00,2025-09-25,,settlement_export
2025-09-25 10:00:00,2025/9/25 23:59:59 CT,2027-10-27,350-375,,,,,0.00,"{""325-350"": 0.0, ""350-375"": 0.0, ""375-400"": 0.0, ""400-425"": 0.0, ""425-450"": 0.0, ""450-475"": 0.0, ""475-500"": 0.0}",0.00,0.00,0.00,0.00,0.00,0.00,0.00,2025-09-25,,settlement_export
2025-09-25 10:00:00,2025/9/25 23:59:59 CT,2027-12-08,350-375,,,,,0.00,"{""325-350"": 0.0, ""350-375"": 0.0, ""375-400"": 0.0, ""400-425"": 0.0, ""425-450"": 0.0, ""450-475"": 0.0, ""475-500"": 0.0}",0.00,0.00,0.00,0.00,0.00,0.00,0.00,2025-09-25,,settlement_export
2025-09-26 10:00:00,2025/9/26 23:59:59 CT,2026-09-16,350-375,,,,300-325,29.98,"{""325-350"": 0.266839, ""350-375"": 0.127084, ""375-400"": 0.027904, ""400-425"": 0.002047, ""425-450"": 0.0, ""450-475"": 0.0, ""475-500"": 0.0}",26.68,12.71,2.79,0.20,0.00,0.00,0.00,2025-09-26,,settlement_export
2025-09-26 10:00:00,2025/9/26 23:59:59 CT,2026-10-28,350-375,,,,300-325,29.54,"{""325-350"": 0.248271, ""350-375"": 0.113907, ""375-400"": 0.024469, ""400-425"": 0.001775, ""425-450"": 0.0, ""450-475"": 0.0, ""475-500"": 0.0}",24.83,11.39,2.45,0.18,0.00,0.00,0.00,2025-09-26,,settlement_export
2025-09-26 10:00:00,2025/9/26 23:59:59 CT,2026-12-09,350-375,,,,,0.00,"{""325-350"": 0.0, ""350-375"": 0.0, ""375-400"": 0.0, ""400-425"": 0.0, ""425-450"": 0.0, ""450-475"": 0.0, ""475-500"": 0.0}",0.00,0.00,0.00,0.00,0.00,0.00,0.00,2025-09-26,,settlement_export
2025-09-26 10:00:00,2025/9/26 23:59:59 CT,2027-01-27,350-375,,,,,0.00,"{""325-350"": 0.0, ""350-375"": 0.0, ""375-400"": 0.0, ""400-425"": 0.0, ""425-450"": 0.0, ""450-475"": 0.0, ""475-500"": 0.0}",0.00,0.00,0.00,0.00,0.00,0.00,0.00,2025-09-26,,settlement_export
2025-09-26 10:00:00,2025/9/26 23:59:59 CT,2027-03-17,350-375,,,,,0.00,"{""325-350"": 0.0, ""350-375"": 0.0, ""375-400"": 0.0, ""400-425"": 0.0, ""425-450"": 0.0, ""450-475"": 0.0, ""475-500"": 0.0}",0.00,0.00,0.00,0.00,0.00,0.00,0.00,2025-09-26,,settlement_export
2025-09-26 10:00:00,2025/9/26 23:59:59 CT,2027-04-28,350-375,,,,,0.00,"{""325-350"": 0.0, ""350-375"": 0.0, ""375-400"": 0.0, ""400-425"": 0.0, ""425-450"": 0.0, ""450-475"": 0.0, ""475-500"": 0.0}",0.00,0.00,0.00,0.00,0.00,0.00,0.00,2025-09-26,,settlement_export
2025-09-26 10:00:00,2025/9/26 23:59:59 CT,2027-06-09,350-375,,,,,0.00,"{""325-350"": 0.0, ""350-375"": 0.0, ""375-400"": 0.0, ""400-425"": 0.0, ""425-450"": 0.0, ""450-475"": 0.0, ""475-500"": 0.0}",0.00,0.00,0.00,0.00,0.00,0.00,0.00,2025-09-26,,settlement_export
2025-09-26 10:00:00,2025/9/26 23:59:59 CT,2027-07-28,350-375,,,,,0.00,"{""325-350"": 0.0, ""350-375"": 0.0, ""375-400"": 0.0, ""400-425"": 0.0, ""425-450"": 0.0, ""450-475"": 0.0, ""475-500"": 0.0}",0.00,0.00,0.00,0.00,0.00,0.00,0.00,2025-09-26,,settlement_export
2025-09-26 10:00:00,2025/9/26 23:59:59 CT,2027-09-15,350-375,,,,,0.00,"{""325-350"": 0.0, ""350-375"": 0.0, ""375-400"": 0.0, ""400-425"": 0.0, ""425-450"": 0.0, ""450-475"": 0.0, ""475-500"": 0.0}",0.00,0.00,0.00,0.00,0.00,0.00,0.00,2025-09-26,,settlement_export
2025-09-26 10:00:00,2025/9/26 23:59:59 CT,2027-10-27,350-375,,,,,0.00,"{""325-350"": 0.0, ""350-375"": 0.0, ""375-400"": 0.0, ""400-425"": 0.0, ""425-450"": 0.0, ""450-475"": 0.0, ""475-500"": 0.0}",0.00,0.00,0.00,0.00,0.00,0.00,0.00,2025-09-26,,settlement_export
2025-09-26 10:00:00,2025/9/26 23:59:59 CT,2027-12-08,350-375,,,,,0.00,"{""325-350"": 0.0, ""350-375"": 0.0, ""375-400"": 0.0, ""400-425"": 0.0, ""425-450"": 0.0, ""450-475"": 0.0, ""475-500"": 0.0}",0.00,0.00,0.00,0.00,0.00,0.00,0.00,2025-09-26,,settlement_export
2025-09-29 10:00:00,2025/9/29 23:59:59 CT,2026-09-16,350-375,,,,300-325,30.33,"{""325-350"": 0.262734, ""350-375"": 0.120775, ""375-400"": 0.02511, ""400-425"": 0.001633, ""425-450"": 0.0, ""450-475"": 0.0, ""475-500"": 0.0}",26.27,12.08,2.51,0.16,0.00,0.00,0.00,2025-09-29,,settlement_export
2025-09-29 10:00:00,2025/9/29 23:59:59 CT,2026-10-28,350-375,,,,300-325,29.79,"{""325-350"": 0.243874, ""350-375"": 0.108065, ""375-400"": 0.021991, ""400-425"": 0.001416, ""425-450"": 0.0, ""450-475"": 0.0, ""475-500"": 0.0}",24.39,10.81,2.20,0.14,0.00,0.00,0.00,2025-09-29,,settlement_export
2025-09-29 10:00:00,2025/9/29 23:59:59 CT,2026-12-09,350-375,,,,,0.00,"{""325-350"": 0.0, ""350-375"": 0.0, ""375-400"": 0.0, ""400-425"": 0.0, ""425-450"": 0.0, ""450-475"": 0.0, ""475-500"": 0.0}",0.00,0.00,0.00,0.00,0.00,0.00,0.00,2025-09-29,,settlement_export
2025-09-29 10:00:00,2025/9/29 23:59:59 CT,2027-01-27,350-375,,,,,0.00,"{""325-350"": 0.0, ""350-375"": 0.0, ""375-400"": 0.0, ""400-425"": 0.0, ""425-450"": 0.0, ""450-475"": 0.0, ""475-500"": 0.0}",0.00,0.00,0.00,0.00,0.00,0.00,0.00,2025-09-29,,settlement_export
2025-09-29 10:00:00,2025/9/29 23:59:59 CT,2027-03-17,350-375,,,,,0.00,"{""325-350"": 0.0, ""350-375"": 0.0, ""375-400"": 0.0, ""400-425"": 0.0, ""425-450"": 0.0, ""450-475"": 0.0, ""475-500"": 0.0}",0.00,0.00,0.00,0.00,0.00,0.00,0.00,2025-09-29,,settlement_export
2025-09-29 10:00:00,2025/9/29 23:59:59 CT,2027-04-28,350-375,,,,,0.00,"{""325-350"": 0.0, ""350-375"": 0.0, ""375-400"": 0.0, ""400-425"": 0.0, ""425-450"": 0.0, ""450-475"": 0.0, ""475-500"": 0.0}",0.00,0.00,0.00,0.00,0.00,0.00,0.00,2025-09-29,,settlement_export
2025-09-29 10:00:00,2025/9/29 23:59:59 CT,2027-06-09,350-375,,,,,0.00,"{""325-350"": 0.0, ""350-375"": 0.0, ""375-400"": 0.0, ""400-425"": 0.0, ""425-450"": 0.0, ""450-475"": 0.0, ""475-500"": 0.0}",0.00,0.00,0.00,0.00,0.00,0.00,0.00,2025-09-29,,settlement_export
2025-09-29 10:00:00,2025/9/29 23:59:59 CT,2027-07-28,350-375,,,,,0.00,"{""325-350"": 0.0, ""350-375"": 0.0, ""375-400"": 0.0, ""400-425"": 0.0, ""425-450"": 0.0, ""450-475"": 0.0, ""475-500"": 0.0}",0.00,0.00,0.00,0.00,0.00,0.00,0.00,2025-09-29,,settlement_export
2025-09-29 10:00:00,2025/9/29 23:59:59 CT,2027-09-15,350-375,,,,,0.00,"{""325-350"": 0.0, ""350-375"": 0.0, ""375-400"": 0.0, ""400-425"": 0.0, ""425-450"": 0.0, ""450-475"": 0.0, ""475-500"": 0.0}",0.00,0.00,0.00,0.00,0.00,0.00,0.00,2025-09-29,,settlement_export
2025-09-29 10:00:00,2025/9/29 23:59:59 CT,2027-10-27,350-375,,,,,0.00,"{""325-350"": 0.0, ""350-375"": 0.0, ""375-400"": 0.0, ""400-425"": 0.0, ""425-450"": 0.0, ""450-475"": 0.0, ""475-500"": 0.0}",0.00,0.00,0.00,0.00,0.00,0.00,0.00,2025-09-29,,settlement_export
2025-09-29 10:00:00,2025/9/29 23:59:59 CT,2027-12-08,350-375,,,,,0.00,"{""325-350"": 0.0, ""350-375"": 0.0, ""375-400"": 0.0, ""400-425"": 0.0, ""425-450"": 0.0, ""450-475"": 0.0, ""475-500"": 0.0}",0.00,0.00,0.00,0.00,0.00,0.00,0.00,2025-09-29,,settlement_export
2025-09-30 10:00:00,2025/9/30 23:59:59 CT,2026-09-16,350-375,,,,300-325,31.54,"{""325-350"": 0.243384, ""350-375"": 0.09364, ""375-400"": 0.013937, ""400-425"": 0.000418, ""425-450"": 0.0, ""450-475"": 0.0, ""475-500"": 0.0}",24.34,9.36,1.39,0.04,0.00,0.00,0.00,2025-09-30,,settlement_export
2025-09-30 10:00:00,2025/9/30 23:59:59 CT,2026-10-28,350-375,,,,300-325,30.59,"{""325-350"": 0.223489, ""350-375"": 0.083051, ""375-400"": 0.012141, ""400-425"": 0.000363, ""425-450"": 0.0, ""450-475"": 0.0, ""475-500"": 0.0}",22.35,8.31,1.21,0.04,0.00,0.00,0.00,2025-09-30,,settlement_export
2025-09-30 10:00:00,2025/9/30 23:59:59 CT,2026-12-09,350-375,,,,,0.00,"{""325-350"": 0.0, ""350-375"": 0.0, ""375-400"": 0.0, ""400-425"": 0.0, ""425-450"": 0.0, ""450-475"": 0.0, ""475-500"": 0.0}",0.00,0.00,0.00,0.00,0.00,0.00,0.00,2025-09-30,,settlement_export
2025-09-30 10:00:00,2025/9/30 23:59:59 CT,2027-01-27,350-375,,,,,0.00,"{""325-350"": 0.0, ""350-375"": 0.0, ""375-400"": 0.0, ""400-425"": 0.0, ""425-450"": 0.0, ""450-475"": 0.0, ""475-500"": 0.0}",0.00,0.00,0.00,0.00,0.00,0.00,0.00,2025-09-30,,settlement_export
2025-09-30 10:00:00,2025/9/30 23:59:59 CT,2027-03-17,350-375,,,,,0.00,"{""325-350"": 0.0, ""350-375"": 0.0, ""375-400"": 0.0, ""400-425"": 0.0, ""425-450"": 0.0, ""450-475"": 0.0, ""475-500"": 0.0}",0.00,0.00,0.00,0.00,0.00,0.00,0.00,2025-09-30,,settlement_export
2025-09-30 10:00:00,2025/9/30 23:59:59 CT,2027-04-28,350-375,,,,,0.00,"{""325-350"": 0.0, ""350-375"": 0.0, ""375-400"": 0.0, ""400-425"": 0.0, ""425-450"": 0.0, ""450-475"": 0.0, ""475-500"": 0.0}",0.00,0.00,0.00,0.00,0.00,0.00,0.00,2025-09-30,,settlement_export
2025-09-30 10:00:00,2025/9/30 23:59:59 CT,2027-06-09,350-375,,,,,0.00,"{""325-350"": 0.0, ""350-375"": 0.0, ""375-400"": 0.0, ""400-425"": 0.0, ""425-450"": 0.0, ""450-475"": 0.0, ""475-500"": 0.0}",0.00,0.00,0.00,0.00,0.00,0.00,0.00,2025-09-30,,settlement_export
2025-09-30 10:00:00,2025/9/30 23:59:59 CT,2027-07-28,350-375,,,,,0.00,"{""325-350"": 0.0, ""350-375"": 0.0, ""375-400"": 0.0, ""400-425"": 0.0, ""425-450"": 0.0, ""450-475"": 0.0, ""475-500"": 0.0}",0.00,0.00,0.00,0.00,0.00,0.00,0.00,2025-09-30,,settlement_export
2025-09-30 10:00:00,2025/9/30 23:59:59 CT,2027-09-15,350-375,,,,,0.00,"{""325-350"": 0.0, ""350-375"": 0.0, ""375-400"": 0.0, ""400-425"": 0.0, ""425-450"": 0.0, ""450-475"": 0.0, ""475-500"": 0.0}",0.00,0.00,0.00,0.00,0.00,0.00,0.00,2025-09-30,,settlement_export
2025-09-30 10:00:00,2025/9/30 23:59:59 CT,2027-10-27,350-375,,,,,0.00,"{""325-350"": 0.0, ""350-375"": 0.0, ""375-400"": 0.0, ""400-425"": 0.0, ""425-450"": 0.0, ""450-475"": 0.0, ""475-500"": 0.0}",0.00,0.00,0.00,0.00,0.00,0.00,0.00,2025-09-30,,settlement_export
2025-09-30 10:00:00,2025/9/30 23:59:59 CT,2027-12-08,350-375,,,,,0.00,"{""325-350"": 0.0, ""350-375"": 0.0, ""375-400"": 0.0, ""400-425"": 0.0, ""425-450"": 0.0, ""450-475"": 0.0, ""475-500"": 0.0}",0.00,0.00,0.00,0.00,0.00,0.00,0.00,2025-09-30,,settlement_export
2025-10-01 10:00:00,2025/10/1 23:59:59 CT,2026-09-16,350-375,,,,300-325,31.94,"{""325-350"": 0.206626, ""350-375"": 0.061274, ""375-400"": 0.004986, ""400-425"": 2.7e-05, ""425-450"": 0.0, ""450-475"": 0.0, ""475-500"": 0.0}",20.66,6.13,0.50,0.00,0.00,0.00,0.00,2025-10-01,,settlement_export
2025-10-01 10:00:00,2025/10/1 23:59:59 CT,2026-10-28,350-375,,,,300-325,30.44,"{""325-350"": 0.187315, ""350-375"": 0.053796, ""375-400"": 0.004327, ""400-425"": 2.4e-05, ""425-450"": 0.0, ""450-475"": 0.0, ""475-500"": 0.0}",18.73,5.38,0.43,0.00,0.00,0.00,0.00,2025-10-01,,settlement_export
2025-10-01 10:00:00,2025/10/1 23:59:59 CT,2026-12-09,350-375,,,,,0.00,"{""325-350"": 0.0, ""350-375"": 0.0, ""375-400"": 0.0, ""400-425"": 0.0, ""425-450"": 0.0, ""450-475"": 0.0, ""475-500"": 0.0}",0.00,0.00,0.00,0.00,0.00,0.00,0.00,2025-10-01,,settlement_export
2025-10-01 10:00:00,2025/10/1 23:59:59 CT,2027-01-27,350-375,,,,,0.00,"{""325-350"": 0.0, ""350-375"": 0.0, ""375-400"": 0.0, ""400-425"": 0.0, ""425-450"": 0.0, ""450-475"": 0.0, ""475-500"": 0.0}",0.00,0.00,0.00,0.00,0.00,0.00,0.00,2025-10-01,,settlement_export
2025-10-01 10:00:00,2025/10/1 23:59:59 CT,2027-03-17,350-375,,,,,0.00,"{""325-350"": 0.0, ""350-375"": 0.0, ""375-400"": 0.0, ""400-425"": 0.0, ""425-450"": 0.0, ""450-475"": 0.0, ""475-500"": 0.0}",0.00,0.00,0.00,0.00,0.00,0.00,0.00,2025-10-01,,settlement_export
2025-10-01 10:00:00,2025/10/1 23:59:59 CT,2027-04-28,350-375,,,,,0.00,"{""325-350"": 0.0, ""350-375"": 0.0, ""375-400"": 0.0, ""400-425"": 0.0, ""425-450"": 0.0, ""450-475"": 0.0, ""475-500"": 0.0}",0.00,0.00,0.00,0.00,0.00,0.00,0.00,2025-10-01,,settlement_export
2025-10-01 10:00:00,2025/10/1 23:59:59 CT,2027-06-09,350-375,,,,,0.00,"{""325-350"": 0.0, ""350-375"": 0.0, ""375-400"": 0.0, ""400-425"": 0.0, ""425-450"": 0.0, ""450-475"": 0.0, ""475-500"": 0.0}",0.00,0.00,0.00,0.00,0.00,0.00,0.00,2025-10-01,,settlement_export
2025-10-01 10:00:00,2025/10/1 23:59:59 CT,2027-07-28,350-375,,,,,0.00,"{""325-350"": 0.0, ""350-375"": 0.0, ""375-400"": 0.0, ""400-425"": 0.0, ""425-450"": 0.0, ""450-475"": 0.0, ""475-500"": 0.0}",0.00,0.00,0.00,0.00,0.00,0.00,0.00,2025-10-01,,settlement_export
2025-10-01 10:00:00,2025/10/1 23:59:59 CT,2027-09-15,350-375,,,,,0.00,"{""325-350"": 0.0, ""350-375"": 0.0, ""375-400"": 0.0, ""400-425"": 0.0, ""425-450"": 0.0, ""450-475"": 0.0, ""475-500"": 0.0}",0.00,0.00,0.00,0.00,0.00,0.00,0.00,2025-10-01,,settlement_export
2025-10-01 10:00:00,2025/10/1 23:59:59 CT,2027-10-27,350-375,,,,,0.00,"{""325-350"": 0.0, ""350-375"": 0.0, ""375-400"": 0.0, ""400-425"": 0.0, ""425-450"": 0.0, ""450-475"": 0.0, ""475-500"": 0.0}",0.00,0.00,0.00,0.00,0.00,0.00,0.00,2025-10-01,,settlement_export
2025-10-01 10:00:00,2025/10/1 23:59:59 CT,2027-12-08,350-375,,,,,0.00,"{""325-350"": 0.0, ""350-375"": 0.0, ""375-400"": 0.0, ""400-425"": 0.0, ""425-450"": 0.0, ""450-475"": 0.0, ""475-500"": 0.0}",0.00,0.00,0.00,0.00,0.00,0.00,0.00,2025-10-01,,settlement_export
2025-10-02 10:00:00,2025/10/2 23:59:59 CT,2026-09-16,350-375,,,,300-325,31.61,"{""325-350"": 0.202074, ""350-375"": 0.059422, ""375-400"": 0.004689, ""400-425"": 6.3e-05, ""425-450"": 0.0, ""450-475"": 0.0, ""475-500"": 0.0}",20.21,5.94,0.47,0.01,0.00,0.00,0.00,2025-10-02,,settlement_export
2025-10-02 10:00:00,2025/10/2 23:59:59 CT,2026-10-28,350-375,,,,300-325,30.09,"{""325-350"": 0.183122, ""350-375"": 0.052151, ""375-400"": 0.004075, ""400-425"": 5.5e-05, ""425-450"": 0.0, ""450-475"": 0.0, ""475-500"": 0.0}",18.31,5.22,0.41,0.01,0.00,0.00,0.00,2025-10-02,,settlement_export
2025-10-02 10:00:00,2025/10/2 23:59:59 CT,2026-12-09,350-375,,,,,0.00,"{""325-350"": 0.0, ""350-375"": 0.0, ""375-400"": 0.0, ""400-425"": 0.0, ""425-450"": 0.0, ""450-475"": 0.0, ""475-500"": 0.0}",0.00,0.00,0.00,0.00,0.00,0.00,0.00,2025-10-02,,settlement_export
2025-10-02 10:00:00,2025/10/2 23:59:59 CT,2027-01-27,350-375,,,,,0.00,"{""325-350"": 0.0, ""350-375"": 0.0, ""375-400"": 0.0, ""400-425"": 0.0, ""425-450"": 0.0, ""450-475"": 0.0, ""475-500"": 0.0}",0.00,0.00,0.00,0.00,0.00,0.00,0.00,2025-10-02,,settlement_export
2025-10-02 10:00:00,2025/10/2 23:59:59 CT,2027-03-17,350-375,,,,,0.00,"{""325-350"": 0.0, ""350-375"": 0.0, ""375-400"": 0.0, ""400-425"": 0.0, ""425-450"": 0.0, ""450-475"": 0.0, ""475-500"": 0.0}",0.00,0.00,0.00,0.00,0.00,0.00,0.00,2025-10-02,,settlement_export
2025-10-02 10:00:00,2025/10/2 23:59:59 CT,2027-04-28,350-375,,,,,0.00,"{""325-350"": 0.0, ""350-375"": 0.0, ""375-400"": 0.0, ""400-425"": 0.0, ""425-450"": 0.0, ""450-475"": 0.0, ""475-500"": 0.0}",0.00,0.00,0.00,0.00,0.00,0.00,0.00,2025-10-02,,settlement_export
2025-10-02 10:00:00,2025/10/2 23:59:59 CT,2027-06-09,350-375,,,,,0.00,"{""325-350"": 0.0, ""350-375"": 0.0, ""375-400"": 0.0, ""400-425"": 0.0, ""425-450"": 0.0, ""450-475"": 0.0, ""475-500"": 0.0}",0.00,0.00,0.00,0.00,0.00,0.00,0.00,2025-10-02,,settlement_export
2025-10-02 10:00:00,2025/10/2 23:59:59 CT,2027-07-28,350-375,,,,,0.00,"{""325-350"": 0.0, ""350-375"": 0.0, ""375-400"": 0.0, ""400-425"": 0.0, ""425-450"": 0.0, ""450-475"": 0.0, ""475-500"": 0.0}",0.00,0.00,0.00,0.00,0.00,0.00,0.00,2025-10-02,,settlement_export
2025-10-02 10:00:00,2025/10/2 23:59:59 CT,2027-09-15,350-375,,,,,0.00,"{""325-350"": 0.0, ""350-375"": 0.0, ""375-400"": 0.0, ""400-425"": 0.0, ""425-450"": 0.0, ""450-475"": 0.0, ""475-500"": 0.0}",0.00,0.00,0.00,0.00,0.00,0.00,0.00,2025-10-02,,settlement_export
2025-10-02 10:00:00,2025/10/2 23:59:59 CT,2027-10-27,350-375,,,,,0.00,"{""325-350"": 0.0, ""350-375"": 0.0, ""375-400"": 0.0, ""400-425"": 0.0, ""425-450"": 0.0, ""450-475"": 0.0, ""475-500"": 0.0}",0.00,0.00,0.00,0.00,0.00,0.00,0.00,2025-10-02,,settlement_export
2025-10-02 10:00:00,2025/10/2 23:59:59 CT,2027-12-08,350-375,,,,,0.00,"{""325-350"": 0.0, ""350-375"": 0.0, ""375-400"": 0.0, ""400-425"": 0.0, ""425-450"": 0.0, ""450-475"": 0.0, ""475-500"": 0.0}",0.00,0.00,0.00,0.00,0.00,0.00,0.00,2025-10-02,,settlement_export
2025-10-03 10:00:00,2025/10/3 23:59:59 CT,2026-09-16,350-375,,,,300-325,31.78,"{""325-350"": 0.217641, ""350-375"": 0.07075, ""375-400"": 0.007375, ""400-425"": 0.000193, ""425-450"": 0.0, ""450-475"": 0.0, ""475-500"": 0.0}",21.76,7.07,0.74,0.02,0.00,0.00,0.00,2025-10-03,,settlement_export
2025-10-03 10:00:00,2025/10/3 23:59:59 CT,2026-10-28,350-375,,,,300-325,30.45,"{""325-350"": 0.198126, ""350-375"": 0.06233, ""375-400"": 0.006421, ""400-425"": 0.000168, ""425-450"": 0.0, ""450-475"": 0.0, ""475-500"": 0.0}",19.81,6.23,0.64,0.02,0.00,0.00,0.00,2025-10-03,,settlement_export
2025-10-03 10:00:00,2025/10/3 23:59:59 CT,2026-12-09,350-375,,,,,0.00,"{""325-350"": 0.0, ""350-375"": 0.0, ""375-400"": 0.0, ""400-425"": 0.0, ""425-450"": 0.0, ""450-475"": 0.0, ""475-500"": 0.0}",0.00,0.00,0.00,0.00,0.00,0.00,0.00,2025-10-03,,settlement_export
2025-10-03 10:00:00,2025/10/3 23:59:59 CT,2027-01-27,350-375,,,,,0.00,"{""325-350"": 0.0, ""350-375"": 0.0, ""375-400"": 0.0, ""400-425"": 0.0, ""425-450"": 0.0, ""450-475"": 0.0, ""475-500"": 0.0}",0.00,0.00,0.00,0.00,0.00,0.00,0.00,2025-10-03,,settlement_export
2025-10-03 10:00:00,2025/10/3 23:59:59 CT,2027-03-17,350-375,,,,,0.00,"{""325-350"": 0.0, ""350-375"": 0.0, ""375-400"": 0.0, ""400-425"": 0.0, ""425-450"": 0.0, ""450-475"": 0.0, ""475-500"": 0.0}",0.00,0.00,0.00,0.00,0.00,0.00,0.00,2025-10-03,,settlement_export
2025-10-03 10:00:00,2025/10/3 23:59:59 CT,2027-04-28,350-375,,,,,0.00,"{""325-350"": 0.0, ""350-375"": 0.0, ""375-400"": 0.0, ""400-425"": 0.0, ""425-450"": 0.0, ""450-475"": 0.0, ""475-500"": 0.0}",0.00,0.00,0.00,0.00,0.00,0.00,0.00,2025-10-03,,settlement_export
2025-10-03 10:00:00,2025/10/3 23:59:59 CT,2027-06-09,350-375,,,,,0.00,"{""325-350"": 0.0, ""350-375"": 0.0, ""375-400"": 0.0, ""400-425"": 0.0, ""425-450"": 0.0, ""450-475"": 0.0, ""475-500"": 0.0}",0.00,0.00,0.00,0.00,0.00,0.00,0.00,2025-10-03,,settlement_export
2025-10-03 10:00:00,2025/10/3 23:59:59 CT,2027-07-28,350-375,,,,,0.00,"{""325-350"": 0.0, ""350-375"": 0.0, ""375-400"": 0.0, ""400-425"": 0.0, ""425-450"": 0.0, ""450-475"": 0.0, ""475-500"": 0.0}",0.00,0.00,0.00,0.00,0.00,0.00,0.00,2025-10-03,,settlement_export
2025-10-03 10:00:00,2025/10/3 23:59:59 CT,2027-09-15,350-375,,,,,0.00,"{""325-350"": 0.0, ""350-375"": 0.0, ""375-400"": 0.0, ""400-425"": 0.0, ""425-450"": 0.0, ""450-475"": 0.0, ""475-500"": 0.0}",0.00,0.00,0.00,0.00,0.00,0.00,0.00,2025-10-03,,settlement_export
2025-10-03 10:00:00,2025/10/3 23:59:59 CT,2027-10-27,350-375,,,,,0.00,"{""325-350"": 0.0, ""350-375"": 0.0, ""375-400"": 0.0, ""400-425"": 0.0, ""425-450"": 0.0, ""450-475"": 0.0, ""475-500"": 0.0}",0.00,0.00,0.00,0.00,0.00,0.00,0.00,2025-10-03,,settlement_export
2025-10-03 10:00:00,2025/10/3 23:59:59 CT,2027-12-08,350-375,,,,,0.00,"{""325-350"": 0.0, ""350-375"": 0.0, ""375-400"": 0.0, ""400-425"": 0.0, ""425-450"": 0.0, ""450-475"": 0.0, ""475-500"": 0.0}",0.00,0.00,0.00,0.00,0.00,0.00,0.00,2025-10-03,,settlement_export
2025-10-06 10:00:00,2025/10/6 23:59:59 CT,2026-09-16,350-375,,,,300-325,32.04,"{""325-350"": 0.237909, ""350-375"": 0.084057, ""375-400"": 0.00987, ""400-425"": 0.000343, ""425-450"": 0.0, ""450-475"": 0.0, ""475-500"": 0.0}",23.79,8.41,0.99,0.03,0.00,0.00,0.00,2025-10-06,,settlement_export
2025-10-06 10:00:00,2025/10/6 23:59:59 CT,2026-10-28,350-375,,,,300-325,30.94,"{""325-350"": 0.217468, ""350-375"": 0.074201, ""375-400"": 0.008605, ""400-425"": 0.000297, ""425-450"": 0.0, ""450-475"": 0.0, ""475-500"": 0.0}",21.75,7.42,0.86,0.03,0.00,0.00,0.00,2025-10-06,,settlement_export
2025-10-06 10:00:00,2025/10/6 23:59:59 CT,2026-12-09,350-375,,,,,0.00,"{""325-350"": 0.0, ""350-375"": 0.0, ""375-400"": 0.0, ""400-425"": 0.0, ""425-450"": 0.0, ""450-475"": 0.0, ""475-500"": 0.0}",0.00,0.00,0.00,0.00,0.00,0.00,0.00,2025-10-06,,settlement_export
2025-10-06 10:00:00,2025/10/6 23:59:59 CT,2027-01-27,350-375,,,,,0.00,"{""325-350"": 0.0, ""350-375"": 0.0, ""375-400"": 0.0, ""400-425"": 0.0, ""425-450"": 0.0, ""450-475"": 0.0, ""475-500"": 0.0}",0.00,0.00,0.00,0.00,0.00,0.00,0.00,2025-10-06,,settlement_export
2025-10-06 10:00:00,2025/10/6 23:59:59 CT,2027-03-17,350-375,,,,,0.00,"{""325-350"": 0.0, ""350-375"": 0.0, ""375-400"": 0.0, ""400-425"": 0.0, ""425-450"": 0.0, ""450-475"": 0.0, ""475-500"": 0.0}",0.00,0.00,0.00,0.00,0.00,0.00,0.00,2025-10-06,,settlement_export
2025-10-06 10:00:00,2025/10/6 23:59:59 CT,2027-04-28,350-375,,,,,0.00,"{""325-350"": 0.0, ""350-375"": 0.0, ""375-400"": 0.0, ""400-425"": 0.0, ""425-450"": 0.0, ""450-475"": 0.0, ""475-500"": 0.0}",0.00,0.00,0.00,0.00,0.00,0.00,0.00,2025-10-06,,settlement_export
2025-10-06 10:00:00,2025/10/6 23:59:59 CT,2027-06-09,350-375,,,,,0.00,"{""325-350"": 0.0, ""350-375"": 0.0, ""375-400"": 0.0, ""400-425"": 0.0, ""425-450"": 0.0, ""450-475"": 0.0, ""475-500"": 0.0}",0.00,0.00,0.00,0.00,0.00,0.00,0.00,2025-10-06,,settlement_export
2025-10-06 10:00:00,2025/10/6 23:59:59 CT,2027-07-28,350-375,,,,,0.00,"{""325-350"": 0.0, ""350-375"": 0.0, ""375-400"": 0.0, ""400-425"": 0.0, ""425-450"": 0.0, ""450-475"": 0.0, ""475-500"": 0.0}",0.00,0.00,0.00,0.00,0.00,0.00,0.00,2025-10-06,,settlement_export
2025-10-06 10:00:00,2025/10/6 23:59:59 CT,2027-09-15,350-375,,,,,0.00,"{""325-350"": 0.0, ""350-375"": 0.0, ""375-400"": 0.0, ""400-425"": 0.0, ""425-450"": 0.0, ""450-475"": 0.0, ""475-500"": 0.0}",0.00,0.00,0.00,0.00,0.00,0.00,0.00,2025-10-06,,settlement_export
2025-10-06 10:00:00,2025/10/6 23:59:59 CT,2027-10-27,350-375,,,,,0.00,"{""325-350"": 0.0, ""350-375"": 0.0, ""375-400"": 0.0, ""400-425"": 0.0, ""425-450"": 0.0, ""450-475"": 0.0, ""475-500"": 0.0}",0.00,0.00,0.00,0.00,0.00,0.00,0.00,2025-10-06,,settlement_export
2025-10-06 10:00:00,2025/10/6 23:59:59 CT,2027-12-08,350-375,,,,,0.00,"{""325-350"": 0.0, ""350-375"": 0.0, ""375-400"": 0.0, ""400-425"": 0.0, ""425-450"": 0.0, ""450-475"": 0.0, ""475-500"": 0.0}",0.00,0.00,0.00,0.00,0.00,0.00,0.00,2025-10-06,,settlement_export
2025-10-07 10:00:00,2025/10/7 23:59:59 CT,2026-09-16,350-375,,,,300-325,31.56,"{""325-350"": 0.227427, ""350-375"": 0.080289, ""375-400"": 0.010357, ""400-425"": 0.000348, ""425-450"": 0.0, ""450-475"": 0.0, ""475-500"": 0.0}",22.74,8.03,1.04,0.03,0.00,0.00,0.00,2025-10-07,,settlement_export
2025-10-07 10:00:00,2025/10/7 23:59:59 CT,2026-10-28,350-375,,,,300-325,30.39,"{""325-350"": 0.207879, ""350-375"": 0.070998, ""375-400"": 0.009027, ""400-425"": 0.000302, ""425-450"": 0.0, ""450-475"": 0.0, ""475-500"": 0.0}",20.79,7.10,0.90,0.03,0.00,0.00,0.00,2025-10-07,,settlement_export
2025-10-07 10:00:00,2025/10/7 23:59:59 CT,2026-12-09,350-375,,,,,0.00,"{""325-350"": 0.0, ""350-375"": 0.0, ""375-400"": 0.0, ""400-425"": 0.0, ""425-450"": 0.0, ""450-475"": 0.0, ""475-500"": 0.0}",0.00,0.00,0.00,0.00,0.00,0.00,0.00,2025-10-07,,settlement_export
2025-10-07 10:00:00,2025/10/7 23:59:59 CT,2027-01-27,350-375,,,,,0.00,"{""325-350"": 0.0, ""350-375"": 0.0, ""375-400"": 0.0, ""400-425"": 0.0, ""425-450"": 0.0, ""450-475"": 0.0, ""475-500"": 0.0}",0.00,0.00,0.00,0.00,0.00,0.00,0.00,2025-10-07,,settlement_export
2025-10-07 10:00:00,2025/10/7 23:59:59 CT,2027-03-17,350-375,,,,,0.00,"{""325-350"": 0.0, ""350-375"": 0.0, ""375-400"": 0.0, ""400-425"": 0.0, ""425-450"": 0.0, ""450-475"": 0.0, ""475-500"": 0.0}",0.00,0.00,0.00,0.00,0.00,0.00,0.00,2025-10-07,,settlement_export
2025-10-07 10:00:00,2025/10/7 23:59:59 CT,2027-04-28,350-375,,,,,0.00,"{""325-350"": 0.0, ""350-375"": 0.0, ""375-400"": 0.0, ""400-425"": 0.0, ""425-450"": 0.0, ""450-475"": 0.0, ""475-500"": 0.0}",0.00,0.00,0.00,0.00,0.00,0.00,0.00,2025-10-07,,settlement_export
2025-10-07 10:00:00,2025/10/7 23:59:59 CT,2027-06-09,350-375,,,,,0.00,"{""325-350"": 0.0, ""350-375"": 0.0, ""375-400"": 0.0, ""400-425"": 0.0, ""425-450"": 0.0, ""450-475"": 0.0, ""475-500"": 0.0}",0.00,0.00,0.00,0.00,0.00,0.00,0.00,2025-10-07,,settlement_export
2025-10-07 10:00:00,2025/10/7 23:59:59 CT,2027-07-28,350-375,,,,,0.00,"{""325-350"": 0.0, ""350-375"": 0.0, ""375-400"": 0.0, ""400-425"": 0.0, ""425-450"": 0.0, ""450-475"": 0.0, ""475-500"": 0.0}",0.00,0.00,0.00,0.00,0.00,0.00,0.00,2025-10-07,,settlement_export
2025-10-07 10:00:00,2025/10/7 23:59:59 CT,2027-09-15,350-375,,,,,0.00,"{""325-350"": 0.0, ""350-375"": 0.0, ""375-400"": 0.0, ""400-425"": 0.0, ""425-450"": 0.0, ""450-475"": 0.0, ""475-500"": 0.0}",0.00,0.00,0.00,0.00,0.00,0.00,0.00,2025-10-07,,settlement_export
2025-10-07 10:00:00,2025/10/7 23:59:59 CT,2027-10-27,350-375,,,,,0.00,"{""325-350"": 0.0, ""350-375"": 0.0, ""375-400"": 0.0, ""400-425"": 0.0, ""425-450"": 0.0, ""450-475"": 0.0, ""475-500"": 0.0}",0.00,0.00,0.00,0.00,0.00,0.00,0.00,2025-10-07,,settlement_export
2025-10-07 10:00:00,2025/10/7 23:59:59 CT,2027-12-08,350-375,,,,,0.00,"{""325-350"": 0.0, ""350-375"": 0.0, ""375-400"": 0.0, ""400-425"": 0.0, ""425-450"": 0.0, ""450-475"": 0.0, ""475-500"": 0.0}",0.00,0.00,0.00,0.00,0.00,0.00,0.00,2025-10-07,,settlement_export
2025-10-08 10:00:00,2025/10/8 23:59:59 CT,2026-09-16,350-375,,,,300-325,31.42,"{""325-350"": 0.237171, ""350-375"": 0.089471, ""375-400"": 0.013037, ""400-425"": 0.000521, ""425-450"": 0.0, ""450-475"": 0.0, ""475-500"": 0.0}",23.72,8.95,1.30,0.05,0.00,0.00,0.00,2025-10-08,,settlement_export
2025-10-08 10:00:00,2025/10/8 23:59:59 CT,2026-10-28,350-375,,,,300-325,30.39,"{""325-350"": 0.217548, ""350-375"": 0.079317, ""375-400"": 0.011375, ""400-425"": 0.000452, ""425-450"": 0.0, ""450-475"": 0.0, ""475-500"": 0.0}",21.75,7.93,1.14,0.05,0.00,0.00,0.00,2025-10-08,,settlement_export
2025-10-08 10:00:00,2025/10/8 23:59:59 CT,2026-12-09,350-375,,,,,0.00,"{""325-350"": 0.0, ""350-375"": 0.0, ""375-400"": 0.0, ""400-425"": 0.0, ""425-450"": 0.0, ""450-475"": 0.0, ""475-500"": 0.0}",0.00,0.00,0.00,0.00,0.00,0.00,0.00,2025-10-08,,settlement_export
2025-10-08 10:00:00,2025/10/8 23:59:59 CT,2027-01-27,350-375,,,,,0.00,"{""325-350"": 0.0, ""350-375"": 0.0, ""375-400"": 0.0, ""400-425"": 0.0, ""425-450"": 0.0, ""450-475"": 0.0, ""475-500"": 0.0}",0.00,0.00,0.00,0.00,0.00,0.00,0.00,2025-10-08,,settlement_export
2025-10-08 10:00:00,2025/10/8 23:59:59 CT,2027-03-17,350-375,,,,,0.00,"{""325-350"": 0.0, ""350-375"": 0.0, ""375-400"": 0.0, ""400-425"": 0.0, ""425-450"": 0.0, ""450-475"": 0.0, ""475-500"": 0.0}",0.00,0.00,0.00,0.00,0.00,0.00,0.00,2025-10-08,,settlement_export
2025-10-08 10:00:00,2025/10/8 23:59:59 CT,2027-04-28,350-375,,,,,0.00,"{""325-350"": 0.0, ""350-375"": 0.0, ""375-400"": 0.0, ""400-425"": 0.0, ""425-450"": 0.0, ""450-475"": 0.0, ""475-500"": 0.0}",0.00,0.00,0.00,0.00,0.00,0.00,0.00,2025-10-08,,settlement_export
2025-10-08 10:00:00,2025/10/8 23:59:59 CT,2027-06-09,350-375,,,,,0.00,"{""325-350"": 0.0, ""350-375"": 0.0, ""375-400"": 0.0, ""400-425"": 0.0, ""425-450"": 0.0, ""450-475"": 0.0, ""475-500"": 0.0}",0.00,0.00,0.00,0.00,0.00,0.00,0.00,2025-10-08,,settlement_export
2025-10-08 10:00:00,2025/10/8 23:59:59 CT,2027-07-28,350-375,,,,,0.00,"{""325-350"": 0.0, ""350-375"": 0.0, ""375-400"": 0.0, ""400-425"": 0.0, ""425-450"": 0.0, ""450-475"": 0.0, ""475-500"": 0.0}",0.00,0.00,0.00,0.00,0.00,0.00,0.00,2025-10-08,,settlement_export
2025-10-08 10:00:00,2025/10/8 23:59:59 CT,2027-09-15,350-375,,,,,0.00,"{""325-350"": 0.0, ""350-375"": 0.0, ""375-400"": 0.0, ""400-425"": 0.0, ""425-450"": 0.0, ""450-475"": 0.0, ""475-500"": 0.0}",0.00,0.00,0.00,0.00,0.00,0.00,0.00,2025-10-08,,settlement_export
2025-10-08 10:00:00,2025/10/8 23:59:59 CT,2027-10-27,350-375,,,,,0.00,"{""325-350"": 0.0, ""350-375"": 0.0, ""375-400"": 0.0, ""400-425"": 0.0, ""425-450"": 0.0, ""450-475"": 0.0, ""475-500"": 0.0}",0.00,0.00,0.00,0.00,0.00,0.00,0.00,2025-10-08,,settlement_export
2025-10-08 10:00:00,2025/10/8 23:59:59 CT,2027-12-08,350-375,,,,,0.00,"{""325-350"": 0.0, ""350-375"": 0.0, ""375-400"": 0.0, ""400-425"": 0.0, ""425-450"": 0.0, ""450-475"": 0.0, ""475-500"": 0.0}",0.00,0.00,0.00,0.00,0.00,0.00,0.00,2025-10-08,,settlement_export
2025-10-09 10:00:00,2025/10/9 23:59:59 CT,2026-09-16,350-375,,,,300-325,31.53,"{""325-350"": 0.241806, ""350-375"": 0.091447, ""375-400"": 0.012682, ""400-425"": 0.000492, ""425-450"": 0.0, ""450-475"": 0.0, ""475-500"": 0.0}",24.18,9.14,1.27,0.05,0.00,0.00,0.00,2025-10-09,,settlement_export
2025-10-09 10:00:00,2025/10/9 23:59:59 CT,2026-10-28,350-375,,,,300-325,30.56,"{""325-350"": 0.22183, ""350-375"": 0.080983, ""375-400"": 0.011062, ""400-425"": 0.000427, ""425-450"": 0.0, ""450-475"": 0.0, ""475-500"": 0.0}",22.18,8.10,1.11,0.04,0.00,0.00,0.00,2025-10-09,,settlement_export
2025-10-09 10:00:00,2025/10/9 23:59:59 CT,2026-12-09,350-375,,,,,0.00,"{""325-350"": 0.0, ""350-375"": 0.0, ""375-400"": 0.0, ""400-425"": 0.0, ""425-450"": 0.0, ""450-475"": 0.0, ""475-500"": 0.0}",0.00,0.00,0.00,0.00,0.00,0.00,0.00,2025-10-09,,settlement_export
2025-10-09 10:00:00,2025/10/9 23:59:59 CT,2027-01-27,350-375,,,,,0.00,"{""325-350"": 0.0, ""350-375"": 0.0, ""375-400"": 0.0, ""400-425"": 0.0, ""425-450"": 0.0, ""450-475"": 0.0, ""475-500"": 0.0}",0.00,0.00,0.00,0.00,0.00,0.00,0.00,2025-10-09,,settlement_export
2025-10-09 10:00:00,2025/10/9 23:59:59 CT,2027-03-17,350-375,,,,,0.00,"{""325-350"": 0.0, ""350-375"": 0.0, ""375-400"": 0.0, ""400-425"": 0.0, ""425-450"": 0.0, ""450-475"": 0.0, ""475-500"": 0.0}",0.00,0.00,0.00,0.00,0.00,0.00,0.00,2025-10-09,,settlement_export
2025-10-09 10:00:00,2025/10/9 23:59:59 CT,2027-04-28,350-375,,,,,0.00,"{""325-350"": 0.0, ""350-375"": 0.0, ""375-400"": 0.0, ""400-425"": 0.0, ""425-450"": 0.0, ""450-475"": 0.0, ""475-500"": 0.0}",0.00,0.00,0.00,0.00,0.00,0.00,0.00,2025-10-09,,settlement_export
2025-10-09 10:00:00,2025/10/9 23:59:59 CT,2027-06-09,350-375,,,,,0.00,"{""325-350"": 0.0, ""350-375"": 0.0, ""375-400"": 0.0, ""400-425"": 0.0, ""425-450"": 0.0, ""450-475"": 0.0, ""475-500"": 0.0}",0.00,0.00,0.00,0.00,0.00,0.00,0.00,2025-10-09,,settlement_export
2025-10-09 10:00:00,2025/10/9 23:59:59 CT,2027-07-28,350-375,,,,,0.00,"{""325-350"": 0.0, ""350-375"": 0.0, ""375-400"": 0.0, ""400-425"": 0.0, ""425-450"": 0.0, ""450-475"": 0.0, ""475-500"": 0.0}",0.00,0.00,0.00,0.00,0.00,0.00,0.00,2025-10-09,,settlement_export
2025-10-09 10:00:00,2025/10/9 23:59:59 CT,2027-09-15,350-375,,,,,0.00,"{""325-350"": 0.0, ""350-375"": 0.0, ""375-400"": 0.0, ""400-425"": 0.0, ""425-450"": 0.0, ""450-475"": 0.0, ""475-500"": 0.0}",0.00,0.00,0.00,0.00,0.00,0.00,0.00,2025-10-09,,settlement_export
2025-10-09 10:00:00,2025/10/9 23:59:59 CT,2027-10-27,350-375,,,,,0.00,"{""325-350"": 0.0, ""350-375"": 0.0, ""375-400"": 0.0, ""400-425"": 0.0, ""425-450"": 0.0, ""450-475"": 0.0, ""475-500"": 0.0}",0.00,0.00,0.00,0.00,0.00,0.00,0.00,2025-10-09,,settlement_export
2025-10-09 10:00:00,2025/10/9 23:59:59 CT,2027-12-08,350-375,,,,,0.00,"{""325-350"": 0.0, ""350-375"": 0.0, ""375-400"": 0.0, ""400-425"": 0.0, ""425-450"": 0.0, ""450-475"": 0.0, ""475-500"": 0.0}",0.00,0.00,0.00,0.00,0.00,0.00,0.00,2025-10-09,,settlement_export
2025-10-10 10:00:00,2025/10/10 23:59:59 CT,2026-09-16,350-375,,,,300-325,30.98,"{""325-350"": 0.181828, ""350-375"": 0.048267, ""375-400"": 0.003214, ""400-425"": 4.1e-05, ""425-450"": 0.0, ""450-475"": 0.0, ""475-500"": 0.0}",18.18,4.83,0.32,0.00,0.00,0.00,0.00,2025-10-10,,settlement_export
2025-10-10 10:00:00,2025/10/10 23:59:59 CT,2026-10-28,350-375,,,,300-325,28.99,"{""325-350"": 0.161126, ""350-375"": 0.041284, ""375-400"": 0.002722, ""400-425"": 3.5e-05, ""425-450"": 0.0, ""450-475"": 0.0, ""475-500"": 0.0}",16.11,4.13,0.27,0.00,0.00,0.00,0.00,2025-10-10,,settlement_export
2025-10-10 10:00:00,2025/10/10 23:59:59 CT,2026-12-09,350-375,,,,,0.00,"{""325-350"": 0.0, ""350-375"": 0.0, ""375-400"": 0.0, ""400-425"": 0.0, ""425-450"": 0.0, ""450-475"": 0.0, ""475-500"": 0.0}",0.00,0.00,0.00,0.00,0.00,0.00,0.00,2025-10-10,,settlement_export
2025-10-10 10:00:00,2025/10/10 23:59:59 CT,2027-01-27,350-375,,,,,0.00,"{""325-350"": 0.0, ""350-375"": 0.0, ""375-400"": 0.0, ""400-425"": 0.0, ""425-450"": 0.0, ""450-475"": 0.0, ""475-500"": 0.0}",0.00,0.00,0.00,0.00,0.00,0.00,0.00,2025-10-10,,settlement_export
2025-10-10 10:00:00,2025/10/10 23:59:59 CT,2027-03-17,350-375,,,,,0.00,"{""325-350"": 0.0, ""350-375"": 0.0, ""375-400"": 0.0, ""400-425"": 0.0, ""425-450"": 0.0, ""450-475"": 0.0, ""475-500"": 0.0}",0.00,0.00,0.00,0.00,0.00,0.00,0.00,2025-10-10,,settlement_export
2025-10-10 10:00:00,2025/10/10 23:59:59 CT,2027-04-28,350-375,,,,,0.00,"{""325-350"": 0.0, ""350-375"": 0.0, ""375-400"": 0.0, ""400-425"": 0.0, ""425-450"": 0.0, ""450-475"": 0.0, ""475-500"": 0.0}",0.00,0.00,0.00,0.00,0.00,0.00,0.00,2025-10-10,,settlement_export
2025-10-10 10:00:00,2025/10/10 23:59:59 CT,2027-06-09,350-375,,,,,0.00,"{""325-350"": 0.0, ""350-375"": 0.0, ""375-400"": 0.0, ""400-425"": 0.0, ""425-450"": 0.0, ""450-475"": 0.0, ""475-500"": 0.0}",0.00,0.00,0.00,0.00,0.00,0.00,0.00,2025-10-10,,settlement_export
2025-10-10 10:00:00,2025/10/10 23:59:59 CT,2027-07-28,350-375,,,,,0.00,"{""325-350"": 0.0, ""350-375"": 0.0, ""375-400"": 0.0, ""400-425"": 0.0, ""425-450"": 0.0, ""450-475"": 0.0, ""475-500"": 0.0}",0.00,0.00,0.00,0.00,0.00,0.00,0.00,2025-10-10,,settlement_export
2025-10-10 10:00:00,2025/10/10 23:59:59 CT,2027-09-15,350-375,,,,,0.00,"{""325-350"": 0.0, ""350-375"": 0.0, ""375-400"": 0.0, ""400-425"": 0.0, ""425-450"": 0.0, ""450-475"": 0.0, ""475-500"": 0.0}",0.00,0.00,0.00,0.00,0.00,0.00,0.00,2025-10-10,,settlement_export
2025-10-10 10:00:00,2025/10/10 23:59:59 CT,2027-10-27,350-375,,,,,0.00,"{""325-350"": 0.0, ""350-375"": 0.0, ""375-400"": 0.0, ""400-425"": 0.0, ""425-450"": 0.0, ""450-475"": 0.0, ""475-500"": 0.0}",0.00,0.00,0.00,0.00,0.00,0.00,0.00,2025-10-10,,settlement_export
2025-10-10 10:00:00,2025/10/10 23:59:59 CT,2027-12-08,350-375,,,,,0.00,"{""325-350"": 0.0, ""350-375"": 0.0, ""375-400"": 0.0, ""400-425"": 0.0, ""425-450"": 0.0, ""450-475"": 0.0, ""475-500"": 0.0}",0.00,0.00,0.00,0.00,0.00,0.00,0.00,2025-10-10,,settlement_export
2025-10-13 10:00:00,2025/10/13 23:59:59 CT,2026-09-16,350-375,,,,300-325,30.22,"{""325-350"": 0.162058, ""350-375"": 0.037619, ""375-400"": 0.001509, ""400-425"": 1.5e-05, ""425-450"": 0.0, ""450-475"": 0.0, ""475-500"": 0.0}",16.21,3.76,0.15,0.00,0.00,0.00,0.00,2025-10-13,,settlement_export
2025-10-13 10:00:00,2025/10/13 23:59:59 CT,2026-10-28,350-375,,,,275-300,29.55,"{""325-350"": 0.14277, ""350-375"": 0.032022, ""375-400"": 0.001277, ""400-425"": 1.3e-05, ""425-450"": 0.0, ""450-475"": 0.0, ""475-500"": 0.0}",14.28,3.20,0.13,0.00,0.00,0.00,0.00,2025-10-13,,settlement_export
2025-10-13 10:00:00,2025/10/13 23:59:59 CT,2026-12-09,350-375,,,,,0.00,"{""325-350"": 0.0, ""350-375"": 0.0, ""375-400"": 0.0, ""400-425"": 0.0, ""425-450"": 0.0, ""450-475"": 0.0, ""475-500"": 0.0}",0.00,0.00,0.00,0.00,0.00,0.00,0.00,2025-10-13,,settlement_export
2025-10-13 10:00:00,2025/10/13 23:59:59 CT,2027-01-27,350-375,,,,,0.00,"{""325-350"": 0.0, ""350-375"": 0.0, ""375-400"": 0.0, ""400-425"": 0.0, ""425-450"": 0.0, ""450-475"": 0.0, ""475-500"": 0.0}",0.00,0.00,0.00,0.00,0.00,0.00,0.00,2025-10-13,,settlement_export
2025-10-13 10:00:00,2025/10/13 23:59:59 CT,2027-03-17,350-375,,,,,0.00,"{""325-350"": 0.0, ""350-375"": 0.0, ""375-400"": 0.0, ""400-425"": 0.0, ""425-450"": 0.0, ""450-475"": 0.0, ""475-500"": 0.0}",0.00,0.00,0.00,0.00,0.00,0.00,0.00,2025-10-13,,settlement_export
2025-10-13 10:00:00,2025/10/13 23:59:59 CT,2027-04-28,350-375,,,,,0.00,"{""325-350"": 0.0, ""350-375"": 0.0, ""375-400"": 0.0, ""400-425"": 0.0, ""425-450"": 0.0, ""450-475"": 0.0, ""475-500"": 0.0}",0.00,0.00,0.00,0.00,0.00,0.00,0.00,2025-10-13,,settlement_export
2025-10-13 10:00:00,2025/10/13 23:59:59 CT,2027-06-09,350-375,,,,,0.00,"{""325-350"": 0.0, ""350-375"": 0.0, ""375-400"": 0.0, ""400-425"": 0.0, ""425-450"": 0.0, ""450-475"": 0.0, ""475-500"": 0.0}",0.00,0.00,0.00,0.00,0.00,0.00,0.00,2025-10-13,,settlement_export
2025-10-13 10:00:00,2025/10/13 23:59:59 CT,2027-07-28,350-375,,,,,0.00,"{""325-350"": 0.0, ""350-375"": 0.0, ""375-400"": 0.0, ""400-425"": 0.0, ""425-450"": 0.0, ""450-475"": 0.0, ""475-500"": 0.0}",0.00,0.00,0.00,0.00,0.00,0.00,0.00,2025-10-13,,settlement_export
2025-10-13 10:00:00,2025/10/13 23:59:59 CT,2027-09-15,350-375,,,,,0.00,"{""325-350"": 0.0, ""350-375"": 0.0, ""375-400"": 0.0, ""400-425"": 0.0, ""425-450"": 0.0, ""450-475"": 0.0, ""475-500"": 0.0}",0.00,0.00,0.00,0.00,0.00,0.00,0.00,2025-10-13,,settlement_export
2025-10-13 10:00:00,2025/10/13 23:59:59 CT,2027-10-27,350-375,,,,,0.00,"{""325-350"": 0.0, ""350-375"": 0.0, ""375-400"": 0.0, ""400-425"": 0.0, ""425-450"": 0.0, ""450-475"": 0.0, ""475-500"": 0.0}",0.00,0.00,0.00,0.00,0.00,0.00,0.00,2025-10-13,,settlement_export
2025-10-13 10:00:00,2025/10/13 23:59:59 CT,2027-12-08,350-375,,,,,0.00,"{""325-350"": 0.0, ""350-375"": 0.0, ""375-400"": 0.0, ""400-425"": 0.0, ""425-450"": 0.0, ""450-475"": 0.0, ""475-500"": 0.0}",0.00,0.00,0.00,0.00,0.00,0.00,0.00,2025-10-13,,settlement_export
2025-10-14 10:00:00,2025/10/14 23:59:59 CT,2026-09-16,350-375,,,,300-325,29.80,"{""325-350"": 0.156732, ""350-375"": 0.036247, ""375-400"": 0.001739, ""400-425"": 2.4e-05, ""425-450"": 0.0, ""450-475"": 0.0, ""475-500"": 0.0}",15.67,3.62,0.17,0.00,0.00,0.00,0.00,2025-10-14,,settlement_export
2025-10-14 10:00:00,2025/10/14 23:59:59 CT,2026-10-28,350-375,,,,275-300,29.70,"{""325-350"": 0.138057, ""350-375"": 0.030898, ""375-400"": 0.001473, ""400-425"": 2e-05, ""425-450"": 0.0, ""450-475"": 0.0, ""475-500"": 0.0}",13.81,3.09,0.15,0.00,0.00,0.00,0.00,2025-10-14,,settlement_export
2025-10-14 10:00:00,2025/10/14 23:59:59 CT,2026-12-09,350-375,,,,,0.00,"{""325-350"": 0.0, ""350-375"": 0.0, ""375-400"": 0.0, ""400-425"": 0.0, ""425-450"": 0.0, ""450-475"": 0.0, ""475-500"": 0.0}",0.00,0.00,0.00,0.00,0.00,0.00,0.00,2025-10-14,,settlement_export
2025-10-14 10:00:00,2025/10/14 23:59:59 CT,2027-01-27,350-375,,,,,0.00,"{""325-350"": 0.0, ""350-375"": 0.0, ""375-400"": 0.0, ""400-425"": 0.0, ""425-450"": 0.0, ""450-475"": 0.0, ""475-500"": 0.0}",0.00,0.00,0.00,0.00,0.00,0.00,0.00,2025-10-14,,settlement_export
2025-10-14 10:00:00,2025/10/14 23:59:59 CT,2027-03-17,350-375,,,,,0.00,"{""325-350"": 0.0, ""350-375"": 0.0, ""375-400"": 0.0, ""400-425"": 0.0, ""425-450"": 0.0, ""450-475"": 0.0, ""475-500"": 0.0}",0.00,0.00,0.00,0.00,0.00,0.00,0.00,2025-10-14,,settlement_export
2025-10-14 10:00:00,2025/10/14 23:59:59 CT,2027-04-28,350-375,,,,,0.00,"{""325-350"": 0.0, ""350-375"": 0.0, ""375-400"": 0.0, ""400-425"": 0.0, ""425-450"": 0.0, ""450-475"": 0.0, ""475-500"": 0.0}",0.00,0.00,0.00,0.00,0.00,0.00,0.00,2025-10-14,,settlement_export
2025-10-14 10:00:00,2025/10/14 23:59:59 CT,2027-06-09,350-375,,,,,0.00,"{""325-350"": 0.0, ""350-375"": 0.0, ""375-400"": 0.0, ""400-425"": 0.0, ""425-450"": 0.0, ""450-475"": 0.0, ""475-500"": 0.0}",0.00,0.00,0.00,0.00,0.00,0.00,0.00,2025-10-14,,settlement_export
2025-10-14 10:00:00,2025/10/14 23:59:59 CT,2027-07-28,350-375,,,,,0.00,"{""325-350"": 0.0, ""350-375"": 0.0, ""375-400"": 0.0, ""400-425"": 0.0, ""425-450"": 0.0, ""450-475"": 0.0, ""475-500"": 0.0}",0.00,0.00,0.00,0.00,0.00,0.00,0.00,2025-10-14,,settlement_export
2025-10-14 10:00:00,2025/10/14 23:59:59 CT,2027-09-15,350-375,,,,,0.00,"{""325-350"": 0.0, ""350-375"": 0.0, ""375-400"": 0.0, ""400-425"": 0.0, ""425-450"": 0.0, ""450-475"": 0.0, ""475-500"": 0.0}",0.00,0.00,0.00,0.00,0.00,0.00,0.00,2025-10-14,,settlement_export
2025-10-14 10:00:00,2025/10/14 23:59:59 CT,2027-10-27,350-375,,,,,0.00,"{""325-350"": 0.0, ""350-375"": 0.0, ""375-400"": 0.0, ""400-425"": 0.0, ""425-450"": 0.0, ""450-475"": 0.0, ""475-500"": 0.0}",0.00,0.00,0.00,0.00,0.00,0.00,0.00,2025-10-14,,settlement_export
2025-10-14 10:00:00,2025/10/14 23:59:59 CT,2027-12-08,350-375,,,,,0.00,"{""325-350"": 0.0, ""350-375"": 0.0, ""375-400"": 0.0, ""400-425"": 0.0, ""425-450"": 0.0, ""450-475"": 0.0, ""475-500"": 0.0}",0.00,0.00,0.00,0.00,0.00,0.00,0.00,2025-10-14,,settlement_export
2025-10-15 10:00:00,2025/10/15 23:59:59 CT,2026-09-16,350-375,,,,300-325,30.20,"{""325-350"": 0.162974, ""350-375"": 0.038773, ""375-400"": 0.001929, ""400-425"": 2.7e-05, ""425-450"": 0.0, ""450-475"": 0.0, ""475-500"": 0.0}",16.30,3.88,0.19,0.00,0.00,0.00,0.00,2025-10-15,,settlement_export
2025-10-15 10:00:00,2025/10/15 23:59:59 CT,2026-10-28,350-375,,,,275-300,29.44,"{""325-350"": 0.146473, ""350-375"": 0.033878, ""375-400"": 0.001676, ""400-425"": 2.3e-05, ""425-450"": 0.0, ""450-475"": 0.0, ""475-500"": 0.0}",14.65,3.39,0.17,0.00,0.00,0.00,0.00,2025-10-15,,settlement_export
2025-10-15 10:00:00,2025/10/15 23:59:59 CT,2026-12-09,350-375,,,,,0.00,"{""325-350"": 0.0, ""350-375"": 0.0, ""375-400"": 0.0, ""400-425"": 0.0, ""425-450"": 0.0, ""450-475"": 0.0, ""475-500"": 0.0}",0.00,0.00,0.00,0.00,0.00,0.00,0.00,2025-10-15,,settlement_export
2025-10-15 10:00:00,2025/10/15 23:59:59 CT,2027-01-27,350-375,,,,,0.00,"{""325-350"": 0.0, ""350-375"": 0.0, ""375-400"": 0.0, ""400-425"": 0.0, ""425-450"": 0.0, ""450-475"": 0.0, ""475-500"": 0.0}",0.00,0.00,0.00,0.00,0.00,0.00,0.00,2025-10-15,,settlement_export
2025-10-15 10:00:00,2025/10/15 23:59:59 CT,2027-03-17,350-375,,,,,0.00,"{""325-350"": 0.0, ""350-375"": 0.0, ""375-400"": 0.0, ""400-425"": 0.0, ""425-450"": 0.0, ""450-475"": 0.0, ""475-500"": 0.0}",0.00,0.00,0.00,0.00,0.00,0.00,0.00,2025-10-15,,settlement_export
2025-10-15 10:00:00,2025/10/15 23:59:59 CT,2027-04-28,350-375,,,,,0.00,"{""325-350"": 0.0, ""350-375"": 0.0, ""375-400"": 0.0, ""400-425"": 0.0, ""425-450"": 0.0, ""450-475"": 0.0, ""475-500"": 0.0}",0.00,0.00,0.00,0.00,0.00,0.00,0.00,2025-10-15,,settlement_export
2025-10-15 10:00:00,2025/10/15 23:59:59 CT,2027-06-09,350-375,,,,,0.00,"{""325-350"": 0.0, ""350-375"": 0.0, ""375-400"": 0.0, ""400-425"": 0.0, ""425-450"": 0.0, ""450-475"": 0.0, ""475-500"": 0.0}",0.00,0.00,0.00,0.00,0.00,0.00,0.00,2025-10-15,,settlement_export
2025-10-15 10:00:00,2025/10/15 23:59:59 CT,2027-07-28,350-375,,,,,0.00,"{""325-350"": 0.0, ""350-375"": 0.0, ""375-400"": 0.0, ""400-425"": 0.0, ""425-450"": 0.0, ""450-475"": 0.0, ""475-500"": 0.0}",0.00,0.00,0.00,0.00,0.00,0.00,0.00,2025-10-15,,settlement_export
2025-10-15 10:00:00,2025/10/15 23:59:59 CT,2027-09-15,350-375,,,,,0.00,"{""325-350"": 0.0, ""350-375"": 0.0, ""375-400"": 0.0, ""400-425"": 0.0, ""425-450"": 0.0, ""450-475"": 0.0, ""475-500"": 0.0}",0.00,0.00,0.00,0.00,0.00,0.00,0.00,2025-10-15,,settlement_export
2025-10-15 10:00:00,2025/10/15 23:59:59 CT,2027-10-27,350-375,,,,,0.00,"{""325-350"": 0.0, ""350-375"": 0.0, ""375-400"": 0.0, ""400-425"": 0.0, ""425-450"": 0.0, ""450-475"": 0.0, ""475-500"": 0.0}",0.00,0.00,0.00,0.00,0.00,0.00,0.00,2025-10-15,,settlement_export
2025-10-15 10:00:00,2025/10/15 23:59:59 CT,2027-12-08,350-375,,,,,0.00,"{""325-350"": 0.0, ""350-375"": 0.0, ""375-400"": 0.0, ""400-425"": 0.0, ""425-450"": 0.0, ""450-475"": 0.0, ""475-500"": 0.0}",0.00,0.00,0.00,0.00,0.00,0.00,0.00,2025-10-15,,settlement_export
2025-10-16 10:00:00,2025/10/16 23:59:59 CT,2026-09-16,350-375,,,,275-300,31.25,"{""325-350"": 0.113682, ""350-375"": 0.019735, ""375-400"": 0.0, ""400-425"": 0.0, ""425-450"": 0.0, ""450-475"": 0.0, ""475-500"": 0.0}",11.37,1.97,0.00,0.00,0.00,0.00,0.00,2025-10-16,,settlement_export
2025-10-16 10:00:00,2025/10/16 23:59:59 CT,2026-10-28,350-375,,,,275-300,30.59,"{""325-350"": 0.101201, ""350-375"": 0.017113, ""375-400"": 0.0, ""400-425"": 0.0, ""425-450"": 0.0, ""450-475"": 0.0, ""475-500"": 0.0}",10.12,1.71,0.00,0.00,0.00,0.00,0.00,2025-10-16,,settlement_export
2025-10-16 10:00:00,2025/10/16 23:59:59 CT,2026-12-09,350-375,,,,,0.00,"{""325-350"": 0.0, ""350-375"": 0.0, ""375-400"": 0.0, ""400-425"": 0.0, ""425-450"": 0.0, ""450-475"": 0.0, ""475-500"": 0.0}",0.00,0.00,0.00,0.00,0.00,0.00,0.00,2025-10-16,,settlement_export
2025-10-16 10:00:00,2025/10/16 23:59:59 CT,2027-01-27,350-375,,,,,0.00,"{""325-350"": 0.0, ""350-375"": 0.0, ""375-400"": 0.0, ""400-425"": 0.0, ""425-450"": 0.0, ""450-475"": 0.0, ""475-500"": 0.0}",0.00,0.00,0.00,0.00,0.00,0.00,0.00,2025-10-16,,settlement_export
2025-10-16 10:00:00,2025/10/16 23:59:59 CT,2027-03-17,350-375,,,,,0.00,"{""325-350"": 0.0, ""350-375"": 0.0, ""375-400"": 0.0, ""400-425"": 0.0, ""425-450"": 0.0, ""450-475"": 0.0, ""475-500"": 0.0}",0.00,0.00,0.00,0.00,0.00,0.00,0.00,2025-10-16,,settlement_export
2025-10-16 10:00:00,2025/10/16 23:59:59 CT,2027-04-28,350-375,,,,,0.00,"{""325-350"": 0.0, ""350-375"": 0.0, ""375-400"": 0.0, ""400-425"": 0.0, ""425-450"": 0.0, ""450-475"": 0.0, ""475-500"": 0.0}",0.00,0.00,0.00,0.00,0.00,0.00,0.00,2025-10-16,,settlement_export
2025-10-16 10:00:00,2025/10/16 23:59:59 CT,2027-06-09,350-375,,,,,0.00,"{""325-350"": 0.0, ""350-375"": 0.0, ""375-400"": 0.0, ""400-425"": 0.0, ""425-450"": 0.0, ""450-475"": 0.0, ""475-500"": 0.0}",0.00,0.00,0.00,0.00,0.00,0.00,0.00,2025-10-16,,settlement_export
2025-10-16 10:00:00,2025/10/16 23:59:59 CT,2027-07-28,350-375,,,,,0.00,"{""325-350"": 0.0, ""350-375"": 0.0, ""375-400"": 0.0, ""400-425"": 0.0, ""425-450"": 0.0, ""450-475"": 0.0, ""475-500"": 0.0}",0.00,0.00,0.00,0.00,0.00,0.00,0.00,2025-10-16,,settlement_export
2025-10-16 10:00:00,2025/10/16 23:59:59 CT,2027-09-15,350-375,,,,,0.00,"{""325-350"": 0.0, ""350-375"": 0.0, ""375-400"": 0.0, ""400-425"": 0.0, ""425-450"": 0.0, ""450-475"": 0.0, ""475-500"": 0.0}",0.00,0.00,0.00,0.00,0.00,0.00,0.00,2025-10-16,,settlement_export
2025-10-16 10:00:00,2025/10/16 23:59:59 CT,2027-10-27,350-375,,,,,0.00,"{""325-350"": 0.0, ""350-375"": 0.0, ""375-400"": 0.0, ""400-425"": 0.0, ""425-450"": 0.0, ""450-475"": 0.0, ""475-500"": 0.0}",0.00,0.00,0.00,0.00,0.00,0.00,0.00,2025-10-16,,settlement_export
2025-10-16 10:00:00,2025/10/16 23:59:59 CT,2027-12-08,350-375,,,,,0.00,"{""325-350"": 0.0, ""350-375"": 0.0, ""375-400"": 0.0, ""400-425"": 0.0, ""425-450"": 0.0, ""450-475"": 0.0, ""475-500"": 0.0}",0.00,0.00,0.00,0.00,0.00,0.00,0.00,2025-10-16,,settlement_export
2025-10-17 10:00:00,2025/10/17 23:59:59 CT,2026-09-16,350-375,,,,275-300,30.41,"{""325-350"": 0.142724, ""350-375"": 0.028086, ""375-400"": 0.0, ""400-425"": 0.0, ""425-450"": 0.0, ""450-475"": 0.0, ""475-500"": 0.0}",14.27,2.81,0.00,0.00,0.00,0.00,0.00,2025-10-17,,settlement_export
2025-10-17 10:00:00,2025/10/17 23:59:59 CT,2026-10-28,350-375,,,,275-300,30.24,"{""325-350"": 0.127494, ""350-375"": 0.024354, ""375-400"": 0.0, ""400-425"": 0.0, ""425-450"": 0.0, ""450-475"": 0.0, ""475-500"": 0.0}",12.75,2.44,0.00,0.00,0.00,0.00,0.00,2025-10-17,,settlement_export
2025-10-17 10:00:00,2025/10/17 23:59:59 CT,2026-12-09,350-375,,,,,0.00,"{""325-350"": 0.0, ""350-375"": 0.0, ""375-400"": 0.0, ""400-425"": 0.0, ""425-450"": 0.0, ""450-475"": 0.0, ""475-500"": 0.0}",0.00,0.00,0.00,0.00,0.00,0.00,0.00,2025-10-17,,settlement_export
2025-10-17 10:00:00,2025/10/17 23:59:59 CT,2027-01-27,350-375,,,,,0.00,"{""325-350"": 0.0, ""350-375"": 0.0, ""375-400"": 0.0, ""400-425"": 0.0, ""425-450"": 0.0, ""450-475"": 0.0, ""475-500"": 0.0}",0.00,0.00,0.00,0.00,0.00,0.00,0.00,2025-10-17,,settlement_export
2025-10-17 10:00:00,2025/10/17 23:59:59 CT,2027-03-17,350-375,,,,,0.00,"{""325-350"": 0.0, ""350-375"": 0.0, ""375-400"": 0.0, ""400-425"": 0.0, ""425-450"": 0.0, ""450-475"": 0.0, ""475-500"": 0.0}",0.00,0.00,0.00,0.00,0.00,0.00,0.00,2025-10-17,,settlement_export
2025-10-17 10:00:00,2025/10/17 23:59:59 CT,2027-04-28,350-375,,,,,0.00,"{""325-350"": 0.0, ""350-375"": 0.0, ""375-400"": 0.0, ""400-425"": 0.0, ""425-450"": 0.0, ""450-475"": 0.0, ""475-500"": 0.0}",0.00,0.00,0.00,0.00,0.00,0.00,0.00,2025-10-17,,settlement_export
2025-10-17 10:00:00,2025/10/17 23:59:59 CT,2027-06-09,350-375,,,,,0.00,"{""325-350"": 0.0, ""350-375"": 0.0, ""375-400"": 0.0, ""400-425"": 0.0, ""425-450"": 0.0, ""450-475"": 0.0, ""475-500"": 0.0}",0.00,0.00,0.00,0.00,0.00,0.00,0.00,2025-10-17,,settlement_export
2025-10-17 10:00:00,2025/10/17 23:59:59 CT,2027-07-28,350-375,,,,,0.00,"{""325-350"": 0.0, ""350-375"": 0.0, ""375-400"": 0.0, ""400-425"": 0.0, ""425-450"": 0.0, ""450-475"": 0.0, ""475-500"": 0.0}",0.00,0.00,0.00,0.00,0.00,0.00,0.00,2025-10-17,,settlement_export
2025-10-17 10:00:00,2025/10/17 23:59:59 CT,2027-09-15,350-375,,,,,0.00,"{""325-350"": 0.0, ""350-375"": 0.0, ""375-400"": 0.0, ""400-425"": 0.0, ""425-450"": 0.0, ""450-475"": 0.0, ""475-500"": 0.0}",0.00,0.00,0.00,0.00,0.00,0.00,0.00,2025-10-17,,settlement_export
2025-10-17 10:00:00,2025/10/17 23:59:59 CT,2027-10-27,350-375,,,,,0.00,"{""325-350"": 0.0, ""350-375"": 0.0, ""375-400"": 0.0, ""400-425"": 0.0, ""425-450"": 0.0, ""450-475"": 0.0, ""475-500"": 0.0}",0.00,0.00,0.00,0.00,0.00,0.00,0.00,2025-10-17,,settlement_export
2025-10-17 10:00:00,2025/10/17 23:59:59 CT,2027-12-08,350-375,,,,,0.00,"{""325-350"": 0.0, ""350-375"": 0.0, ""375-400"": 0.0, ""400-425"": 0.0, ""425-450"": 0.0, ""450-475"": 0.0, ""475-500"": 0.0}",0.00,0.00,0.00,0.00,0.00,0.00,0.00,2025-10-17,,settlement_export
2025-10-20 10:00:00,2025/10/20 23:59:59 CT,2026-09-16,350-375,,,,275-300,30.72,"{""325-350"": 0.143468, ""350-375"": 0.028272, ""375-400"": 0.000162, ""400-425"": 0.0, ""425-450"": 0.0, ""450-475"": 0.0, ""475-500"": 0.0}",14.35,2.83,0.02,0.00,0.00,0.00,0.00,2025-10-20,,settlement_export
2025-10-20 10:00:00,2025/10/20 23:59:59 CT,2026-10-28,350-375,,,,275-300,30.54,"{""325-350"": 0.128163, ""350-375"": 0.024537, ""375-400"": 0.00014, ""400-425"": 0.0, ""425-450"": 0.0, ""450-475"": 0.0, ""475-500"": 0.0}",12.82,2.45,0.01,0.00,0.00,0.00,0.00,2025-10-20,,settlement_export
2025-10-20 10:00:00,2025/10/20 23:59:59 CT,2026-12-09,350-375,,,,,0.00,"{""325-350"": 0.0, ""350-375"": 0.0, ""375-400"": 0.0, ""400-425"": 0.0, ""425-450"": 0.0, ""450-475"": 0.0, ""475-500"": 0.0}",0.00,0.00,0.00,0.00,0.00,0.00,0.00,2025-10-20,,settlement_export
2025-10-20 10:00:00,2025/10/20 23:59:59 CT,2027-01-27,350-375,,,,,0.00,"{""325-350"": 0.0, ""350-375"": 0.0, ""375-400"": 0.0, ""400-425"": 0.0, ""425-450"": 0.0, ""450-475"": 0.0, ""475-500"": 0.0}",0.00,0.00,0.00,0.00,0.00,0.00,0.00,2025-10-20,,settlement_export
2025-10-20 10:00:00,2025/10/20 23:59:59 CT,2027-03-17,350-375,,,,,0.00,"{""325-350"": 0.0, ""350-375"": 0.0, ""375-400"": 0.0, ""400-425"": 0.0, ""425-450"": 0.0, ""450-475"": 0.0, ""475-500"": 0.0}",0.00,0.00,0.00,0.00,0.00,0.00,0.00,2025-10-20,,settlement_export
2025-10-20 10:00:00,2025/10/20 23:59:59 CT,2027-04-28,350-375,,,,,0.00,"{""325-350"": 0.0, ""350-375"": 0.0, ""375-400"": 0.0, ""400-425"": 0.0, ""425-450"": 0.0, ""450-475"": 0.0, ""475-500"": 0.0}",0.00,0.00,0.00,0.00,0.00,0.00,0.00,2025-10-20,,settlement_export
2025-10-20 10:00:00,2025/10/20 23:59:59 CT,2027-06-09,350-375,,,,,0.00,"{""325-350"": 0.0, ""350-375"": 0.0, ""375-400"": 0.0, ""400-425"": 0.0, ""425-450"": 0.0, ""450-475"": 0.0, ""475-500"": 0.0}",0.00,0.00,0.00,0.00,0.00,0.00,0.00,2025-10-20,,settlement_export
2025-10-20 10:00:00,2025/10/20 23:59:59 CT,2027-07-28,350-375,,,,,0.00,"{""325-350"": 0.0, ""350-375"": 0.0, ""375-400"": 0.0, ""400-425"": 0.0, ""425-450"": 0.0, ""450-475"": 0.0, ""475-500"": 0.0}",0.00,0.00,0.00,0.00,0.00,0.00,0.00,2025-10-20,,settlement_export
2025-10-20 10:00:00,2025/10/20 23:59:59 CT,2027-09-15,350-375,,,,,0.00,"{""325-350"": 0.0, ""350-375"": 0.0, ""375-400"": 0.0, ""400-425"": 0.0, ""425-450"": 0.0, ""450-475"": 0.0, ""475-500"": 0.0}",0.00,0.00,0.00,0.00,0.00,0.00,0.00,2025-10-20,,settlement_export
2025-10-20 10:00:00,2025/10/20 23:59:59 CT,2027-10-27,350-375,,,,,0.00,"{""325-350"": 0.0, ""350-375"": 0.0, ""375-400"": 0.0, ""400-425"": 0.0, ""425-450"": 0.0, ""450-475"": 0.0, ""475-500"": 0.0}",0.00,0.00,0.00,0.00,0.00,0.00,0.00,2025-10-20,,settlement_export
2025-10-20 10:00:00,2025/10/20 23:59:59 CT,2027-12-08,350-375,,,,,0.00,"{""325-350"": 0.0, ""350-375"": 0.0, ""375-400"": 0.0, ""400-425"": 0.0, ""425-450"": 0.0, ""450-475"": 0.0, ""475-500"": 0.0}",0.00,0.00,0.00,0.00,0.00,0.00,0.00,2025-10-20,,settlement_export
2025-10-21 10:00:00,2025/10/21 23:59:59 CT,2026-09-16,350-375,,,,275-300,31.13,"{""325-350"": 0.135114, ""350-375"": 0.026156, ""375-400"": 0.000403, ""400-425"": 0.0, ""425-450"": 0.0, ""450-475"": 0.0, ""475-500"": 0.0}",13.51,2.62,0.04,0.00,0.00,0.00,0.00,2025-10-21,,settlement_export
2025-10-21 10:00:00,2025/10/21 23:59:59 CT,2026-10-28,350-375,,,,275-300,30.76,"{""325-350"": 0.118226, ""350-375"": 0.022164, ""375-400"": 0.000341, ""400-425"": 0.0, ""425-450"": 0.0, ""450-475"": 0.0, ""475-500"": 0.0}",11.82,2.22,0.03,0.00,0.00,0.00,0.00,2025-10-21,,settlement_export
2025-10-21 10:00:00,2025/10/21 23:59:59 CT,2026-12-09,350-375,,,,,0.00,"{""325-350"": 0.0, ""350-375"": 0.0, ""375-400"": 0.0, ""400-425"": 0.0, ""425-450"": 0.0, ""450-475"": 0.0, ""475-500"": 0.0}",0.00,0.00,0.00,0.00,0.00,0.00,0.00,2025-10-21,,settlement_export
2025-10-21 10:00:00,2025/10/21 23:59:59 CT,2027-01-27,350-375,,,,,0.00,"{""325-350"": 0.0, ""350-375"": 0.0, ""375-400"": 0.0, ""400-425"": 0.0, ""425-450"": 0.0, ""450-475"": 0.0, ""475-500"": 0.0}",0.00,0.00,0.00,0.00,0.00,0.00,0.00,2025-10-21,,settlement_export
2025-10-21 10:00:00,2025/10/21 23:59:59 CT,2027-03-17,350-375,,,,,0.00,"{""325-350"": 0.0, ""350-375"": 0.0, ""375-400"": 0.0, ""400-425"": 0.0, ""425-450"": 0.0, ""450-475"": 0.0, ""475-500"": 0.0}",0.00,0.00,0.00,0.00,0.00,0.00,0.00,2025-10-21,,settlement_export
2025-10-21 10:00:00,2025/10/21 23:59:59 CT,2027-04-28,350-375,,,,,0.00,"{""325-350"": 0.0, ""350-375"": 0.0, ""375-400"": 0.0, ""400-425"": 0.0, ""425-450"": 0.0, ""450-475"": 0.0, ""475-500"": 0.0}",0.00,0.00,0.00,0.00,0.00,0.00,0.00,2025-10-21,,settlement_export
2025-10-21 10:00:00,2025/10/21 23:59:59 CT,2027-06-09,350-375,,,,,0.00,"{""325-350"": 0.0, ""350-375"": 0.0, ""375-400"": 0.0, ""400-425"": 0.0, ""425-450"": 0.0, ""450-475"": 0.0, ""475-500"": 0.0}",0.00,0.00,0.00,0.00,0.00,0.00,0.00,2025-10-21,,settlement_export
2025-10-21 10:00:00,2025/10/21 23:59:59 CT,2027-07-28,350-375,,,,,0.00,"{""325-350"": 0.0, ""350-375"": 0.0, ""375-400"": 0.0, ""400-425"": 0.0, ""425-450"": 0.0, ""450-475"": 0.0, ""475-500"": 0.0}",0.00,0.00,0.00,0.00,0.00,0.00,0.00,2025-10-21,,settlement_export
2025-10-21 10:00:00,2025/10/21 23:59:59 CT,2027-09-15,350-375,,,,,0.00,"{""325-350"": 0.0, ""350-375"": 0.0, ""375-400"": 0.0, ""400-425"": 0.0, ""425-450"": 0.0, ""450-475"": 0.0, ""475-500"": 0.0}",0.00,0.00,0.00,0.00,0.00,0.00,0.00,2025-10-21,,settlement_export
2025-10-21 10:00:00,2025/10/21 23:59:59 CT,2027-10-27,350-375,,,,,0.00,"{""325-350"": 0.0, ""350-375"": 0.0, ""375-400"": 0.0, ""400-425"": 0.0, ""425-450"": 0.0, ""450-475"": 0.0, ""475-500"": 0.0}",0.00,0.00,0.00,0.00,0.00,0.00,0.00,2025-10-21,,settlement_export
2025-10-21 10:00:00,2025/10/21 23:59:59 CT,2027-12-08,350-375,,,,,0.00,"{""325-350"": 0.0, ""350-375"": 0.0, ""375-400"": 0.0, ""400-425"": 0.0, ""425-450"": 0.0, ""450-475"": 0.0, ""475-500"": 0.0}",0.00,0.00,0.00,0.00,0.00,0.00,0.00,2025-10-21,,settlement_export
2025-10-22 10:00:00,2025/10/22 23:59:59 CT,2026-09-16,350-375,,,,275-300,31.13,"{""325-350"": 0.130534, ""350-375"": 0.026563, ""375-400"": 0.001029, ""400-425"": 1.1e-05, ""425-450"": 0.0, ""450-475"": 0.0, ""475-500"": 0.0}",13.05,2.66,0.10,0.00,0.00,0.00,0.00,2025-10-22,,settlement_export
2025-10-22 10:00:00,2025/10/22 23:59:59 CT,2026-10-28,350-375,,,,275-300,30.64,"{""325-350"": 0.114419, ""350-375"": 0.022605, ""375-400"": 0.000871, ""400-425"": 9e-06, ""425-450"": 0.0, ""450-475"": 0.0, ""475-500"": 0.0}",11.44,2.26,0.09,0.00,0.00,0.00,0.00,2025-10-22,,settlement_export
2025-10-22 10:00:00,2025/10/22 23:59:59 CT,2026-12-09,350-375,,,,,0.00,"{""325-350"": 0.0, ""350-375"": 0.0, ""375-400"": 0.0, ""400-425"": 0.0, ""425-450"": 0.0, ""450-475"": 0.0, ""475-500"": 0.0}",0.00,0.00,0.00,0.00,0.00,0.00,0.00,2025-10-22,,settlement_export
2025-10-22 10:00:00,2025/10/22 23:59:59 CT,2027-01-27,350-375,,,,,0.00,"{""325-350"": 0.0, ""350-375"": 0.0, ""375-400"": 0.0, ""400-425"": 0.0, ""425-450"": 0.0, ""450-475"": 0.0, ""475-500"": 0.0}",0.00,0.00,0.00,0.00,0.00,0.00,0.00,2025-10-22,,settlement_export
2025-10-22 10:00:00,2025/10/22 23:59:59 CT,2027-03-17,350-375,,,,,0.00,"{""325-350"": 0.0, ""350-375"": 0.0, ""375-400"": 0.0, ""400-425"": 0.0, ""425-450"": 0.0, ""450-475"": 0.0, ""475-500"": 0.0}",0.00,0.00,0.00,0.00,0.00,0.00,0.00,2025-10-22,,settlement_export
2025-10-22 10:00:00,2025/10/22 23:59:59 CT,2027-04-28,350-375,,,,,0.00,"{""325-350"": 0.0, ""350-375"": 0.0, ""375-400"": 0.0, ""400-425"": 0.0, ""425-450"": 0.0, ""450-475"": 0.0, ""475-500"": 0.0}",0.00,0.00,0.00,0.00,0.00,0.00,0.00,2025-10-22,,settlement_export
2025-10-22 10:00:00,2025/10/22 23:59:59 CT,2027-06-09,350-375,,,,,0.00,"{""325-350"": 0.0, ""350-375"": 0.0, ""375-400"": 0.0, ""400-425"": 0.0, ""425-450"": 0.0, ""450-475"": 0.0, ""475-500"": 0.0}",0.00,0.00,0.00,0.00,0.00,0.00,0.00,2025-10-22,,settlement_export
2025-10-22 10:00:00,2025/10/22 23:59:59 CT,2027-07-28,350-375,,,,,0.00,"{""325-350"": 0.0, ""350-375"": 0.0, ""375-400"": 0.0, ""400-425"": 0.0, ""425-450"": 0.0, ""450-475"": 0.0, ""475-500"": 0.0}",0.00,0.00,0.00,0.00,0.00,0.00,0.00,2025-10-22,,settlement_export
2025-10-22 10:00:00,2025/10/22 23:59:59 CT,2027-09-15,350-375,,,,,0.00,"{""325-350"": 0.0, ""350-375"": 0.0, ""375-400"": 0.0, ""400-425"": 0.0, ""425-450"": 0.0, ""450-475"": 0.0, ""475-500"": 0.0}",0.00,0.00,0.00,0.00,0.00,0.00,0.00,2025-10-22,,settlement_export
2025-10-22 10:00:00,2025/10/22 23:59:59 CT,2027-10-27,350-375,,,,,0.00,"{""325-350"": 0.0, ""350-375"": 0.0, ""375-400"": 0.0, ""400-425"": 0.0, ""425-450"": 0.0, ""450-475"": 0.0, ""475-500"": 0.0}",0.00,0.00,0.00,0.00,0.00,0.00,0.00,2025-10-22,,settlement_export
2025-10-22 10:00:00,2025/10/22 23:59:59 CT,2027-12-08,350-375,,,,,0.00,"{""325-350"": 0.0, ""350-375"": 0.0, ""375-400"": 0.0, ""400-425"": 0.0, ""425-450"": 0.0, ""450-475"": 0.0, ""475-500"": 0.0}",0.00,0.00,0.00,0.00,0.00,0.00,0.00,2025-10-22,,settlement_export
2025-10-23 10:00:00,2025/10/23 23:59:59 CT,2026-09-16,350-375,,,,300-325,30.25,"{""325-350"": 0.167055, ""350-375"": 0.042275, ""375-400"": 0.002922, ""400-425"": 3.8e-05, ""425-450"": 0.0, ""450-475"": 0.0, ""475-500"": 0.0}",16.71,4.23,0.29,0.00,0.00,0.00,0.00,2025-10-23,,settlement_export
2025-10-23 10:00:00,2025/10/23 23:59:59 CT,2026-10-28,350-375,,,,275-300,29.19,"{""325-350"": 0.147714, ""350-375"": 0.036175, ""375-400"": 0.002475, ""400-425"": 3.2e-05, ""425-450"": 0.0, ""450-475"": 0.0, ""475-500"": 0.0}",14.77,3.62,0.25,0.00,0.00,0.00,0.00,2025-10-23,,settlement_export
2025-10-23 10:00:00,2025/10/23 23:59:59 CT,2026-12-09,350-375,,,,,0.00,"{""325-350"": 0.0, ""350-375"": 0.0, ""375-400"": 0.0, ""400-425"": 0.0, ""425-450"": 0.0, ""450-475"": 0.0, ""475-500"": 0.0}",0.00,0.00,0.00,0.00,0.00,0.00,0.00,2025-10-23,,settlement_export
2025-10-23 10:00:00,2025/10/23 23:59:59 CT,2027-01-27,350-375,,,,,0.00,"{""325-350"": 0.0, ""350-375"": 0.0, ""375-400"": 0.0, ""400-425"": 0.0, ""425-450"": 0.0, ""450-475"": 0.0, ""475-500"": 0.0}",0.00,0.00,0.00,0.00,0.00,0.00,0.00,2025-10-23,,settlement_export
2025-10-23 10:00:00,2025/10/23 23:59:59 CT,2027-03-17,350-375,,,,,0.00,"{""325-350"": 0.0, ""350-375"": 0.0, ""375-400"": 0.0, ""400-425"": 0.0, ""425-450"": 0.0, ""450-475"": 0.0, ""475-500"": 0.0}",0.00,0.00,0.00,0.00,0.00,0.00,0.00,2025-10-23,,settlement_export
2025-10-23 10:00:00,2025/10/23 23:59:59 CT,2027-04-28,350-375,,,,,0.00,"{""325-350"": 0.0, ""350-375"": 0.0, ""375-400"": 0.0, ""400-425"": 0.0, ""425-450"": 0.0, ""450-475"": 0.0, ""475-500"": 0.0}",0.00,0.00,0.00,0.00,0.00,0.00,0.00,2025-10-23,,settlement_export
2025-10-23 10:00:00,2025/10/23 23:59:59 CT,2027-06-09,350-375,,,,,0.00,"{""325-350"": 0.0, ""350-375"": 0.0, ""375-400"": 0.0, ""400-425"": 0.0, ""425-450"": 0.0, ""450-475"": 0.0, ""475-500"": 0.0}",0.00,0.00,0.00,0.00,0.00,0.00,0.00,2025-10-23,,settlement_export
2025-10-23 10:00:00,2025/10/23 23:59:59 CT,2027-07-28,350-375,,,,,0.00,"{""325-350"": 0.0, ""350-375"": 0.0, ""375-400"": 0.0, ""400-425"": 0.0, ""425-450"": 0.0, ""450-475"": 0.0, ""475-500"": 0.0}",0.00,0.00,0.00,0.00,0.00,0.00,0.00,2025-10-23,,settlement_export
2025-10-23 10:00:00,2025/10/23 23:59:59 CT,2027-09-15,350-375,,,,,0.00,"{""325-350"": 0.0, ""350-375"": 0.0, ""375-400"": 0.0, ""400-425"": 0.0, ""425-450"": 0.0, ""450-475"": 0.0, ""475-500"": 0.0}",0.00,0.00,0.00,0.00,0.00,0.00,0.00,2025-10-23,,settlement_export
2025-10-23 10:00:00,2025/10/23 23:59:59 CT,2027-10-27,350-375,,,,,0.00,"{""325-350"": 0.0, ""350-375"": 0.0, ""375-400"": 0.0, ""400-425"": 0.0, ""425-450"": 0.0, ""450-475"": 0.0, ""475-500"": 0.0}",0.00,0.00,0.00,0.00,0.00,0.00,0.00,2025-10-23,,settlement_export
2025-10-23 10:00:00,2025/10/23 23:59:59 CT,2027-12-08,350-375,,,,,0.00,"{""325-350"": 0.0, ""350-375"": 0.0, ""375-400"": 0.0, ""400-425"": 0.0, ""425-450"": 0.0, ""450-475"": 0.0, ""475-500"": 0.0}",0.00,0.00,0.00,0.00,0.00,0.00,0.00,2025-10-23,,settlement_export
2025-10-24 10:00:00,2025/10/24 23:59:59 CT,2026-09-16,350-375,,,,300-325,30.95,"{""325-350"": 0.173947, ""350-375"": 0.041702, ""375-400"": 0.001392, ""400-425"": 0.0, ""425-450"": 0.0, ""450-475"": 0.0, ""475-500"": 0.0}",17.39,4.17,0.14,0.00,0.00,0.00,0.00,2025-10-24,,settlement_export
2025-10-24 10:00:00,2025/10/24 23:59:59 CT,2026-10-28,350-375,,,,275-300,28.99,"{""325-350"": 0.153449, ""350-375"": 0.035454, ""375-400"": 0.001176, ""400-425"": 0.0, ""425-450"": 0.0, ""450-475"": 0.0, ""475-500"": 0.0}",15.34,3.55,0.12,0.00,0.00,0.00,0.00,2025-10-24,,settlement_export
2025-10-24 10:00:00,2025/10/24 23:59:59 CT,2026-12-09,350-375,,,,,0.00,"{""325-350"": 0.0, ""350-375"": 0.0, ""375-400"": 0.0, ""400-425"": 0.0, ""425-450"": 0.0, ""450-475"": 0.0, ""475-500"": 0.0}",0.00,0.00,0.00,0.00,0.00,0.00,0.00,2025-10-24,,settlement_export
2025-10-24 10:00:00,2025/10/24 23:59:59 CT,2027-01-27,350-375,,,,,0.00,"{""325-350"": 0.0, ""350-375"": 0.0, ""375-400"": 0.0, ""400-425"": 0.0, ""425-450"": 0.0, ""450-475"": 0.0, ""475-500"": 0.0}",0.00,0.00,0.00,0.00,0.00,0.00,0.00,2025-10-24,,settlement_export
2025-10-24 10:00:00,2025/10/24 23:59:59 CT,2027-03-17,350-375,,,,,0.00,"{""325-350"": 0.0, ""350-375"": 0.0, ""375-400"": 0.0, ""400-425"": 0.0, ""425-450"": 0.0, ""450-475"": 0.0, ""475-500"": 0.0}",0.00,0.00,0.00,0.00,0.00,0.00,0.00,2025-10-24,,settlement_export
2025-10-24 10:00:00,2025/10/24 23:59:59 CT,2027-04-28,350-375,,,,,0.00,"{""325-350"": 0.0, ""350-375"": 0.0, ""375-400"": 0.0, ""400-425"": 0.0, ""425-450"": 0.0, ""450-475"": 0.0, ""475-500"": 0.0}",0.00,0.00,0.00,0.00,0.00,0.00,0.00,2025-10-24,,settlement_export
2025-10-24 10:00:00,2025/10/24 23:59:59 CT,2027-06-09,350-375,,,,,0.00,"{""325-350"": 0.0, ""350-375"": 0.0, ""375-400"": 0.0, ""400-425"": 0.0, ""425-450"": 0.0, ""450-475"": 0.0, ""475-500"": 0.0}",0.00,0.00,0.00,0.00,0.00,0.00,0.00,2025-10-24,,settlement_export
2025-10-24 10:00:00,2025/10/24 23:59:59 CT,2027-07-28,350-375,,,,,0.00,"{""325-350"": 0.0, ""350-375"": 0.0, ""375-400"": 0.0, ""400-425"": 0.0, ""425-450"": 0.0, ""450-475"": 0.0, ""475-500"": 0.0}",0.00,0.00,0.00,0.00,0.00,0.00,0.00,2025-10-24,,settlement_export
2025-10-24 10:00:00,2025/10/24 23:59:59 CT,2027-09-15,350-375,,,,,0.00,"{""325-350"": 0.0, ""350-375"": 0.0, ""375-400"": 0.0, ""400-425"": 0.0, ""425-450"": 0.0, ""450-475"": 0.0, ""475-500"": 0.0}",0.00,0.00,0.00,0.00,0.00,0.00,0.00,2025-10-24,,settlement_export
2025-10-24 10:00:00,2025/10/24 23:59:59 CT,2027-10-27,350-375,,,,,0.00,"{""325-350"": 0.0, ""350-375"": 0.0, ""375-400"": 0.0, ""400-425"": 0.0, ""425-450"": 0.0, ""450-475"": 0.0, ""475-500"": 0.0}",0.00,0.00,0.00,0.00,0.00,0.00,0.00,2025-10-24,,settlement_export
2025-10-24 10:00:00,2025/10/24 23:59:59 CT,2027-12-08,350-375,,,,,0.00,"{""325-350"": 0.0, ""350-375"": 0.0, ""375-400"": 0.0, ""400-425"": 0.0, ""425-450"": 0.0, ""450-475"": 0.0, ""475-500"": 0.0}",0.00,0.00,0.00,0.00,0.00,0.00,0.00,2025-10-24,,settlement_export
2025-10-27 10:00:00,2025/10/27 23:59:59 CT,2026-09-16,350-375,,,,300-325,31.63,"{""325-350"": 0.192046, ""350-375"": 0.051124, ""375-400"": 0.002517, ""400-425"": 3.4e-05, ""425-450"": 0.0, ""450-475"": 0.0, ""475-500"": 0.0}",19.20,5.11,0.25,0.00,0.00,0.00,0.00,2025-10-27,,settlement_export
2025-10-27 10:00:00,2025/10/27 23:59:59 CT,2026-10-28,350-375,,,,300-325,29.70,"{""325-350"": 0.170203, ""350-375"": 0.04359, ""375-400"": 0.002132, ""400-425"": 2.9e-05, ""425-450"": 0.0, ""450-475"": 0.0, ""475-500"": 0.0}",17.02,4.36,0.21,0.00,0.00,0.00,0.00,2025-10-27,,settlement_export
2025-10-27 10:00:00,2025/10/27 23:59:59 CT,2026-12-09,350-375,,,,,0.00,"{""325-350"": 0.0, ""350-375"": 0.0, ""375-400"": 0.0, ""400-425"": 0.0, ""425-450"": 0.0, ""450-475"": 0.0, ""475-500"": 0.0}",0.00,0.00,0.00,0.00,0.00,0.00,0.00,2025-10-27,,settlement_export
2025-10-27 10:00:00,2025/10/27 23:59:59 CT,2027-01-27,350-375,,,,,0.00,"{""325-350"": 0.0, ""350-375"": 0.0, ""375-400"": 0.0, ""400-425"": 0.0, ""425-450"": 0.0, ""450-475"": 0.0, ""475-500"": 0.0}",0.00,0.00,0.00,0.00,0.00,0.00,0.00,2025-10-27,,settlement_export
2025-10-27 10:00:00,2025/10/27 23:59:59 CT,2027-03-17,350-375,,,,,0.00,"{""325-350"": 0.0, ""350-375"": 0.0, ""375-400"": 0.0, ""400-425"": 0.0, ""425-450"": 0.0, ""450-475"": 0.0, ""475-500"": 0.0}",0.00,0.00,0.00,0.00,0.00,0.00,0.00,2025-10-27,,settlement_export
2025-10-27 10:00:00,2025/10/27 23:59:59 CT,2027-04-28,350-375,,,,,0.00,"{""325-350"": 0.0, ""350-375"": 0.0, ""375-400"": 0.0, ""400-425"": 0.0, ""425-450"": 0.0, ""450-475"": 0.0, ""475-500"": 0.0}",0.00,0.00,0.00,0.00,0.00,0.00,0.00,2025-10-27,,settlement_export
2025-10-27 10:00:00,2025/10/27 23:59:59 CT,2027-06-09,350-375,,,,,0.00,"{""325-350"": 0.0, ""350-375"": 0.0, ""375-400"": 0.0, ""400-425"": 0.0, ""425-450"": 0.0, ""450-475"": 0.0, ""475-500"": 0.0}",0.00,0.00,0.00,0.00,0.00,0.00,0.00,2025-10-27,,settlement_export
2025-10-27 10:00:00,2025/10/27 23:59:59 CT,2027-07-28,350-375,,,,,0.00,"{""325-350"": 0.0, ""350-375"": 0.0, ""375-400"": 0.0, ""400-425"": 0.0, ""425-450"": 0.0, ""450-475"": 0.0, ""475-500"": 0.0}",0.00,0.00,0.00,0.00,0.00,0.00,0.00,2025-10-27,,settlement_export
2025-10-27 10:00:00,2025/10/27 23:59:59 CT,2027-09-15,350-375,,,,,0.00,"{""325-350"": 0.0, ""350-375"": 0.0, ""375-400"": 0.0, ""400-425"": 0.0, ""425-450"": 0.0, ""450-475"": 0.0, ""475-500"": 0.0}",0.00,0.00,0.00,0.00,0.00,0.00,0.00,2025-10-27,,settlement_export
2025-10-27 10:00:00,2025/10/27 23:59:59 CT,2027-10-27,350-375,,,,,0.00,"{""325-350"": 0.0, ""350-375"": 0.0, ""375-400"": 0.0, ""400-425"": 0.0, ""425-450"": 0.0, ""450-475"": 0.0, ""475-500"": 0.0}",0.00,0.00,0.00,0.00,0.00,0.00,0.00,2025-10-27,,settlement_export
2025-10-27 10:00:00,2025/10/27 23:59:59 CT,2027-12-08,350-375,,,,,0.00,"{""325-350"": 0.0, ""350-375"": 0.0, ""375-400"": 0.0, ""400-425"": 0.0, ""425-450"": 0.0, ""450-475"": 0.0, ""475-500"": 0.0}",0.00,0.00,0.00,0.00,0.00,0.00,0.00,2025-10-27,,settlement_export
2025-10-28 10:00:00,2025/10/28 23:59:59 CT,2026-09-16,350-375,,,,300-325,31.48,"{""325-350"": 0.195718, ""350-375"": 0.055367, ""375-400"": 0.003884, ""400-425"": 0.0, ""425-450"": 0.0, ""450-475"": 0.0, ""475-500"": 0.0}",19.57,5.54,0.39,0.00,0.00,0.00,0.00,2025-10-28,,settlement_export
2025-10-28 10:00:00,2025/10/28 23:59:59 CT,2026-10-28,350-375,,,,300-325,29.64,"{""325-350"": 0.173964, ""350-375"": 0.047387, ""375-400"": 0.003282, ""400-425"": 0.0, ""425-450"": 0.0, ""450-475"": 0.0, ""475-500"": 0.0}",17.40,4.74,0.33,0.00,0.00,0.00,0.00,2025-10-28,,settlement_export
2025-10-28 10:00:00,2025/10/28 23:59:59 CT,2026-12-09,350-375,,,,,0.00,"{""325-350"": 0.0, ""350-375"": 0.0, ""375-400"": 0.0, ""400-425"": 0.0, ""425-450"": 0.0, ""450-475"": 0.0, ""475-500"": 0.0}",0.00,0.00,0.00,0.00,0.00,0.00,0.00,2025-10-28,,settlement_export
2025-10-28 10:00:00,2025/10/28 23:59:59 CT,2027-01-27,350-375,,,,,0.00,"{""325-350"": 0.0, ""350-375"": 0.0, ""375-400"": 0.0, ""400-425"": 0.0, ""425-450"": 0.0, ""450-475"": 0.0, ""475-500"": 0.0}",0.00,0.00,0.00,0.00,0.00,0.00,0.00,2025-10-28,,settlement_export
2025-10-28 10:00:00,2025/10/28 23:59:59 CT,2027-03-17,350-375,,,,,0.00,"{""325-350"": 0.0, ""350-375"": 0.0, ""375-400"": 0.0, ""400-425"": 0.0, ""425-450"": 0.0, ""450-475"": 0.0, ""475-500"": 0.0}",0.00,0.00,0.00,0.00,0.00,0.00,0.00,2025-10-28,,settlement_export
2025-10-28 10:00:00,2025/10/28 23:59:59 CT,2027-04-28,350-375,,,,,0.00,"{""325-350"": 0.0, ""350-375"": 0.0, ""375-400"": 0.0, ""400-425"": 0.0, ""425-450"": 0.0, ""450-475"": 0.0, ""475-500"": 0.0}",0.00,0.00,0.00,0.00,0.00,0.00,0.00,2025-10-28,,settlement_export
2025-10-28 10:00:00,2025/10/28 23:59:59 CT,2027-06-09,350-375,,,,,0.00,"{""325-350"": 0.0, ""350-375"": 0.0, ""375-400"": 0.0, ""400-425"": 0.0, ""425-450"": 0.0, ""450-475"": 0.0, ""475-500"": 0.0}",0.00,0.00,0.00,0.00,0.00,0.00,0.00,2025-10-28,,settlement_export
2025-10-28 10:00:00,2025/10/28 23:59:59 CT,2027-07-28,350-375,,,,,0.00,"{""325-350"": 0.0, ""350-375"": 0.0, ""375-400"": 0.0, ""400-425"": 0.0, ""425-450"": 0.0, ""450-475"": 0.0, ""475-500"": 0.0}",0.00,0.00,0.00,0.00,0.00,0.00,0.00,2025-10-28,,settlement_export
2025-10-28 10:00:00,2025/10/28 23:59:59 CT,2027-09-15,350-375,,,,,0.00,"{""325-350"": 0.0, ""350-375"": 0.0, ""375-400"": 0.0, ""400-425"": 0.0, ""425-450"": 0.0, ""450-475"": 0.0, ""475-500"": 0.0}",0.00,0.00,0.00,0.00,0.00,0.00,0.00,2025-10-28,,settlement_export
2025-10-28 10:00:00,2025/10/28 23:59:59 CT,2027-10-27,350-375,,,,,0.00,"{""325-350"": 0.0, ""350-375"": 0.0, ""375-400"": 0.0, ""400-425"": 0.0, ""425-450"": 0.0, ""450-475"": 0.0, ""475-500"": 0.0}",0.00,0.00,0.00,0.00,0.00,0.00,0.00,2025-10-28,,settlement_export
2025-10-28 10:00:00,2025/10/28 23:59:59 CT,2027-12-08,350-375,,,,,0.00,"{""325-350"": 0.0, ""350-375"": 0.0, ""375-400"": 0.0, ""400-425"": 0.0, ""425-450"": 0.0, ""450-475"": 0.0, ""475-500"": 0.0}",0.00,0.00,0.00,0.00,0.00,0.00,0.00,2025-10-28,,settlement_export
2025-10-29 10:00:00,2025/10/29 23:59:59 CT,2026-09-16,350-375,,,,300-325,30.27,"{""325-350"": 0.242, ""350-375"": 0.104771, ""375-400"": 0.021318, ""400-425"": 0.001493, ""425-450"": 0.0, ""450-475"": 0.0, ""475-500"": 0.0}",24.20,10.48,2.13,0.15,0.00,0.00,0.00,2025-10-29,,settlement_export
2025-10-29 10:00:00,2025/10/29 23:59:59 CT,2026-10-28,350-375,,,,300-325,29.20,"{""325-350"": 0.217691, ""350-375"": 0.089988, ""375-400"": 0.017806, ""400-425"": 0.001228, ""425-450"": 0.0, ""450-475"": 0.0, ""475-500"": 0.0}",21.77,9.00,1.78,0.12,0.00,0.00,0.00,2025-10-29,,settlement_export
2025-10-29 10:00:00,2025/10/29 23:59:59 CT,2026-12-09,350-375,,,,,0.00,"{""325-350"": 0.0, ""350-375"": 0.0, ""375-400"": 0.0, ""400-425"": 0.0, ""425-450"": 0.0, ""450-475"": 0.0, ""475-500"": 0.0}",0.00,0.00,0.00,0.00,0.00,0.00,0.00,2025-10-29,,settlement_export
2025-10-29 10:00:00,2025/10/29 23:59:59 CT,2027-01-27,350-375,,,,,0.00,"{""325-350"": 0.0, ""350-375"": 0.0, ""375-400"": 0.0, ""400-425"": 0.0, ""425-450"": 0.0, ""450-475"": 0.0, ""475-500"": 0.0}",0.00,0.00,0.00,0.00,0.00,0.00,0.00,2025-10-29,,settlement_export
2025-10-29 10:00:00,2025/10/29 23:59:59 CT,2027-03-17,350-375,,,,,0.00,"{""325-350"": 0.0, ""350-375"": 0.0, ""375-400"": 0.0, ""400-425"": 0.0, ""425-450"": 0.0, ""450-475"": 0.0, ""475-500"": 0.0}",0.00,0.00,0.00,0.00,0.00,0.00,0.00,2025-10-29,,settlement_export
2025-10-29 10:00:00,2025/10/29 23:59:59 CT,2027-04-28,350-375,,,,,0.00,"{""325-350"": 0.0, ""350-375"": 0.0, ""375-400"": 0.0, ""400-425"": 0.0, ""425-450"": 0.0, ""450-475"": 0.0, ""475-500"": 0.0}",0.00,0.00,0.00,0.00,0.00,0.00,0.00,2025-10-29,,settlement_export
2025-10-29 10:00:00,2025/10/29 23:59:59 CT,2027-06-09,350-375,,,,,0.00,"{""325-350"": 0.0, ""350-375"": 0.0, ""375-400"": 0.0, ""400-425"": 0.0, ""425-450"": 0.0, ""450-475"": 0.0, ""475-500"": 0.0}",0.00,0.00,0.00,0.00,0.00,0.00,0.00,2025-10-29,,settlement_export
2025-10-29 10:00:00,2025/10/29 23:59:59 CT,2027-07-28,350-375,,,,,0.00,"{""325-350"": 0.0, ""350-375"": 0.0, ""375-400"": 0.0, ""400-425"": 0.0, ""425-450"": 0.0, ""450-475"": 0.0, ""475-500"": 0.0}",0.00,0.00,0.00,0.00,0.00,0.00,0.00,2025-10-29,,settlement_export
2025-10-29 10:00:00,2025/10/29 23:59:59 CT,2027-09-15,350-375,,,,,0.00,"{""325-350"": 0.0, ""350-375"": 0.0, ""375-400"": 0.0, ""400-425"": 0.0, ""425-450"": 0.0, ""450-475"": 0.0, ""475-500"": 0.0}",0.00,0.00,0.00,0.00,0.00,0.00,0.00,2025-10-29,,settlement_export
2025-10-29 10:00:00,2025/10/29 23:59:59 CT,2027-10-27,350-375,,,,,0.00,"{""325-350"": 0.0, ""350-375"": 0.0, ""375-400"": 0.0, ""400-425"": 0.0, ""425-450"": 0.0, ""450-475"": 0.0, ""475-500"": 0.0}",0.00,0.00,0.00,0.00,0.00,0.00,0.00,2025-10-29,,settlement_export
2025-10-29 10:00:00,2025/10/29 23:59:59 CT,2027-12-08,350-375,,,,,0.00,"{""325-350"": 0.0, ""350-375"": 0.0, ""375-400"": 0.0, ""400-425"": 0.0, ""425-450"": 0.0, ""450-475"": 0.0, ""475-500"": 0.0}",0.00,0.00,0.00,0.00,0.00,0.00,0.00,2025-10-29,,settlement_export
2025-10-30 10:00:00,2025/10/30 23:59:59 CT,2026-09-16,350-375,,,,300-325,31.20,"{""325-350"": 0.254232, ""350-375"": 0.104156, ""375-400"": 0.016103, ""400-425"": 0.0, ""425-450"": 0.0, ""450-475"": 0.0, ""475-500"": 0.0}",25.42,10.42,1.61,0.00,0.00,0.00,0.00,2025-10-30,,settlement_export
2025-10-30 10:00:00,2025/10/30 23:59:59 CT,2026-10-28,350-375,,,,300-325,30.18,"{""325-350"": 0.227647, ""350-375"": 0.088558, ""375-400"": 0.013251, ""400-425"": 0.0, ""425-450"": 0.0, ""450-475"": 0.0, ""475-500"": 0.0}",22.76,8.86,1.33,0.00,0.00,0.00,0.00,2025-10-30,,settlement_export
2025-10-30 10:00:00,2025/10/30 23:59:59 CT,2026-12-09,350-375,,,,300-325,28.92,"{""325-350"": 0.204128, ""350-375"": 0.075824, ""375-400"": 0.01101, ""400-425"": 0.0, ""425-450"": 0.0, ""450-475"": 0.0, ""475-500"": 0.0}",20.41,7.58,1.10,0.00,0.00,0.00,0.00,2025-10-30,,settlement_export
2025-10-30 10:00:00,2025/10/30 23:59:59 CT,2027-01-27,350-375,,,,,0.00,"{""325-350"": 0.0, ""350-375"": 0.0, ""375-400"": 0.0, ""400-425"": 0.0, ""425-450"": 0.0, ""450-475"": 0.0, ""475-500"": 0.0}",0.00,0.00,0.00,0.00,0.00,0.00,0.00,2025-10-30,,settlement_export
2025-10-30 10:00:00,2025/10/30 23:59:59 CT,2027-03-17,350-375,,,,,0.00,"{""325-350"": 0.0, ""350-375"": 0.0, ""375-400"": 0.0, ""400-425"": 0.0, ""425-450"": 0.0, ""450-475"": 0.0, ""475-500"": 0.0}",0.00,0.00,0.00,0.00,0.00,0.00,0.00,2025-10-30,,settlement_export
2025-10-30 10:00:00,2025/10/30 23:59:59 CT,2027-04-28,350-375,,,,,0.00,"{""325-350"": 0.0, ""350-375"": 0.0, ""375-400"": 0.0, ""400-425"": 0.0, ""425-450"": 0.0, ""450-475"": 0.0, ""475-500"": 0.0}",0.00,0.00,0.00,0.00,0.00,0.00,0.00,2025-10-30,,settlement_export
2025-10-30 10:00:00,2025/10/30 23:59:59 CT,2027-06-09,350-375,,,,,0.00,"{""325-350"": 0.0, ""350-375"": 0.0, ""375-400"": 0.0, ""400-425"": 0.0, ""425-450"": 0.0, ""450-475"": 0.0, ""475-500"": 0.0}",0.00,0.00,0.00,0.00,0.00,0.00,0.00,2025-10-30,,settlement_export
2025-10-30 10:00:00,2025/10/30 23:59:59 CT,2027-07-28,350-375,,,,,0.00,"{""325-350"": 0.0, ""350-375"": 0.0, ""375-400"": 0.0, ""400-425"": 0.0, ""425-450"": 0.0, ""450-475"": 0.0, ""475-500"": 0.0}",0.00,0.00,0.00,0.00,0.00,0.00,0.00,2025-10-30,,settlement_export
2025-10-30 10:00:00,2025/10/30 23:59:59 CT,2027-09-15,350-375,,,,,0.00,"{""325-350"": 0.0, ""350-375"": 0.0, ""375-400"": 0.0, ""400-425"": 0.0, ""425-450"": 0.0, ""450-475"": 0.0, ""475-500"": 0.0}",0.00,0.00,0.00,0.00,0.00,0.00,0.00,2025-10-30,,settlement_export
2025-10-30 10:00:00,2025/10/30 23:59:59 CT,2027-10-27,350-375,,,,,0.00,"{""325-350"": 0.0, ""350-375"": 0.0, ""375-400"": 0.0, ""400-425"": 0.0, ""425-450"": 0.0, ""450-475"": 0.0, ""475-500"": 0.0}",0.00,0.00,0.00,0.00,0.00,0.00,0.00,2025-10-30,,settlement_export
2025-10-30 10:00:00,2025/10/30 23:59:59 CT,2027-12-08,350-375,,,,,0.00,"{""325-350"": 0.0, ""350-375"": 0.0, ""375-400"": 0.0, ""400-425"": 0.0, ""425-450"": 0.0, ""450-475"": 0.0, ""475-500"": 0.0}",0.00,0.00,0.00,0.00,0.00,0.00,0.00,2025-10-30,,settlement_export
2025-10-31 10:00:00,2025/10/31 23:59:59 CT,2026-09-16,350-375,,,,300-325,30.64,"{""325-350"": 0.26011, ""350-375"": 0.114718, ""375-400"": 0.020245, ""400-425"": 0.0, ""425-450"": 0.0, ""450-475"": 0.0, ""475-500"": 0.0}",26.01,11.47,2.02,0.00,0.00,0.00,0.00,2025-10-31,,settlement_export
2025-10-31 10:00:00,2025/10/31 23:59:59 CT,2026-10-28,350-375,,,,300-325,29.72,"{""325-350"": 0.231135, ""350-375"": 0.09589, ""375-400"": 0.01621, ""400-425"": 0.0, ""425-450"": 0.0, ""450-475"": 0.0, ""475-500"": 0.0}",23.11,9.59,1.62,0.00,0.00,0.00,0.00,2025-10-31,,settlement_export
2025-10-31 10:00:00,2025/10/31 23:59:59 CT,2026-12-09,350-375,,,,300-325,28.60,"{""325-350"": 0.208267, ""350-375"": 0.082417, ""375-400"": 0.013469, ""400-425"": 0.0, ""425-450"": 0.0, ""450-475"": 0.0, ""475-500"": 0.0}",20.83,8.24,1.35,0.00,0.00,0.00,0.00,2025-10-31,,settlement_export
2025-10-31 10:00:00,2025/10/31 23:59:59 CT,2027-01-27,350-375,,,,,0.00,"{""325-350"": 0.0, ""350-375"": 0.0, ""375-400"": 0.0, ""400-425"": 0.0, ""425-450"": 0.0, ""450-475"": 0.0, ""475-500"": 0.0}",0.00,0.00,0.00,0.00,0.00,0.00,0.00,2025-10-31,,settlement_export
2025-10-31 10:00:00,2025/10/31 23:59:59 CT,2027-03-17,350-375,,,,,0.00,"{""325-350"": 0.0, ""350-375"": 0.0, ""375-400"": 0.0, ""400-425"": 0.0, ""425-450"": 0.0, ""450-475"": 0.0, ""475-500"": 0.0}",0.00,0.00,0.00,0.00,0.00,0.00,0.00,2025-10-31,,settlement_export
2025-10-31 10:00:00,2025/10/31 23:59:59 CT,2027-04-28,350-375,,,,,0.00,"{""325-350"": 0.0, ""350-375"": 0.0, ""375-400"": 0.0, ""400-425"": 0.0, ""425-450"": 0.0, ""450-475"": 0.0, ""475-500"": 0.0}",0.00,0.00,0.00,0.00,0.00,0.00,0.00,2025-10-31,,settlement_export
2025-10-31 10:00:00,2025/10/31 23:59:59 CT,2027-06-09,350-375,,,,,0.00,"{""325-350"": 0.0, ""350-375"": 0.0, ""375-400"": 0.0, ""400-425"": 0.0, ""425-450"": 0.0, ""450-475"": 0.0, ""475-500"": 0.0}",0.00,0.00,0.00,0.00,0.00,0.00,0.00,2025-10-31,,settlement_export
2025-10-31 10:00:00,2025/10/31 23:59:59 CT,2027-07-28,350-375,,,,,0.00,"{""325-350"": 0.0, ""350-375"": 0.0, ""375-400"": 0.0, ""400-425"": 0.0, ""425-450"": 0.0, ""450-475"": 0.0, ""475-500"": 0.0}",0.00,0.00,0.00,0.00,0.00,0.00,0.00,2025-10-31,,settlement_export
2025-10-31 10:00:00,2025/10/31 23:59:59 CT,2027-09-15,350-375,,,,,0.00,"{""325-350"": 0.0, ""350-375"": 0.0, ""375-400"": 0.0, ""400-425"": 0.0, ""425-450"": 0.0, ""450-475"": 0.0, ""475-500"": 0.0}",0.00,0.00,0.00,0.00,0.00,0.00,0.00,2025-10-31,,settlement_export
2025-10-31 10:00:00,2025/10/31 23:59:59 CT,2027-10-27,350-375,,,,,0.00,"{""325-350"": 0.0, ""350-375"": 0.0, ""375-400"": 0.0, ""400-425"": 0.0, ""425-450"": 0.0, ""450-475"": 0.0, ""475-500"": 0.0}",0.00,0.00,0.00,0.00,0.00,0.00,0.00,2025-10-31,,settlement_export
2025-10-31 10:00:00,2025/10/31 23:59:59 CT,2027-12-08,350-375,,,,,0.00,"{""325-350"": 0.0, ""350-375"": 0.0, ""375-400"": 0.0, ""400-425"": 0.0, ""425-450"": 0.0, ""450-475"": 0.0, ""475-500"": 0.0}",0.00,0.00,0.00,0.00,0.00,0.00,0.00,2025-10-31,,settlement_export
2025-11-03 10:00:00,2025/11/3 23:59:59 CT,2026-09-16,350-375,,,,300-325,30.89,"{""325-350"": 0.25855, ""350-375"": 0.110902, ""375-400"": 0.018704, ""400-425"": 0.0, ""425-450"": 0.0, ""450-475"": 0.0, ""475-500"": 0.0}",25.86,11.09,1.87,0.00,0.00,0.00,0.00,2025-11-03,,settlement_export
2025-11-03 10:00:00,2025/11/3 23:59:59 CT,2026-10-28,350-375,,,,300-325,29.89,"{""325-350"": 0.229126, ""350-375"": 0.092528, ""375-400"": 0.014976, ""400-425"": 0.0, ""425-450"": 0.0, ""450-475"": 0.0, ""475-500"": 0.0}",22.91,9.25,1.50,0.00,0.00,0.00,0.00,2025-11-03,,settlement_export
2025-11-03 10:00:00,2025/11/3 23:59:59 CT,2026-12-09,350-375,,,,300-325,28.71,"{""325-350"": 0.206028, ""350-375"": 0.079415, ""375-400"": 0.012444, ""400-425"": 0.0, ""425-450"": 0.0, ""450-475"": 0.0, ""475-500"": 0.0}",20.60,7.94,1.24,0.00,0.00,0.00,0.00,2025-11-03,,settlement_export
2025-11-03 10:00:00,2025/11/3 23:59:59 CT,2027-01-27,350-375,,,,,0.00,"{""325-350"": 0.0, ""350-375"": 0.0, ""375-400"": 0.0, ""400-425"": 0.0, ""425-450"": 0.0, ""450-475"": 0.0, ""475-500"": 0.0}",0.00,0.00,0.00,0.00,0.00,0.00,0.00,2025-11-03,,settlement_export
2025-11-03 10:00:00,2025/11/3 23:59:59 CT,2027-03-17,350-375,,,,,0.00,"{""325-350"": 0.0, ""350-375"": 0.0, ""375-400"": 0.0, ""400-425"": 0.0, ""425-450"": 0.0, ""450-475"": 0.0, ""475-500"": 0.0}",0.00,0.00,0.00,0.00,0.00,0.00,0.00,2025-11-03,,settlement_export
2025-11-03 10:00:00,2025/11/3 23:59:59 CT,2027-04-28,350-375,,,,,0.00,"{""325-350"": 0.0, ""350-375"": 0.0, ""375-400"": 0.0, ""400-425"": 0.0, ""425-450"": 0.0, ""450-475"": 0.0, ""475-500"": 0.0}",0.00,0.00,0.00,0.00,0.00,0.00,0.00,2025-11-03,,settlement_export
2025-11-03 10:00:00,2025/11/3 23:59:59 CT,2027-06-09,350-375,,,,,0.00,"{""325-350"": 0.0, ""350-375"": 0.0, ""375-400"": 0.0, ""400-425"": 0.0, ""425-450"": 0.0, ""450-475"": 0.0, ""475-500"": 0.0}",0.00,0.00,0.00,0.00,0.00,0.00,0.00,2025-11-03,,settlement_export
2025-11-03 10:00:00,2025/11/3 23:59:59 CT,2027-07-28,350-375,,,,,0.00,"{""325-350"": 0.0, ""350-375"": 0.0, ""375-400"": 0.0, ""400-425"": 0.0, ""425-450"": 0.0, ""450-475"": 0.0, ""475-500"": 0.0}",0.00,0.00,0.00,0.00,0.00,0.00,0.00,2025-11-03,,settlement_export
2025-11-03 10:00:00,2025/11/3 23:59:59 CT,2027-09-15,350-375,,,,,0.00,"{""325-350"": 0.0, ""350-375"": 0.0, ""375-400"": 0.0, ""400-425"": 0.0, ""425-450"": 0.0, ""450-475"": 0.0, ""475-500"": 0.0}",0.00,0.00,0.00,0.00,0.00,0.00,0.00,2025-11-03,,settlement_export
2025-11-03 10:00:00,2025/11/3 23:59:59 CT,2027-10-27,350-375,,,,,0.00,"{""325-350"": 0.0, ""350-375"": 0.0, ""375-400"": 0.0, ""400-425"": 0.0, ""425-450"": 0.0, ""450-475"": 0.0, ""475-500"": 0.0}",0.00,0.00,0.00,0.00,0.00,0.00,0.00,2025-11-03,,settlement_export
2025-11-03 10:00:00,2025/11/3 23:59:59 CT,2027-12-08,350-375,,,,,0.00,"{""325-350"": 0.0, ""350-375"": 0.0, ""375-400"": 0.0, ""400-425"": 0.0, ""425-450"": 0.0, ""450-475"": 0.0, ""475-500"": 0.0}",0.00,0.00,0.00,0.00,0.00,0.00,0.00,2025-11-03,,settlement_export
2025-11-04 10:00:00,2025/11/4 23:59:59 CT,2026-09-16,350-375,,,,300-325,30.84,"{""325-350"": 0.252429, ""350-375"": 0.106337, ""375-400"": 0.017557, ""400-425"": 0.0, ""425-450"": 0.0, ""450-475"": 0.0, ""475-500"": 0.0}",25.24,10.63,1.76,0.00,0.00,0.00,0.00,2025-11-04,,settlement_export
2025-11-04 10:00:00,2025/11/4 23:59:59 CT,2026-10-28,350-375,,,,300-325,29.72,"{""325-350"": 0.223315, ""350-375"": 0.088644, ""375-400"": 0.014058, ""400-425"": 0.0, ""425-450"": 0.0, ""450-475"": 0.0, ""475-500"": 0.0}",22.33,8.86,1.41,0.00,0.00,0.00,0.00,2025-11-04,,settlement_export
2025-11-04 10:00:00,2025/11/4 23:59:59 CT,2026-12-09,350-375,,,,300-325,28.47,"{""325-350"": 0.200543, ""350-375"": 0.076032, ""375-400"": 0.011681, ""400-425"": 0.0, ""425-450"": 0.0, ""450-475"": 0.0, ""475-500"": 0.0}",20.05,7.60,1.17,0.00,0.00,0.00,0.00,2025-11-04,,settlement_export
2025-11-04 10:00:00,2025/11/4 23:59:59 CT,2027-01-27,350-375,,,,,0.00,"{""325-350"": 0.0, ""350-375"": 0.0, ""375-400"": 0.0, ""400-425"": 0.0, ""425-450"": 0.0, ""450-475"": 0.0, ""475-500"": 0.0}",0.00,0.00,0.00,0.00,0.00,0.00,0.00,2025-11-04,,settlement_export
2025-11-04 10:00:00,2025/11/4 23:59:59 CT,2027-03-17,350-375,,,,,0.00,"{""325-350"": 0.0, ""350-375"": 0.0, ""375-400"": 0.0, ""400-425"": 0.0, ""425-450"": 0.0, ""450-475"": 0.0, ""475-500"": 0.0}",0.00,0.00,0.00,0.00,0.00,0.00,0.00,2025-11-04,,settlement_export
2025-11-04 10:00:00,2025/11/4 23:59:59 CT,2027-04-28,350-375,,,,,0.00,"{""325-350"": 0.0, ""350-375"": 0.0, ""375-400"": 0.0, ""400-425"": 0.0, ""425-450"": 0.0, ""450-475"": 0.0, ""475-500"": 0.0}",0.00,0.00,0.00,0.00,0.00,0.00,0.00,2025-11-04,,settlement_export
2025-11-04 10:00:00,2025/11/4 23:59:59 CT,2027-06-09,350-375,,,,,0.00,"{""325-350"": 0.0, ""350-375"": 0.0, ""375-400"": 0.0, ""400-425"": 0.0, ""425-450"": 0.0, ""450-475"": 0.0, ""475-500"": 0.0}",0.00,0.00,0.00,0.00,0.00,0.00,0.00,2025-11-04,,settlement_export
2025-11-04 10:00:00,2025/11/4 23:59:59 CT,2027-07-28,350-375,,,,,0.00,"{""325-350"": 0.0, ""350-375"": 0.0, ""375-400"": 0.0, ""400-425"": 0.0, ""425-450"": 0.0, ""450-475"": 0.0, ""475-500"": 0.0}",0.00,0.00,0.00,0.00,0.00,0.00,0.00,2025-11-04,,settlement_export
2025-11-04 10:00:00,2025/11/4 23:59:59 CT,2027-09-15,350-375,,,,,0.00,"{""325-350"": 0.0, ""350-375"": 0.0, ""375-400"": 0.0, ""400-425"": 0.0, ""425-450"": 0.0, ""450-475"": 0.0, ""475-500"": 0.0}",0.00,0.00,0.00,0.00,0.00,0.00,0.00,2025-11-04,,settlement_export
2025-11-04 10:00:00,2025/11/4 23:59:59 CT,2027-10-27,350-375,,,,,0.00,"{""325-350"": 0.0, ""350-375"": 0.0, ""375-400"": 0.0, ""400-425"": 0.0, ""425-450"": 0.0, ""450-475"": 0.0, ""475-500"": 0.0}",0.00,0.00,0.00,0.00,0.00,0.00,0.00,2025-11-04,,settlement_export
2025-11-04 10:00:00,2025/11/4 23:59:59 CT,2027-12-08,350-375,,,,,0.00,"{""325-350"": 0.0, ""350-375"": 0.0, ""375-400"": 0.0, ""400-425"": 0.0, ""425-450"": 0.0, ""450-475"": 0.0, ""475-500"": 0.0}",0.00,0.00,0.00,0.00,0.00,0.00,0.00,2025-11-04,,settlement_export
2025-11-05 10:00:00,2025/11/5 23:59:59 CT,2026-09-16,350-375,,,,300-325,30.00,"{""325-350"": 0.280435, ""350-375"": 0.13628, ""375-400"": 0.026452, ""400-425"": 0.0, ""425-450"": 0.0, ""450-475"": 0.0, ""475-500"": 0.0}",28.04,13.63,2.65,0.00,0.00,0.00,0.00,2025-11-05,,settlement_export
2025-11-05 10:00:00,2025/11/5 23:59:59 CT,2026-10-28,350-375,,,,300-325,29.65,"{""325-350"": 0.254899, ""350-375"": 0.116825, ""375-400"": 0.021766, ""400-425"": 0.0, ""425-450"": 0.0, ""450-475"": 0.0, ""475-500"": 0.0}",25.49,11.68,2.18,0.00,0.00,0.00,0.00,2025-11-05,,settlement_export
2025-11-05 10:00:00,2025/11/5 23:59:59 CT,2026-12-09,350-375,,,,300-325,28.95,"{""325-350"": 0.231552, ""350-375"": 0.100751, ""375-400"": 0.018086, ""400-425"": 0.0, ""425-450"": 0.0, ""450-475"": 0.0, ""475-500"": 0.0}",23.16,10.08,1.81,0.00,0.00,0.00,0.00,2025-11-05,,settlement_export
2025-11-05 10:00:00,2025/11/5 23:59:59 CT,2027-01-27,350-375,,,,,0.00,"{""325-350"": 0.0, ""350-375"": 0.0, ""375-400"": 0.0, ""400-425"": 0.0, ""425-450"": 0.0, ""450-475"": 0.0, ""475-500"": 0.0}",0.00,0.00,0.00,0.00,0.00,0.00,0.00,2025-11-05,,settlement_export
2025-11-05 10:00:00,2025/11/5 23:59:59 CT,2027-03-17,350-375,,,,,0.00,"{""325-350"": 0.0, ""350-375"": 0.0, ""375-400"": 0.0, ""400-425"": 0.0, ""425-450"": 0.0, ""450-475"": 0.0, ""475-500"": 0.0}",0.00,0.00,0.00,0.00,0.00,0.00,0.00,2025-11-05,,settlement_export
2025-11-05 10:00:00,2025/11/5 23:59:59 CT,2027-04-28,350-375,,,,,0.00,"{""325-350"": 0.0, ""350-375"": 0.0, ""375-400"": 0.0, ""400-425"": 0.0, ""425-450"": 0.0, ""450-475"": 0.0, ""475-500"": 0.0}",0.00,0.00,0.00,0.00,0.00,0.00,0.00,2025-11-05,,settlement_export
2025-11-05 10:00:00,2025/11/5 23:59:59 CT,2027-06-09,350-375,,,,,0.00,"{""325-350"": 0.0, ""350-375"": 0.0, ""375-400"": 0.0, ""400-425"": 0.0, ""425-450"": 0.0, ""450-475"": 0.0, ""475-500"": 0.0}",0.00,0.00,0.00,0.00,0.00,0.00,0.00,2025-11-05,,settlement_export
2025-11-05 10:00:00,2025/11/5 23:59:59 CT,2027-07-28,350-375,,,,,0.00,"{""325-350"": 0.0, ""350-375"": 0.0, ""375-400"": 0.0, ""400-425"": 0.0, ""425-450"": 0.0, ""450-475"": 0.0, ""475-500"": 0.0}",0.00,0.00,0.00,0.00,0.00,0.00,0.00,2025-11-05,,settlement_export
2025-11-05 10:00:00,2025/11/5 23:59:59 CT,2027-09-15,350-375,,,,,0.00,"{""325-350"": 0.0, ""350-375"": 0.0, ""375-400"": 0.0, ""400-425"": 0.0, ""425-450"": 0.0, ""450-475"": 0.0, ""475-500"": 0.0}",0.00,0.00,0.00,0.00,0.00,0.00,0.00,2025-11-05,,settlement_export
2025-11-05 10:00:00,2025/11/5 23:59:59 CT,2027-10-27,350-375,,,,,0.00,"{""325-350"": 0.0, ""350-375"": 0.0, ""375-400"": 0.0, ""400-425"": 0.0, ""425-450"": 0.0, ""450-475"": 0.0, ""475-500"": 0.0}",0.00,0.00,0.00,0.00,0.00,0.00,0.00,2025-11-05,,settlement_export
2025-11-05 10:00:00,2025/11/5 23:59:59 CT,2027-12-08,350-375,,,,,0.00,"{""325-350"": 0.0, ""350-375"": 0.0, ""375-400"": 0.0, ""400-425"": 0.0, ""425-450"": 0.0, ""450-475"": 0.0, ""475-500"": 0.0}",0.00,0.00,0.00,0.00,0.00,0.00,0.00,2025-11-05,,settlement_export
2025-11-06 10:00:00,2025/11/6 23:59:59 CT,2026-09-16,350-375,,,,300-325,30.90,"{""325-350"": 0.244526, ""350-375"": 0.099635, ""375-400"": 0.015896, ""400-425"": 0.0, ""425-450"": 0.0, ""450-475"": 0.0, ""475-500"": 0.0}",24.45,9.96,1.59,0.00,0.00,0.00,0.00,2025-11-06,,settlement_export
2025-11-06 10:00:00,2025/11/6 23:59:59 CT,2026-10-28,350-375,,,,300-325,29.76,"{""325-350"": 0.21886, ""350-375"": 0.084801, ""375-400"": 0.01308, ""400-425"": 0.0, ""425-450"": 0.0, ""450-475"": 0.0, ""475-500"": 0.0}",21.89,8.48,1.31,0.00,0.00,0.00,0.00,2025-11-06,,settlement_export
2025-11-06 10:00:00,2025/11/6 23:59:59 CT,2026-12-09,350-375,,,,300-325,28.43,"{""325-350"": 0.196192, ""350-375"": 0.072674, ""375-400"": 0.010868, ""400-425"": 0.0, ""425-450"": 0.0, ""450-475"": 0.0, ""475-500"": 0.0}",19.62,7.27,1.09,0.00,0.00,0.00,0.00,2025-11-06,,settlement_export
2025-11-06 10:00:00,2025/11/6 23:59:59 CT,2027-01-27,350-375,,,,,0.00,"{""325-350"": 0.0, ""350-375"": 0.0, ""375-400"": 0.0, ""400-425"": 0.0, ""425-450"": 0.0, ""450-475"": 0.0, ""475-500"": 0.0}",0.00,0.00,0.00,0.00,0.00,0.00,0.00,2025-11-06,,settlement_export
2025-11-06 10:00:00,2025/11/6 23:59:59 CT,2027-03-17,350-375,,,,,0.00,"{""325-350"": 0.0, ""350-375"": 0.0, ""375-400"": 0.0, ""400-425"": 0.0, ""425-450"": 0.0, ""450-475"": 0.0, ""475-500"": 0.0}",0.00,0.00,0.00,0.00,0.00,0.00,0.00,2025-11-06,,settlement_export
2025-11-06 10:00:00,2025/11/6 23:59:59 CT,2027-04-28,350-375,,,,,0.00,"{""325-350"": 0.0, ""350-375"": 0.0, ""375-400"": 0.0, ""400-425"": 0.0, ""425-450"": 0.0, ""450-475"": 0.0, ""475-500"": 0.0}",0.00,0.00,0.00,0.00,0.00,0.00,0.00,2025-11-06,,settlement_export
2025-11-06 10:00:00,2025/11/6 23:59:59 CT,2027-06-09,350-375,,,,,0.00,"{""325-350"": 0.0, ""350-375"": 0.0, ""375-400"": 0.0, ""400-425"": 0.0, ""425-450"": 0.0, ""450-475"": 0.0, ""475-500"": 0.0}",0.00,0.00,0.00,0.00,0.00,0.00,0.00,2025-11-06,,settlement_export
2025-11-06 10:00:00,2025/11/6 23:59:59 CT,2027-07-28,350-375,,,,,0.00,"{""325-350"": 0.0, ""350-375"": 0.0, ""375-400"": 0.0, ""400-425"": 0.0, ""425-450"": 0.0, ""450-475"": 0.0, ""475-500"": 0.0}",0.00,0.00,0.00,0.00,0.00,0.00,0.00,2025-11-06,,settlement_export
2025-11-06 10:00:00,2025/11/6 23:59:59 CT,2027-09-15,350-375,,,,,0.00,"{""325-350"": 0.0, ""350-375"": 0.0, ""375-400"": 0.0, ""400-425"": 0.0, ""425-450"": 0.0, ""450-475"": 0.0, ""475-500"": 0.0}",0.00,0.00,0.00,0.00,0.00,0.00,0.00,2025-11-06,,settlement_export
2025-11-06 10:00:00,2025/11/6 23:59:59 CT,2027-10-27,350-375,,,,,0.00,"{""325-350"": 0.0, ""350-375"": 0.0, ""375-400"": 0.0, ""400-425"": 0.0, ""425-450"": 0.0, ""450-475"": 0.0, ""475-500"": 0.0}",0.00,0.00,0.00,0.00,0.00,0.00,0.00,2025-11-06,,settlement_export
2025-11-06 10:00:00,2025/11/6 23:59:59 CT,2027-12-08,350-375,,,,,0.00,"{""325-350"": 0.0, ""350-375"": 0.0, ""375-400"": 0.0, ""400-425"": 0.0, ""425-450"": 0.0, ""450-475"": 0.0, ""475-500"": 0.0}",0.00,0.00,0.00,0.00,0.00,0.00,0.00,2025-11-06,,settlement_export
2025-11-07 10:00:00,2025/11/7 23:59:59 CT,2026-09-16,350-375,,,,300-325,30.73,"{""325-350"": 0.23725, ""350-375"": 0.095623, ""375-400"": 0.015426, ""400-425"": 0.0, ""425-450"": 0.0, ""450-475"": 0.0, ""475-500"": 0.0}",23.72,9.56,1.54,0.00,0.00,0.00,0.00,2025-11-07,,settlement_export
2025-11-07 10:00:00,2025/11/7 23:59:59 CT,2026-10-28,350-375,,,,300-325,29.49,"{""325-350"": 0.212162, ""350-375"": 0.081416, ""375-400"": 0.012693, ""400-425"": 0.0, ""425-450"": 0.0, ""450-475"": 0.0, ""475-500"": 0.0}",21.22,8.14,1.27,0.00,0.00,0.00,0.00,2025-11-07,,settlement_export
2025-11-07 10:00:00,2025/11/7 23:59:59 CT,2026-12-09,350-375,,,,300-325,28.09,"{""325-350"": 0.190054, ""350-375"": 0.069796, ""375-400"": 0.010547, ""400-425"": 0.0, ""425-450"": 0.0, ""450-475"": 0.0, ""475-500"": 0.0}",19.01,6.98,1.05,0.00,0.00,0.00,0.00,2025-11-07,,settlement_export
2025-11-07 10:00:00,2025/11/7 23:59:59 CT,2027-01-27,350-375,,,,,0.00,"{""325-350"": 0.0, ""350-375"": 0.0, ""375-400"": 0.0, ""400-425"": 0.0, ""425-450"": 0.0, ""450-475"": 0.0, ""475-500"": 0.0}",0.00,0.00,0.00,0.00,0.00,0.00,0.00,2025-11-07,,settlement_export
2025-11-07 10:00:00,2025/11/7 23:59:59 CT,2027-03-17,350-375,,,,,0.00,"{""325-350"": 0.0, ""350-375"": 0.0, ""375-400"": 0.0, ""400-425"": 0.0, ""425-450"": 0.0, ""450-475"": 0.0, ""475-500"": 0.0}",0.00,0.00,0.00,0.00,0.00,0.00,0.00,2025-11-07,,settlement_export
2025-11-07 10:00:00,2025/11/7 23:59:59 CT,2027-04-28,350-375,,,,,0.00,"{""325-350"": 0.0, ""350-375"": 0.0, ""375-400"": 0.0, ""400-425"": 0.0, ""425-450"": 0.0, ""450-475"": 0.0, ""475-500"": 0.0}",0.00,0.00,0.00,0.00,0.00,0.00,0.00,2025-11-07,,settlement_export
2025-11-07 10:00:00,2025/11/7 23:59:59 CT,2027-06-09,350-375,,,,,0.00,"{""325-350"": 0.0, ""350-375"": 0.0, ""375-400"": 0.0, ""400-425"": 0.0, ""425-450"": 0.0, ""450-475"": 0.0, ""475-500"": 0.0}",0.00,0.00,0.00,0.00,0.00,0.00,0.00,2025-11-07,,settlement_export
2025-11-07 10:00:00,2025/11/7 23:59:59 CT,2027-07-28,350-375,,,,,0.00,"{""325-350"": 0.0, ""350-375"": 0.0, ""375-400"": 0.0, ""400-425"": 0.0, ""425-450"": 0.0, ""450-475"": 0.0, ""475-500"": 0.0}",0.00,0.00,0.00,0.00,0.00,0.00,0.00,2025-11-07,,settlement_export
2025-11-07 10:00:00,2025/11/7 23:59:59 CT,2027-09-15,350-375,,,,,0.00,"{""325-350"": 0.0, ""350-375"": 0.0, ""375-400"": 0.0, ""400-425"": 0.0, ""425-450"": 0.0, ""450-475"": 0.0, ""475-500"": 0.0}",0.00,0.00,0.00,0.00,0.00,0.00,0.00,2025-11-07,,settlement_export
2025-11-07 10:00:00,2025/11/7 23:59:59 CT,2027-10-27,350-375,,,,,0.00,"{""325-350"": 0.0, ""350-375"": 0.0, ""375-400"": 0.0, ""400-425"": 0.0, ""425-450"": 0.0, ""450-475"": 0.0, ""475-500"": 0.0}",0.00,0.00,0.00,0.00,0.00,0.00,0.00,2025-11-07,,settlement_export
2025-11-07 10:00:00,2025/11/7 23:59:59 CT,2027-12-08,350-375,,,,,0.00,"{""325-350"": 0.0, ""350-375"": 0.0, ""375-400"": 0.0, ""400-425"": 0.0, ""425-450"": 0.0, ""450-475"": 0.0, ""475-500"": 0.0}",0.00,0.00,0.00,0.00,0.00,0.00,0.00,2025-11-07,,settlement_export
2025-11-10 10:00:00,2025/11/10 23:59:59 CT,2026-09-16,350-375,,,,300-325,30.37,"{""325-350"": 0.255487, ""350-375"": 0.113524, ""375-400"": 0.020472, ""400-425"": 0.0, ""425-450"": 0.0, ""450-475"": 0.0, ""475-500"": 0.0}",25.55,11.35,2.05,0.00,0.00,0.00,0.00,2025-11-10,,settlement_export
2025-11-10 10:00:00,2025/11/10 23:59:59 CT,2026-10-28,350-375,,,,300-325,29.51,"{""325-350"": 0.230339, ""350-375"": 0.09704, ""375-400"": 0.016846, ""400-425"": 0.0, ""425-450"": 0.0, ""450-475"": 0.0, ""475-500"": 0.0}",23.03,9.70,1.68,0.00,0.00,0.00,0.00,2025-11-10,,settlement_export
2025-11-10 10:00:00,2025/11/10 23:59:59 CT,2026-12-09,350-375,,,,300-325,28.42,"{""325-350"": 0.207799, ""350-375"": 0.08348, ""375-400"": 0.013997, ""400-425"": 0.0, ""425-450"": 0.0, ""450-475"": 0.0, ""475-500"": 0.0}",20.78,8.35,1.40,0.00,0.00,0.00,0.00,2025-11-10,,settlement_export
2025-11-10 10:00:00,2025/11/10 23:59:59 CT,2027-01-27,350-375,,,,,0.00,"{""325-350"": 0.0, ""350-375"": 0.0, ""375-400"": 0.0, ""400-425"": 0.0, ""425-450"": 0.0, ""450-475"": 0.0, ""475-500"": 0.0}",0.00,0.00,0.00,0.00,0.00,0.00,0.00,2025-11-10,,settlement_export
2025-11-10 10:00:00,2025/11/10 23:59:59 CT,2027-03-17,350-375,,,,,0.00,"{""325-350"": 0.0, ""350-375"": 0.0, ""375-400"": 0.0, ""400-425"": 0.0, ""425-450"": 0.0, ""450-475"": 0.0, ""475-500"": 0.0}",0.00,0.00,0.00,0.00,0.00,0.00,0.00,2025-11-10,,settlement_export
2025-11-10 10:00:00,2025/11/10 23:59:59 CT,2027-04-28,350-375,,,,,0.00,"{""325-350"": 0.0, ""350-375"": 0.0, ""375-400"": 0.0, ""400-425"": 0.0, ""425-450"": 0.0, ""450-475"": 0.0, ""475-500"": 0.0}",0.00,0.00,0.00,0.00,0.00,0.00,0.00,2025-11-10,,settlement_export
2025-11-10 10:00:00,2025/11/10 23:59:59 CT,2027-06-09,350-375,,,,,0.00,"{""325-350"": 0.0, ""350-375"": 0.0, ""375-400"": 0.0, ""400-425"": 0.0, ""425-450"": 0.0, ""450-475"": 0.0, ""475-500"": 0.0}",0.00,0.00,0.00,0.00,0.00,0.00,0.00,2025-11-10,,settlement_export
2025-11-10 10:00:00,2025/11/10 23:59:59 CT,2027-07-28,350-375,,,,,0.00,"{""325-350"": 0.0, ""350-375"": 0.0, ""375-400"": 0.0, ""400-425"": 0.0, ""425-450"": 0.0, ""450-475"": 0.0, ""475-500"": 0.0}",0.00,0.00,0.00,0.00,0.00,0.00,0.00,2025-11-10,,settlement_export
2025-11-10 10:00:00,2025/11/10 23:59:59 CT,2027-09-15,350-375,,,,,0.00,"{""325-350"": 0.0, ""350-375"": 0.0, ""375-400"": 0.0, ""400-425"": 0.0, ""425-450"": 0.0, ""450-475"": 0.0, ""475-500"": 0.0}",0.00,0.00,0.00,0.00,0.00,0.00,0.00,2025-11-10,,settlement_export
2025-11-10 10:00:00,2025/11/10 23:59:59 CT,2027-10-27,350-375,,,,,0.00,"{""325-350"": 0.0, ""350-375"": 0.0, ""375-400"": 0.0, ""400-425"": 0.0, ""425-450"": 0.0, ""450-475"": 0.0, ""475-500"": 0.0}",0.00,0.00,0.00,0.00,0.00,0.00,0.00,2025-11-10,,settlement_export
2025-11-10 10:00:00,2025/11/10 23:59:59 CT,2027-12-08,350-375,,,,,0.00,"{""325-350"": 0.0, ""350-375"": 0.0, ""375-400"": 0.0, ""400-425"": 0.0, ""425-450"": 0.0, ""450-475"": 0.0, ""475-500"": 0.0}",0.00,0.00,0.00,0.00,0.00,0.00,0.00,2025-11-10,,settlement_export
2025-11-11 10:00:00,2025/11/11 23:59:59 CT,2026-09-16,350-375,,,,300-325,30.54,"{""325-350"": 0.227834, ""350-375"": 0.089303, ""375-400"": 0.014098, ""400-425"": 0.0, ""425-450"": 0.0, ""450-475"": 0.0, ""475-500"": 0.0}",22.78,8.93,1.41,0.00,0.00,0.00,0.00,2025-11-11,,settlement_export
2025-11-11 10:00:00,2025/11/11 23:59:59 CT,2026-10-28,350-375,,,,300-325,29.17,"{""325-350"": 0.203294, ""350-375"": 0.075981, ""375-400"": 0.011601, ""400-425"": 0.0, ""425-450"": 0.0, ""450-475"": 0.0, ""475-500"": 0.0}",20.33,7.60,1.16,0.00,0.00,0.00,0.00,2025-11-11,,settlement_export
2025-11-11 10:00:00,2025/11/11 23:59:59 CT,2026-12-09,350-375,,,,300-325,27.67,"{""325-350"": 0.181766, ""350-375"": 0.065095, ""375-400"": 0.009639, ""400-425"": 0.0, ""425-450"": 0.0, ""450-475"": 0.0, ""475-500"": 0.0}",18.18,6.51,0.96,0.00,0.00,0.00,0.00,2025-11-11,,settlement_export
2025-11-11 10:00:00,2025/11/11 23:59:59 CT,2027-01-27,350-375,,,,,0.00,"{""325-350"": 0.0, ""350-375"": 0.0, ""375-400"": 0.0, ""400-425"": 0.0, ""425-450"": 0.0, ""450-475"": 0.0, ""475-500"": 0.0}",0.00,0.00,0.00,0.00,0.00,0.00,0.00,2025-11-11,,settlement_export
2025-11-11 10:00:00,2025/11/11 23:59:59 CT,2027-03-17,350-375,,,,,0.00,"{""325-350"": 0.0, ""350-375"": 0.0, ""375-400"": 0.0, ""400-425"": 0.0, ""425-450"": 0.0, ""450-475"": 0.0, ""475-500"": 0.0}",0.00,0.00,0.00,0.00,0.00,0.00,0.00,2025-11-11,,settlement_export
2025-11-11 10:00:00,2025/11/11 23:59:59 CT,2027-04-28,350-375,,,,,0.00,"{""325-350"": 0.0, ""350-375"": 0.0, ""375-400"": 0.0, ""400-425"": 0.0, ""425-450"": 0.0, ""450-475"": 0.0, ""475-500"": 0.0}",0.00,0.00,0.00,0.00,0.00,0.00,0.00,2025-11-11,,settlement_export
2025-11-11 10:00:00,2025/11/11 23:59:59 CT,2027-06-09,350-375,,,,,0.00,"{""325-350"": 0.0, ""350-375"": 0.0, ""375-400"": 0.0, ""400-425"": 0.0, ""425-450"": 0.0, ""450-475"": 0.0, ""475-500"": 0.0}",0.00,0.00,0.00,0.00,0.00,0.00,0.00,2025-11-11,,settlement_export
2025-11-11 10:00:00,2025/11/11 23:59:59 CT,2027-07-28,350-375,,,,,0.00,"{""325-350"": 0.0, ""350-375"": 0.0, ""375-400"": 0.0, ""400-425"": 0.0, ""425-450"": 0.0, ""450-475"": 0.0, ""475-500"": 0.0}",0.00,0.00,0.00,0.00,0.00,0.00,0.00,2025-11-11,,settlement_export
2025-11-11 10:00:00,2025/11/11 23:59:59 CT,2027-09-15,350-375,,,,,0.00,"{""325-350"": 0.0, ""350-375"": 0.0, ""375-400"": 0.0, ""400-425"": 0.0, ""425-450"": 0.0, ""450-475"": 0.0, ""475-500"": 0.0}",0.00,0.00,0.00,0.00,0.00,0.00,0.00,2025-11-11,,settlement_export
2025-11-11 10:00:00,2025/11/11 23:59:59 CT,2027-10-27,350-375,,,,,0.00,"{""325-350"": 0.0, ""350-375"": 0.0, ""375-400"": 0.0, ""400-425"": 0.0, ""425-450"": 0.0, ""450-475"": 0.0, ""475-500"": 0.0}",0.00,0.00,0.00,0.00,0.00,0.00,0.00,2025-11-11,,settlement_export
2025-11-11 10:00:00,2025/11/11 23:59:59 CT,2027-12-08,350-375,,,,,0.00,"{""325-350"": 0.0, ""350-375"": 0.0, ""375-400"": 0.0, ""400-425"": 0.0, ""425-450"": 0.0, ""450-475"": 0.0, ""475-500"": 0.0}",0.00,0.00,0.00,0.00,0.00,0.00,0.00,2025-11-11,,settlement_export
2025-11-12 10:00:00,2025/11/12 23:59:59 CT,2026-09-16,350-375,,,,300-325,30.47,"{""325-350"": 0.236265, ""350-375"": 0.097061, ""375-400"": 0.016264, ""400-425"": 0.0, ""425-450"": 0.0, ""450-475"": 0.0, ""475-500"": 0.0}",23.63,9.71,1.63,0.00,0.00,0.00,0.00,2025-11-12,,settlement_export
2025-11-12 10:00:00,2025/11/12 23:59:59 CT,2026-10-28,350-375,,,,300-325,29.25,"{""325-350"": 0.211606, ""350-375"": 0.082748, ""375-400"": 0.013383, ""400-425"": 0.0, ""425-450"": 0.0, ""450-475"": 0.0, ""475-500"": 0.0}",21.16,8.27,1.34,0.00,0.00,0.00,0.00,2025-11-12,,settlement_export
2025-11-12 10:00:00,2025/11/12 23:59:59 CT,2026-12-09,350-375,,,,300-325,27.89,"{""325-350"": 0.189818, ""350-375"": 0.071019, ""375-400"": 0.01112, ""400-425"": 0.0, ""425-450"": 0.0, ""450-475"": 0.0, ""475-500"": 0.0}",18.98,7.10,1.11,0.00,0.00,0.00,0.00,2025-11-12,,settlement_export
2025-11-12 10:00:00,2025/11/12 23:59:59 CT,2027-01-27,350-375,,,,,0.00,"{""325-350"": 0.0, ""350-375"": 0.0, ""375-400"": 0.0, ""400-425"": 0.0, ""425-450"": 0.0, ""450-475"": 0.0, ""475-500"": 0.0}",0.00,0.00,0.00,0.00,0.00,0.00,0.00,2025-11-12,,settlement_export
2025-11-12 10:00:00,2025/11/12 23:59:59 CT,2027-03-17,350-375,,,,,0.00,"{""325-350"": 0.0, ""350-375"": 0.0, ""375-400"": 0.0, ""400-425"": 0.0, ""425-450"": 0.0, ""450-475"": 0.0, ""475-500"": 0.0}",0.00,0.00,0.00,0.00,0.00,0.00,0.00,2025-11-12,,settlement_export
2025-11-12 10:00:00,2025/11/12 23:59:59 CT,2027-04-28,350-375,,,,,0.00,"{""325-350"": 0.0, ""350-375"": 0.0, ""375-400"": 0.0, ""400-425"": 0.0, ""425-450"": 0.0, ""450-475"": 0.0, ""475-500"": 0.0}",0.00,0.00,0.00,0.00,0.00,0.00,0.00,2025-11-12,,settlement_export
2025-11-12 10:00:00,2025/11/12 23:59:59 CT,2027-06-09,350-375,,,,,0.00,"{""325-350"": 0.0, ""350-375"": 0.0, ""375-400"": 0.0, ""400-425"": 0.0, ""425-450"": 0.0, ""450-475"": 0.0, ""475-500"": 0.0}",0.00,0.00,0.00,0.00,0.00,0.00,0.00,2025-11-12,,settlement_export
2025-11-12 10:00:00,2025/11/12 23:59:59 CT,2027-07-28,350-375,,,,,0.00,"{""325-350"": 0.0, ""350-375"": 0.0, ""375-400"": 0.0, ""400-425"": 0.0, ""425-450"": 0.0, ""450-475"": 0.0, ""475-500"": 0.0}",0.00,0.00,0.00,0.00,0.00,0.00,0.00,2025-11-12,,settlement_export
2025-11-12 10:00:00,2025/11/12 23:59:59 CT,2027-09-15,350-375,,,,,0.00,"{""325-350"": 0.0, ""350-375"": 0.0, ""375-400"": 0.0, ""400-425"": 0.0, ""425-450"": 0.0, ""450-475"": 0.0, ""475-500"": 0.0}",0.00,0.00,0.00,0.00,0.00,0.00,0.00,2025-11-12,,settlement_export
2025-11-12 10:00:00,2025/11/12 23:59:59 CT,2027-10-27,350-375,,,,,0.00,"{""325-350"": 0.0, ""350-375"": 0.0, ""375-400"": 0.0, ""400-425"": 0.0, ""425-450"": 0.0, ""450-475"": 0.0, ""475-500"": 0.0}",0.00,0.00,0.00,0.00,0.00,0.00,0.00,2025-11-12,,settlement_export
2025-11-12 10:00:00,2025/11/12 23:59:59 CT,2027-12-08,350-375,,,,,0.00,"{""325-350"": 0.0, ""350-375"": 0.0, ""375-400"": 0.0, ""400-425"": 0.0, ""425-450"": 0.0, ""450-475"": 0.0, ""475-500"": 0.0}",0.00,0.00,0.00,0.00,0.00,0.00,0.00,2025-11-12,,settlement_export
2025-11-13 10:00:00,2025/11/13 23:59:59 CT,2026-09-16,350-375,,,,300-325,30.01,"{""325-350"": 0.253848, ""350-375"": 0.115427, ""375-400"": 0.021687, ""400-425"": 0.0, ""425-450"": 0.0, ""450-475"": 0.0, ""475-500"": 0.0}",25.38,11.54,2.17,0.00,0.00,0.00,0.00,2025-11-13,,settlement_export
2025-11-13 10:00:00,2025/11/13 23:59:59 CT,2026-10-28,350-375,,,,300-325,29.19,"{""325-350"": 0.229328, ""350-375"": 0.098822, ""375-400"": 0.017845, ""400-425"": 0.0, ""425-450"": 0.0, ""450-475"": 0.0, ""475-500"": 0.0}",22.93,9.88,1.78,0.00,0.00,0.00,0.00,2025-11-13,,settlement_export
2025-11-13 10:00:00,2025/11/13 23:59:59 CT,2026-12-09,350-375,,,,300-325,28.13,"{""325-350"": 0.20726, ""350-375"": 0.08513, ""375-400"": 0.014828, ""400-425"": 0.0, ""425-450"": 0.0, ""450-475"": 0.0, ""475-500"": 0.0}",20.73,8.51,1.48,0.00,0.00,0.00,0.00,2025-11-13,,settlement_export
2025-11-13 10:00:00,2025/11/13 23:59:59 CT,2027-01-27,350-375,,,,,0.00,"{""325-350"": 0.0, ""350-375"": 0.0, ""375-400"": 0.0, ""400-425"": 0.0, ""425-450"": 0.0, ""450-475"": 0.0, ""475-500"": 0.0}",0.00,0.00,0.00,0.00,0.00,0.00,0.00,2025-11-13,,settlement_export
2025-11-13 10:00:00,2025/11/13 23:59:59 CT,2027-03-17,350-375,,,,,0.00,"{""325-350"": 0.0, ""350-375"": 0.0, ""375-400"": 0.0, ""400-425"": 0.0, ""425-450"": 0.0, ""450-475"": 0.0, ""475-500"": 0.0}",0.00,0.00,0.00,0.00,0.00,0.00,0.00,2025-11-13,,settlement_export
2025-11-13 10:00:00,2025/11/13 23:59:59 CT,2027-04-28,350-375,,,,,0.00,"{""325-350"": 0.0, ""350-375"": 0.0, ""375-400"": 0.0, ""400-425"": 0.0, ""425-450"": 0.0, ""450-475"": 0.0, ""475-500"": 0.0}",0.00,0.00,0.00,0.00,0.00,0.00,0.00,2025-11-13,,settlement_export
2025-11-13 10:00:00,2025/11/13 23:59:59 CT,2027-06-09,350-375,,,,,0.00,"{""325-350"": 0.0, ""350-375"": 0.0, ""375-400"": 0.0, ""400-425"": 0.0, ""425-450"": 0.0, ""450-475"": 0.0, ""475-500"": 0.0}",0.00,0.00,0.00,0.00,0.00,0.00,0.00,2025-11-13,,settlement_export
2025-11-13 10:00:00,2025/11/13 23:59:59 CT,2027-07-28,350-375,,,,,0.00,"{""325-350"": 0.0, ""350-375"": 0.0, ""375-400"": 0.0, ""400-425"": 0.0, ""425-450"": 0.0, ""450-475"": 0.0, ""475-500"": 0.0}",0.00,0.00,0.00,0.00,0.00,0.00,0.00,2025-11-13,,settlement_export
2025-11-13 10:00:00,2025/11/13 23:59:59 CT,2027-09-15,350-375,,,,,0.00,"{""325-350"": 0.0, ""350-375"": 0.0, ""375-400"": 0.0, ""400-425"": 0.0, ""425-450"": 0.0, ""450-475"": 0.0, ""475-500"": 0.0}",0.00,0.00,0.00,0.00,0.00,0.00,0.00,2025-11-13,,settlement_export
2025-11-13 10:00:00,2025/11/13 23:59:59 CT,2027-10-27,350-375,,,,,0.00,"{""325-350"": 0.0, ""350-375"": 0.0, ""375-400"": 0.0, ""400-425"": 0.0, ""425-450"": 0.0, ""450-475"": 0.0, ""475-500"": 0.0}",0.00,0.00,0.00,0.00,0.00,0.00,0.00,2025-11-13,,settlement_export
2025-11-13 10:00:00,2025/11/13 23:59:59 CT,2027-12-08,350-375,,,,,0.00,"{""325-350"": 0.0, ""350-375"": 0.0, ""375-400"": 0.0, ""400-425"": 0.0, ""425-450"": 0.0, ""450-475"": 0.0, ""475-500"": 0.0}",0.00,0.00,0.00,0.00,0.00,0.00,0.00,2025-11-13,,settlement_export
2025-11-14 10:00:00,2025/11/14 23:59:59 CT,2026-09-16,350-375,,,,300-325,29.60,"{""325-350"": 0.263833, ""350-375"": 0.127401, ""375-400"": 0.025602, ""400-425"": 0.0, ""425-450"": 0.0, ""450-475"": 0.0, ""475-500"": 0.0}",26.38,12.74,2.56,0.00,0.00,0.00,0.00,2025-11-14,,settlement_export
2025-11-14 10:00:00,2025/11/14 23:59:59 CT,2026-10-28,350-375,,,,300-325,29.03,"{""325-350"": 0.239665, ""350-375"": 0.109368, ""375-400"": 0.021067, ""400-425"": 0.0, ""425-450"": 0.0, ""450-475"": 0.0, ""475-500"": 0.0}",23.97,10.94,2.11,0.00,0.00,0.00,0.00,2025-11-14,,settlement_export
2025-11-14 10:00:00,2025/11/14 23:59:59 CT,2026-12-09,350-375,,,,300-325,28.17,"{""325-350"": 0.217633, ""350-375"": 0.094437, ""375-400"": 0.017505, ""400-425"": 0.0, ""425-450"": 0.0, ""450-475"": 0.0, ""475-500"": 0.0}",21.76,9.44,1.75,0.00,0.00,0.00,0.00,2025-11-14,,settlement_export
2025-11-14 10:00:00,2025/11/14 23:59:59 CT,2027-01-27,350-375,,,,,0.00,"{""325-350"": 0.0, ""350-375"": 0.0, ""375-400"": 0.0, ""400-425"": 0.0, ""425-450"": 0.0, ""450-475"": 0.0, ""475-500"": 0.0}",0.00,0.00,0.00,0.00,0.00,0.00,0.00,2025-11-14,,settlement_export
2025-11-14 10:00:00,2025/11/14 23:59:59 CT,2027-03-17,350-375,,,,,0.00,"{""325-350"": 0.0, ""350-375"": 0.0, ""375-400"": 0.0, ""400-425"": 0.0, ""425-450"": 0.0, ""450-475"": 0.0, ""475-500"": 0.0}",0.00,0.00,0.00,0.00,0.00,0.00,0.00,2025-11-14,,settlement_export
2025-11-14 10:00:00,2025/11/14 23:59:59 CT,2027-04-28,350-375,,,,,0.00,"{""325-350"": 0.0, ""350-375"": 0.0, ""375-400"": 0.0, ""400-425"": 0.0, ""425-450"": 0.0, ""450-475"": 0.0, ""475-500"": 0.0}",0.00,0.00,0.00,0.00,0.00,0.00,0.00,2025-11-14,,settlement_export
2025-11-14 10:00:00,2025/11/14 23:59:59 CT,2027-06-09,350-375,,,,,0.00,"{""325-350"": 0.0, ""350-375"": 0.0, ""375-400"": 0.0, ""400-425"": 0.0, ""425-450"": 0.0, ""450-475"": 0.0, ""475-500"": 0.0}",0.00,0.00,0.00,0.00,0.00,0.00,0.00,2025-11-14,,settlement_export
2025-11-14 10:00:00,2025/11/14 23:59:59 CT,2027-07-28,350-375,,,,,0.00,"{""325-350"": 0.0, ""350-375"": 0.0, ""375-400"": 0.0, ""400-425"": 0.0, ""425-450"": 0.0, ""450-475"": 0.0, ""475-500"": 0.0}",0.00,0.00,0.00,0.00,0.00,0.00,0.00,2025-11-14,,settlement_export
2025-11-14 10:00:00,2025/11/14 23:59:59 CT,2027-09-15,350-375,,,,,0.00,"{""325-350"": 0.0, ""350-375"": 0.0, ""375-400"": 0.0, ""400-425"": 0.0, ""425-450"": 0.0, ""450-475"": 0.0, ""475-500"": 0.0}",0.00,0.00,0.00,0.00,0.00,0.00,0.00,2025-11-14,,settlement_export
2025-11-14 10:00:00,2025/11/14 23:59:59 CT,2027-10-27,350-375,,,,,0.00,"{""325-350"": 0.0, ""350-375"": 0.0, ""375-400"": 0.0, ""400-425"": 0.0, ""425-450"": 0.0, ""450-475"": 0.0, ""475-500"": 0.0}",0.00,0.00,0.00,0.00,0.00,0.00,0.00,2025-11-14,,settlement_export
2025-11-14 10:00:00,2025/11/14 23:59:59 CT,2027-12-08,350-375,,,,,0.00,"{""325-350"": 0.0, ""350-375"": 0.0, ""375-400"": 0.0, ""400-425"": 0.0, ""425-450"": 0.0, ""450-475"": 0.0, ""475-500"": 0.0}",0.00,0.00,0.00,0.00,0.00,0.00,0.00,2025-11-14,,settlement_export
2025-11-17 10:00:00,2025/11/17 23:59:59 CT,2026-09-16,350-375,,,,300-325,29.79,"{""325-350"": 0.258923, ""350-375"": 0.121523, ""375-400"": 0.023616, ""400-425"": 0.0, ""425-450"": 0.0, ""450-475"": 0.0, ""475-500"": 0.0}",25.89,12.15,2.36,0.00,0.00,0.00,0.00,2025-11-17,,settlement_export
2025-11-17 10:00:00,2025/11/17 23:59:59 CT,2026-10-28,350-375,,,,300-325,29.10,"{""325-350"": 0.234583, ""350-375"": 0.104179, ""375-400"": 0.019433, ""400-425"": 0.0, ""425-450"": 0.0, ""450-475"": 0.0, ""475-500"": 0.0}",23.46,10.42,1.94,0.00,0.00,0.00,0.00,2025-11-17,,settlement_export
2025-11-17 10:00:00,2025/11/17 23:59:59 CT,2026-12-09,350-375,,,,300-325,27.98,"{""325-350"": 0.208858, ""350-375"": 0.087461, ""375-400"": 0.015599, ""400-425"": 0.0, ""425-450"": 0.0, ""450-475"": 0.0, ""475-500"": 0.0}",20.89,8.75,1.56,0.00,0.00,0.00,0.00,2025-11-17,,settlement_export
2025-11-17 10:00:00,2025/11/17 23:59:59 CT,2027-01-27,350-375,,,,,0.00,"{""325-350"": 0.0, ""350-375"": 0.0, ""375-400"": 0.0, ""400-425"": 0.0, ""425-450"": 0.0, ""450-475"": 0.0, ""475-500"": 0.0}",0.00,0.00,0.00,0.00,0.00,0.00,0.00,2025-11-17,,settlement_export
2025-11-17 10:00:00,2025/11/17 23:59:59 CT,2027-03-17,350-375,,,,,0.00,"{""325-350"": 0.0, ""350-375"": 0.0, ""375-400"": 0.0, ""400-425"": 0.0, ""425-450"": 0.0, ""450-475"": 0.0, ""475-500"": 0.0}",0.00,0.00,0.00,0.00,0.00,0.00,0.00,2025-11-17,,settlement_export
2025-11-17 10:00:00,2025/11/17 23:59:59 CT,2027-04-28,350-375,,,,,0.00,"{""325-350"": 0.0, ""350-375"": 0.0, ""375-400"": 0.0, ""400-425"": 0.0, ""425-450"": 0.0, ""450-475"": 0.0, ""475-500"": 0.0}",0.00,0.00,0.00,0.00,0.00,0.00,0.00,2025-11-17,,settlement_export
2025-11-17 10:00:00,2025/11/17 23:59:59 CT,2027-06-09,350-375,,,,,0.00,"{""325-350"": 0.0, ""350-375"": 0.0, ""375-400"": 0.0, ""400-425"": 0.0, ""425-450"": 0.0, ""450-475"": 0.0, ""475-500"": 0.0}",0.00,0.00,0.00,0.00,0.00,0.00,0.00,2025-11-17,,settlement_export
2025-11-17 10:00:00,2025/11/17 23:59:59 CT,2027-07-28,350-375,,,,,0.00,"{""325-350"": 0.0, ""350-375"": 0.0, ""375-400"": 0.0, ""400-425"": 0.0, ""425-450"": 0.0, ""450-475"": 0.0, ""475-500"": 0.0}",0.00,0.00,0.00,0.00,0.00,0.00,0.00,2025-11-17,,settlement_export
2025-11-17 10:00:00,2025/11/17 23:59:59 CT,2027-09-15,350-375,,,,,0.00,"{""325-350"": 0.0, ""350-375"": 0.0, ""375-400"": 0.0, ""400-425"": 0.0, ""425-450"": 0.0, ""450-475"": 0.0, ""475-500"": 0.0}",0.00,0.00,0.00,0.00,0.00,0.00,0.00,2025-11-17,,settlement_export
2025-11-17 10:00:00,2025/11/17 23:59:59 CT,2027-10-27,350-375,,,,,0.00,"{""325-350"": 0.0, ""350-375"": 0.0, ""375-400"": 0.0, ""400-425"": 0.0, ""425-450"": 0.0, ""450-475"": 0.0, ""475-500"": 0.0}",0.00,0.00,0.00,0.00,0.00,0.00,0.00,2025-11-17,,settlement_export
2025-11-17 10:00:00,2025/11/17 23:59:59 CT,2027-12-08,350-375,,,,,0.00,"{""325-350"": 0.0, ""350-375"": 0.0, ""375-400"": 0.0, ""400-425"": 0.0, ""425-450"": 0.0, ""450-475"": 0.0, ""475-500"": 0.0}",0.00,0.00,0.00,0.00,0.00,0.00,0.00,2025-11-17,,settlement_export
2025-11-18 10:00:00,2025/11/18 23:59:59 CT,2026-09-16,350-375,,,,300-325,30.23,"{""325-350"": 0.240194, ""350-375"": 0.10202, ""375-400"": 0.017741, ""400-425"": 0.0, ""425-450"": 0.0, ""450-475"": 0.0, ""475-500"": 0.0}",24.02,10.20,1.77,0.00,0.00,0.00,0.00,2025-11-18,,settlement_export
2025-11-18 10:00:00,2025/11/18 23:59:59 CT,2026-10-28,350-375,,,,300-325,29.13,"{""325-350"": 0.215717, ""350-375"": 0.08709, ""375-400"": 0.014599, ""400-425"": 0.0, ""425-450"": 0.0, ""450-475"": 0.0, ""475-500"": 0.0}",21.57,8.71,1.46,0.00,0.00,0.00,0.00,2025-11-18,,settlement_export
2025-11-18 10:00:00,2025/11/18 23:59:59 CT,2026-12-09,350-375,,,,300-325,27.64,"{""325-350"": 0.190343, ""350-375"": 0.07279, ""375-400"": 0.011719, ""400-425"": 0.0, ""425-450"": 0.0, ""450-475"": 0.0, ""475-500"": 0.0}",19.03,7.28,1.17,0.00,0.00,0.00,0.00,2025-11-18,,settlement_export
2025-11-18 10:00:00,2025/11/18 23:59:59 CT,2027-01-27,350-375,,,,,0.00,"{""325-350"": 0.0, ""350-375"": 0.0, ""375-400"": 0.0, ""400-425"": 0.0, ""425-450"": 0.0, ""450-475"": 0.0, ""475-500"": 0.0}",0.00,0.00,0.00,0.00,0.00,0.00,0.00,2025-11-18,,settlement_export
2025-11-18 10:00:00,2025/11/18 23:59:59 CT,2027-03-17,350-375,,,,,0.00,"{""325-350"": 0.0, ""350-375"": 0.0, ""375-400"": 0.0, ""400-425"": 0.0, ""425-450"": 0.0, ""450-475"": 0.0, ""475-500"": 0.0}",0.00,0.00,0.00,0.00,0.00,0.00,0.00,2025-11-18,,settlement_export
2025-11-18 10:00:00,2025/11/18 23:59:59 CT,2027-04-28,350-375,,,,,0.00,"{""325-350"": 0.0, ""350-375"": 0.0, ""375-400"": 0.0, ""400-425"": 0.0, ""425-450"": 0.0, ""450-475"": 0.0, ""475-500"": 0.0}",0.00,0.00,0.00,0.00,0.00,0.00,0.00,2025-11-18,,settlement_export
2025-11-18 10:00:00,2025/11/18 23:59:59 CT,2027-06-09,350-375,,,,,0.00,"{""325-350"": 0.0, ""350-375"": 0.0, ""375-400"": 0.0, ""400-425"": 0.0, ""425-450"": 0.0, ""450-475"": 0.0, ""475-500"": 0.0}",0.00,0.00,0.00,0.00,0.00,0.00,0.00,2025-11-18,,settlement_export
2025-11-18 10:00:00,2025/11/18 23:59:59 CT,2027-07-28,350-375,,,,,0.00,"{""325-350"": 0.0, ""350-375"": 0.0, ""375-400"": 0.0, ""400-425"": 0.0, ""425-450"": 0.0, ""450-475"": 0.0, ""475-500"": 0.0}",0.00,0.00,0.00,0.00,0.00,0.00,0.00,2025-11-18,,settlement_export
2025-11-18 10:00:00,2025/11/18 23:59:59 CT,2027-09-15,350-375,,,,,0.00,"{""325-350"": 0.0, ""350-375"": 0.0, ""375-400"": 0.0, ""400-425"": 0.0, ""425-450"": 0.0, ""450-475"": 0.0, ""475-500"": 0.0}",0.00,0.00,0.00,0.00,0.00,0.00,0.00,2025-11-18,,settlement_export
2025-11-18 10:00:00,2025/11/18 23:59:59 CT,2027-10-27,350-375,,,,,0.00,"{""325-350"": 0.0, ""350-375"": 0.0, ""375-400"": 0.0, ""400-425"": 0.0, ""425-450"": 0.0, ""450-475"": 0.0, ""475-500"": 0.0}",0.00,0.00,0.00,0.00,0.00,0.00,0.00,2025-11-18,,settlement_export
2025-11-18 10:00:00,2025/11/18 23:59:59 CT,2027-12-08,350-375,,,,,0.00,"{""325-350"": 0.0, ""350-375"": 0.0, ""375-400"": 0.0, ""400-425"": 0.0, ""425-450"": 0.0, ""450-475"": 0.0, ""475-500"": 0.0}",0.00,0.00,0.00,0.00,0.00,0.00,0.00,2025-11-18,,settlement_export
2025-11-19 10:00:00,2025/11/19 23:59:59 CT,2026-09-16,350-375,,,,300-325,30.26,"{""325-350"": 0.253981, ""350-375"": 0.11317, ""375-400"": 0.020484, ""400-425"": 0.0, ""425-450"": 0.0, ""450-475"": 0.0, ""475-500"": 0.0}",25.40,11.32,2.05,0.00,0.00,0.00,0.00,2025-11-19,,settlement_export
2025-11-19 10:00:00,2025/11/19 23:59:59 CT,2026-10-28,350-375,,,,300-325,29.29,"{""325-350"": 0.22592, ""350-375"": 0.094699, ""375-400"": 0.016402, ""400-425"": 0.0, ""425-450"": 0.0, ""450-475"": 0.0, ""475-500"": 0.0}",22.59,9.47,1.64,0.00,0.00,0.00,0.00,2025-11-19,,settlement_export
2025-11-19 10:00:00,2025/11/19 23:59:59 CT,2026-12-09,350-375,,,,300-325,27.97,"{""325-350"": 0.200033, ""350-375"": 0.079253, ""375-400"": 0.013166, ""400-425"": 0.0, ""425-450"": 0.0, ""450-475"": 0.0, ""475-500"": 0.0}",20.00,7.93,1.32,0.00,0.00,0.00,0.00,2025-11-19,,settlement_export
2025-11-19 10:00:00,2025/11/19 23:59:59 CT,2027-01-27,350-375,,,,,0.00,"{""325-350"": 0.0, ""350-375"": 0.0, ""375-400"": 0.0, ""400-425"": 0.0, ""425-450"": 0.0, ""450-475"": 0.0, ""475-500"": 0.0}",0.00,0.00,0.00,0.00,0.00,0.00,0.00,2025-11-19,,settlement_export
2025-11-19 10:00:00,2025/11/19 23:59:59 CT,2027-03-17,350-375,,,,,0.00,"{""325-350"": 0.0, ""350-375"": 0.0, ""375-400"": 0.0, ""400-425"": 0.0, ""425-450"": 0.0, ""450-475"": 0.0, ""475-500"": 0.0}",0.00,0.00,0.00,0.00,0.00,0.00,0.00,2025-11-19,,settlement_export
2025-11-19 10:00:00,2025/11/19 23:59:59 CT,2027-04-28,350-375,,,,,0.00,"{""325-350"": 0.0, ""350-375"": 0.0, ""375-400"": 0.0, ""400-425"": 0.0, ""425-450"": 0.0, ""450-475"": 0.0, ""475-500"": 0.0}",0.00,0.00,0.00,0.00,0.00,0.00,0.00,2025-11-19,,settlement_export
2025-11-19 10:00:00,2025/11/19 23:59:59 CT,2027-06-09,350-375,,,,,0.00,"{""325-350"": 0.0, ""350-375"": 0.0, ""375-400"": 0.0, ""400-425"": 0.0, ""425-450"": 0.0, ""450-475"": 0.0, ""475-500"": 0.0}",0.00,0.00,0.00,0.00,0.00,0.00,0.00,2025-11-19,,settlement_export
2025-11-19 10:00:00,2025/11/19 23:59:59 CT,2027-07-28,350-375,,,,,0.00,"{""325-350"": 0.0, ""350-375"": 0.0, ""375-400"": 0.0, ""400-425"": 0.0, ""425-450"": 0.0, ""450-475"": 0.0, ""475-500"": 0.0}",0.00,0.00,0.00,0.00,0.00,0.00,0.00,2025-11-19,,settlement_export
2025-11-19 10:00:00,2025/11/19 23:59:59 CT,2027-09-15,350-375,,,,,0.00,"{""325-350"": 0.0, ""350-375"": 0.0, ""375-400"": 0.0, ""400-425"": 0.0, ""425-450"": 0.0, ""450-475"": 0.0, ""475-500"": 0.0}",0.00,0.00,0.00,0.00,0.00,0.00,0.00,2025-11-19,,settlement_export
2025-11-19 10:00:00,2025/11/19 23:59:59 CT,2027-10-27,350-375,,,,,0.00,"{""325-350"": 0.0, ""350-375"": 0.0, ""375-400"": 0.0, ""400-425"": 0.0, ""425-450"": 0.0, ""450-475"": 0.0, ""475-500"": 0.0}",0.00,0.00,0.00,0.00,0.00,0.00,0.00,2025-11-19,,settlement_export
2025-11-19 10:00:00,2025/11/19 23:59:59 CT,2027-12-08,350-375,,,,,0.00,"{""325-350"": 0.0, ""350-375"": 0.0, ""375-400"": 0.0, ""400-425"": 0.0, ""425-450"": 0.0, ""450-475"": 0.0, ""475-500"": 0.0}",0.00,0.00,0.00,0.00,0.00,0.00,0.00,2025-11-19,,settlement_export
2025-11-20 10:00:00,2025/11/20 23:59:59 CT,2026-09-16,350-375,,,,300-325,30.10,"{""325-350"": 0.223152, ""350-375"": 0.088572, ""375-400"": 0.014398, ""400-425"": 0.0, ""425-450"": 0.0, ""450-475"": 0.0, ""475-500"": 0.0}",22.32,8.86,1.44,0.00,0.00,0.00,0.00,2025-11-20,,settlement_export
2025-11-20 10:00:00,2025/11/20 23:59:59 CT,2026-10-28,350-375,,,,300-325,28.37,"{""325-350"": 0.193352, ""350-375"": 0.072148, ""375-400"": 0.01121, ""400-425"": 0.0, ""425-450"": 0.0, ""450-475"": 0.0, ""475-500"": 0.0}",19.34,7.21,1.12,0.00,0.00,0.00,0.00,2025-11-20,,settlement_export
2025-11-20 10:00:00,2025/11/20 23:59:59 CT,2026-12-09,350-375,,,,300-325,26.34,"{""325-350"": 0.166026, ""350-375"": 0.058409, ""375-400"": 0.008683, ""400-425"": 0.0, ""425-450"": 0.0, ""450-475"": 0.0, ""475-500"": 0.0}",16.60,5.84,0.87,0.00,0.00,0.00,0.00,2025-11-20,,settlement_export
2025-11-20 10:00:00,2025/11/20 23:59:59 CT,2027-01-27,350-375,,,,,0.00,"{""325-350"": 0.0, ""350-375"": 0.0, ""375-400"": 0.0, ""400-425"": 0.0, ""425-450"": 0.0, ""450-475"": 0.0, ""475-500"": 0.0}",0.00,0.00,0.00,0.00,0.00,0.00,0.00,2025-11-20,,settlement_export
2025-11-20 10:00:00,2025/11/20 23:59:59 CT,2027-03-17,350-375,,,,,0.00,"{""325-350"": 0.0, ""350-375"": 0.0, ""375-400"": 0.0, ""400-425"": 0.0, ""425-450"": 0.0, ""450-475"": 0.0, ""475-500"": 0.0}",0.00,0.00,0.00,0.00,0.00,0.00,0.00,2025-11-20,,settlement_export
2025-11-20 10:00:00,2025/11/20 23:59:59 CT,2027-04-28,350-375,,,,,0.00,"{""325-350"": 0.0, ""350-375"": 0.0, ""375-400"": 0.0, ""400-425"": 0.0, ""425-450"": 0.0, ""450-475"": 0.0, ""475-500"": 0.0}",0.00,0.00,0.00,0.00,0.00,0.00,0.00,2025-11-20,,settlement_export
2025-11-20 10:00:00,2025/11/20 23:59:59 CT,2027-06-09,350-375,,,,,0.00,"{""325-350"": 0.0, ""350-375"": 0.0, ""375-400"": 0.0, ""400-425"": 0.0, ""425-450"": 0.0, ""450-475"": 0.0, ""475-500"": 0.0}",0.00,0.00,0.00,0.00,0.00,0.00,0.00,2025-11-20,,settlement_export
2025-11-20 10:00:00,2025/11/20 23:59:59 CT,2027-07-28,350-375,,,,,0.00,"{""325-350"": 0.0, ""350-375"": 0.0, ""375-400"": 0.0, ""400-425"": 0.0, ""425-450"": 0.0, ""450-475"": 0.0, ""475-500"": 0.0}",0.00,0.00,0.00,0.00,0.00,0.00,0.00,2025-11-20,,settlement_export
2025-11-20 10:00:00,2025/11/20 23:59:59 CT,2027-09-15,350-375,,,,,0.00,"{""325-350"": 0.0, ""350-375"": 0.0, ""375-400"": 0.0, ""400-425"": 0.0, ""425-450"": 0.0, ""450-475"": 0.0, ""475-500"": 0.0}",0.00,0.00,0.00,0.00,0.00,0.00,0.00,2025-11-20,,settlement_export
2025-11-20 10:00:00,2025/11/20 23:59:59 CT,2027-10-27,350-375,,,,,0.00,"{""325-350"": 0.0, ""350-375"": 0.0, ""375-400"": 0.0, ""400-425"": 0.0, ""425-450"": 0.0, ""450-475"": 0.0, ""475-500"": 0.0}",0.00,0.00,0.00,0.00,0.00,0.00,0.00,2025-11-20,,settlement_export
2025-11-20 10:00:00,2025/11/20 23:59:59 CT,2027-12-08,350-375,,,,,0.00,"{""325-350"": 0.0, ""350-375"": 0.0, ""375-400"": 0.0, ""400-425"": 0.0, ""425-450"": 0.0, ""450-475"": 0.0, ""475-500"": 0.0}",0.00,0.00,0.00,0.00,0.00,0.00,0.00,2025-11-20,,settlement_export
2025-11-21 10:00:00,2025/11/21 23:59:59 CT,2026-09-16,350-375,,,,300-325,30.57,"{""325-350"": 0.206557, ""350-375"": 0.071517, ""375-400"": 0.009743, ""400-425"": 0.0, ""425-450"": 0.0, ""450-475"": 0.0, ""475-500"": 0.0}",20.66,7.15,0.97,0.00,0.00,0.00,0.00,2025-11-21,,settlement_export
2025-11-21 10:00:00,2025/11/21 23:59:59 CT,2026-10-28,350-375,,,,300-325,28.15,"{""325-350"": 0.173665, ""350-375"": 0.05647, ""375-400"": 0.00737, ""400-425"": 0.0, ""425-450"": 0.0, ""450-475"": 0.0, ""475-500"": 0.0}",17.37,5.65,0.74,0.00,0.00,0.00,0.00,2025-11-21,,settlement_export
2025-11-21 10:00:00,2025/11/21 23:59:59 CT,2026-12-09,350-375,,,,275-300,26.99,"{""325-350"": 0.147243, ""350-375"": 0.045401, ""375-400"": 0.005709, ""400-425"": 0.0, ""425-450"": 0.0, ""450-475"": 0.0, ""475-500"": 0.0}",14.72,4.54,0.57,0.00,0.00,0.00,0.00,2025-11-21,,settlement_export
2025-11-21 10:00:00,2025/11/21 23:59:59 CT,2027-01-27,350-375,,,,,0.00,"{""325-350"": 0.0, ""350-375"": 0.0, ""375-400"": 0.0, ""400-425"": 0.0, ""425-450"": 0.0, ""450-475"": 0.0, ""475-500"": 0.0}",0.00,0.00,0.00,0.00,0.00,0.00,0.00,2025-11-21,,settlement_export
2025-11-21 10:00:00,2025/11/21 23:59:59 CT,2027-03-17,350-375,,,,,0.00,"{""325-350"": 0.0, ""350-375"": 0.0, ""375-400"": 0.0, ""400-425"": 0.0, ""425-450"": 0.0, ""450-475"": 0.0, ""475-500"": 0.0}",0.00,0.00,0.00,0.00,0.00,0.00,0.00,2025-11-21,,settlement_export
2025-11-21 10:00:00,2025/11/21 23:59:59 CT,2027-04-28,350-375,,,,,0.00,"{""325-350"": 0.0, ""350-375"": 0.0, ""375-400"": 0.0, ""400-425"": 0.0, ""425-450"": 0.0, ""450-475"": 0.0, ""475-500"": 0.0}",0.00,0.00,0.00,0.00,0.00,0.00,0.00,2025-11-21,,settlement_export
2025-11-21 10:00:00,2025/11/21 23:59:59 CT,2027-06-09,350-375,,,,,0.00,"{""325-350"": 0.0, ""350-375"": 0.0, ""375-400"": 0.0, ""400-425"": 0.0, ""425-450"": 0.0, ""450-475"": 0.0, ""475-500"": 0.0}",0.00,0.00,0.00,0.00,0.00,0.00,0.00,2025-11-21,,settlement_export
2025-11-21 10:00:00,2025/11/21 23:59:59 CT,2027-07-28,350-375,,,,,0.00,"{""325-350"": 0.0, ""350-375"": 0.0, ""375-400"": 0.0, ""400-425"": 0.0, ""425-450"": 0.0, ""450-475"": 0.0, ""475-500"": 0.0}",0.00,0.00,0.00,0.00,0.00,0.00,0.00,2025-11-21,,settlement_export
2025-11-21 10:00:00,2025/11/21 23:59:59 CT,2027-09-15,350-375,,,,,0.00,"{""325-350"": 0.0, ""350-375"": 0.0, ""375-400"": 0.0, ""400-425"": 0.0, ""425-450"": 0.0, ""450-475"": 0.0, ""475-500"": 0.0}",0.00,0.00,0.00,0.00,0.00,0.00,0.00,2025-11-21,,settlement_export
2025-11-21 10:00:00,2025/11/21 23:59:59 CT,2027-10-27,350-375,,,,,0.00,"{""325-350"": 0.0, ""350-375"": 0.0, ""375-400"": 0.0, ""400-425"": 0.0, ""425-450"": 0.0, ""450-475"": 0.0, ""475-500"": 0.0}",0.00,0.00,0.00,0.00,0.00,0.00,0.00,2025-11-21,,settlement_export
2025-11-21 10:00:00,2025/11/21 23:59:59 CT,2027-12-08,350-375,,,,,0.00,"{""325-350"": 0.0, ""350-375"": 0.0, ""375-400"": 0.0, ""400-425"": 0.0, ""425-450"": 0.0, ""450-475"": 0.0, ""475-500"": 0.0}",0.00,0.00,0.00,0.00,0.00,0.00,0.00,2025-11-21,,settlement_export
2025-11-24 10:00:00,2025/11/24 23:59:59 CT,2026-09-16,350-375,,,,300-325,31.75,"{""325-350"": 0.207533, ""350-375"": 0.063644, ""375-400"": 0.006394, ""400-425"": 0.0, ""425-450"": 0.0, ""450-475"": 0.0, ""475-500"": 0.0}",20.75,6.36,0.64,0.00,0.00,0.00,0.00,2025-11-24,,settlement_export
2025-11-24 10:00:00,2025/11/24 23:59:59 CT,2026-10-28,350-375,,,,300-325,29.31,"{""325-350"": 0.175672, ""350-375"": 0.050967, ""375-400"": 0.004978, ""400-425"": 0.0, ""425-450"": 0.0, ""450-475"": 0.0, ""475-500"": 0.0}",17.57,5.10,0.50,0.00,0.00,0.00,0.00,2025-11-24,,settlement_export
2025-11-24 10:00:00,2025/11/24 23:59:59 CT,2026-12-09,350-375,,,,275-300,27.69,"{""325-350"": 0.147557, ""350-375"": 0.040599, ""375-400"": 0.003856, ""400-425"": 0.0, ""425-450"": 0.0, ""450-475"": 0.0, ""475-500"": 0.0}",14.76,4.06,0.39,0.00,0.00,0.00,0.00,2025-11-24,,settlement_export
2025-11-24 10:00:00,2025/11/24 23:59:59 CT,2027-01-27,350-375,,,,,0.00,"{""325-350"": 0.0, ""350-375"": 0.0, ""375-400"": 0.0, ""400-425"": 0.0, ""425-450"": 0.0, ""450-475"": 0.0, ""475-500"": 0.0}",0.00,0.00,0.00,0.00,0.00,0.00,0.00,2025-11-24,,settlement_export
2025-11-24 10:00:00,2025/11/24 23:59:59 CT,2027-03-17,350-375,,,,,0.00,"{""325-350"": 0.0, ""350-375"": 0.0, ""375-400"": 0.0, ""400-425"": 0.0, ""425-450"": 0.0, ""450-475"": 0.0, ""475-500"": 0.0}",0.00,0.00,0.00,0.00,0.00,0.00,0.00,2025-11-24,,settlement_export
2025-11-24 10:00:00,2025/11/24 23:59:59 CT,2027-04-28,350-375,,,,,0.00,"{""325-350"": 0.0, ""350-375"": 0.0, ""375-400"": 0.0, ""400-425"": 0.0, ""425-450"": 0.0, ""450-475"": 0.0, ""475-500"": 0.0}",0.00,0.00,0.00,0.00,0.00,0.00,0.00,2025-11-24,,settlement_export
2025-11-24 10:00:00,2025/11/24 23:59:59 CT,2027-06-09,350-375,,,,,0.00,"{""325-350"": 0.0, ""350-375"": 0.0, ""375-400"": 0.0, ""400-425"": 0.0, ""425-450"": 0.0, ""450-475"": 0.0, ""475-500"": 0.0}",0.00,0.00,0.00,0.00,0.00,0.00,0.00,2025-11-24,,settlement_export
2025-11-24 10:00:00,2025/11/24 23:59:59 CT,2027-07-28,350-375,,,,,0.00,"{""325-350"": 0.0, ""350-375"": 0.0, ""375-400"": 0.0, ""400-425"": 0.0, ""425-450"": 0.0, ""450-475"": 0.0, ""475-500"": 0.0}",0.00,0.00,0.00,0.00,0.00,0.00,0.00,2025-11-24,,settlement_export
2025-11-24 10:00:00,2025/11/24 23:59:59 CT,2027-09-15,350-375,,,,,0.00,"{""325-350"": 0.0, ""350-375"": 0.0, ""375-400"": 0.0, ""400-425"": 0.0, ""425-450"": 0.0, ""450-475"": 0.0, ""475-500"": 0.0}",0.00,0.00,0.00,0.00,0.00,0.00,0.00,2025-11-24,,settlement_export
2025-11-24 10:00:00,2025/11/24 23:59:59 CT,2027-10-27,350-375,,,,,0.00,"{""325-350"": 0.0, ""350-375"": 0.0, ""375-400"": 0.0, ""400-425"": 0.0, ""425-450"": 0.0, ""450-475"": 0.0, ""475-500"": 0.0}",0.00,0.00,0.00,0.00,0.00,0.00,0.00,2025-11-24,,settlement_export
2025-11-24 10:00:00,2025/11/24 23:59:59 CT,2027-12-08,350-375,,,,,0.00,"{""325-350"": 0.0, ""350-375"": 0.0, ""375-400"": 0.0, ""400-425"": 0.0, ""425-450"": 0.0, ""450-475"": 0.0, ""475-500"": 0.0}",0.00,0.00,0.00,0.00,0.00,0.00,0.00,2025-11-24,,settlement_export
2025-11-25 10:00:00,2025/11/25 23:59:59 CT,2026-09-16,350-375,,,,300-325,31.69,"{""325-350"": 0.199821, ""350-375"": 0.057916, ""375-400"": 0.005466, ""400-425"": 0.0, ""425-450"": 0.0, ""450-475"": 0.0, ""475-500"": 0.0}",19.98,5.79,0.55,0.00,0.00,0.00,0.00,2025-11-25,,settlement_export
2025-11-25 10:00:00,2025/11/25 23:59:59 CT,2026-10-28,350-375,,,,300-325,28.84,"{""325-350"": 0.165257, ""350-375"": 0.04514, ""375-400"": 0.004135, ""400-425"": 0.0, ""425-450"": 0.0, ""450-475"": 0.0, ""475-500"": 0.0}",16.53,4.51,0.41,0.00,0.00,0.00,0.00,2025-11-25,,settlement_export
2025-11-25 10:00:00,2025/11/25 23:59:59 CT,2026-12-09,350-375,,,,275-300,28.06,"{""325-350"": 0.138176, ""350-375"": 0.035895, ""375-400"": 0.003203, ""400-425"": 0.0, ""425-450"": 0.0, ""450-475"": 0.0, ""475-500"": 0.0}",13.82,3.59,0.32,0.00,0.00,0.00,0.00,2025-11-25,,settlement_export
2025-11-25 10:00:00,2025/11/25 23:59:59 CT,2027-01-27,350-375,,,,,0.00,"{""325-350"": 0.0, ""350-375"": 0.0, ""375-400"": 0.0, ""400-425"": 0.0, ""425-450"": 0.0, ""450-475"": 0.0, ""475-500"": 0.0}",0.00,0.00,0.00,0.00,0.00,0.00,0.00,2025-11-25,,settlement_export
2025-11-25 10:00:00,2025/11/25 23:59:59 CT,2027-03-17,350-375,,,,,0.00,"{""325-350"": 0.0, ""350-375"": 0.0, ""375-400"": 0.0, ""400-425"": 0.0, ""425-450"": 0.0, ""450-475"": 0.0, ""475-500"": 0.0}",0.00,0.00,0.00,0.00,0.00,0.00,0.00,2025-11-25,,settlement_export
2025-11-25 10:00:00,2025/11/25 23:59:59 CT,2027-04-28,350-375,,,,,0.00,"{""325-350"": 0.0, ""350-375"": 0.0, ""375-400"": 0.0, ""400-425"": 0.0, ""425-450"": 0.0, ""450-475"": 0.0, ""475-500"": 0.0}",0.00,0.00,0.00,0.00,0.00,0.00,0.00,2025-11-25,,settlement_export
2025-11-25 10:00:00,2025/11/25 23:59:59 CT,2027-06-09,350-375,,,,,0.00,"{""325-350"": 0.0, ""350-375"": 0.0, ""375-400"": 0.0, ""400-425"": 0.0, ""425-450"": 0.0, ""450-475"": 0.0, ""475-500"": 0.0}",0.00,0.00,0.00,0.00,0.00,0.00,0.00,2025-11-25,,settlement_export
2025-11-25 10:00:00,2025/11/25 23:59:59 CT,2027-07-28,350-375,,,,,0.00,"{""325-350"": 0.0, ""350-375"": 0.0, ""375-400"": 0.0, ""400-425"": 0.0, ""425-450"": 0.0, ""450-475"": 0.0, ""475-500"": 0.0}",0.00,0.00,0.00,0.00,0.00,0.00,0.00,2025-11-25,,settlement_export
2025-11-25 10:00:00,2025/11/25 23:59:59 CT,2027-09-15,350-375,,,,,0.00,"{""325-350"": 0.0, ""350-375"": 0.0, ""375-400"": 0.0, ""400-425"": 0.0, ""425-450"": 0.0, ""450-475"": 0.0, ""475-500"": 0.0}",0.00,0.00,0.00,0.00,0.00,0.00,0.00,2025-11-25,,settlement_export
2025-11-25 10:00:00,2025/11/25 23:59:59 CT,2027-10-27,350-375,,,,,0.00,"{""325-350"": 0.0, ""350-375"": 0.0, ""375-400"": 0.0, ""400-425"": 0.0, ""425-450"": 0.0, ""450-475"": 0.0, ""475-500"": 0.0}",0.00,0.00,0.00,0.00,0.00,0.00,0.00,2025-11-25,,settlement_export
2025-11-25 10:00:00,2025/11/25 23:59:59 CT,2027-12-08,350-375,,,,,0.00,"{""325-350"": 0.0, ""350-375"": 0.0, ""375-400"": 0.0, ""400-425"": 0.0, ""425-450"": 0.0, ""450-475"": 0.0, ""475-500"": 0.0}",0.00,0.00,0.00,0.00,0.00,0.00,0.00,2025-11-25,,settlement_export
2025-11-26 10:00:00,2025/11/26 23:59:59 CT,2026-09-16,350-375,,,,300-325,32.10,"{""325-350"": 0.21662, ""350-375"": 0.067994, ""375-400"": 0.007114, ""400-425"": 0.0, ""425-450"": 0.0, ""450-475"": 0.0, ""475-500"": 0.0}",21.66,6.80,0.71,0.00,0.00,0.00,0.00,2025-11-26,,settlement_export
2025-11-26 10:00:00,2025/11/26 23:59:59 CT,2026-10-28,350-375,,,,300-325,29.56,"{""325-350"": 0.180419, ""350-375"": 0.053165, ""375-400"": 0.005381, ""400-425"": 0.0, ""425-450"": 0.0, ""450-475"": 0.0, ""475-500"": 0.0}",18.04,5.32,0.54,0.00,0.00,0.00,0.00,2025-11-26,,settlement_export
2025-11-26 10:00:00,2025/11/26 23:59:59 CT,2026-12-09,350-375,,,,275-300,27.51,"{""325-350"": 0.151729, ""350-375"": 0.042392, ""375-400"": 0.004168, ""400-425"": 0.0, ""425-450"": 0.0, ""450-475"": 0.0, ""475-500"": 0.0}",15.17,4.24,0.42,0.00,0.00,0.00,0.00,2025-11-26,,settlement_export
2025-11-26 10:00:00,2025/11/26 23:59:59 CT,2027-01-27,350-375,,,,,0.00,"{""325-350"": 0.0, ""350-375"": 0.0, ""375-400"": 0.0, ""400-425"": 0.0, ""425-450"": 0.0, ""450-475"": 0.0, ""475-500"": 0.0}",0.00,0.00,0.00,0.00,0.00,0.00,0.00,2025-11-26,,settlement_export
2025-11-26 10:00:00,2025/11/26 23:59:59 CT,2027-03-17,350-375,,,,,0.00,"{""325-350"": 0.0, ""350-375"": 0.0, ""375-400"": 0.0, ""400-425"": 0.0, ""425-450"": 0.0, ""450-475"": 0.0, ""475-500"": 0.0}",0.00,0.00,0.00,0.00,0.00,0.00,0.00,2025-11-26,,settlement_export
2025-11-26 10:00:00,2025/11/26 23:59:59 CT,2027-04-28,350-375,,,,,0.00,"{""325-350"": 0.0, ""350-375"": 0.0, ""375-400"": 0.0, ""400-425"": 0.0, ""425-450"": 0.0, ""450-475"": 0.0, ""475-500"": 0.0}",0.00,0.00,0.00,0.00,0.00,0.00,0.00,2025-11-26,,settlement_export
2025-11-26 10:00:00,2025/11/26 23:59:59 CT,2027-06-09,350-375,,,,,0.00,"{""325-350"": 0.0, ""350-375"": 0.0, ""375-400"": 0.0, ""400-425"": 0.0, ""425-450"": 0.0, ""450-475"": 0.0, ""475-500"": 0.0}",0.00,0.00,0.00,0.00,0.00,0.00,0.00,2025-11-26,,settlement_export
2025-11-26 10:00:00,2025/11/26 23:59:59 CT,2027-07-28,350-375,,,,,0.00,"{""325-350"": 0.0, ""350-375"": 0.0, ""375-400"": 0.0, ""400-425"": 0.0, ""425-450"": 0.0, ""450-475"": 0.0, ""475-500"": 0.0}",0.00,0.00,0.00,0.00,0.00,0.00,0.00,2025-11-26,,settlement_export
2025-11-26 10:00:00,2025/11/26 23:59:59 CT,2027-09-15,350-375,,,,,0.00,"{""325-350"": 0.0, ""350-375"": 0.0, ""375-400"": 0.0, ""400-425"": 0.0, ""425-450"": 0.0, ""450-475"": 0.0, ""475-500"": 0.0}",0.00,0.00,0.00,0.00,0.00,0.00,0.00,2025-11-26,,settlement_export
2025-11-26 10:00:00,2025/11/26 23:59:59 CT,2027-10-27,350-375,,,,,0.00,"{""325-350"": 0.0, ""350-375"": 0.0, ""375-400"": 0.0, ""400-425"": 0.0, ""425-450"": 0.0, ""450-475"": 0.0, ""475-500"": 0.0}",0.00,0.00,0.00,0.00,0.00,0.00,0.00,2025-11-26,,settlement_export
2025-11-26 10:00:00,2025/11/26 23:59:59 CT,2027-12-08,350-375,,,,,0.00,"{""325-350"": 0.0, ""350-375"": 0.0, ""375-400"": 0.0, ""400-425"": 0.0, ""425-450"": 0.0, ""450-475"": 0.0, ""475-500"": 0.0}",0.00,0.00,0.00,0.00,0.00,0.00,0.00,2025-11-26,,settlement_export
2025-11-28 10:00:00,2025/11/28 23:59:59 CT,2026-09-16,350-375,,,,300-325,32.40,"{""325-350"": 0.22664, ""350-375"": 0.072379, ""375-400"": 0.006892, ""400-425"": 0.0, ""425-450"": 0.0, ""450-475"": 0.0, ""475-500"": 0.0}",22.66,7.24,0.69,0.00,0.00,0.00,0.00,2025-11-28,,settlement_export
2025-11-28 10:00:00,2025/11/28 23:59:59 CT,2026-10-28,350-375,,,,300-325,30.25,"{""325-350"": 0.192482, ""350-375"": 0.057878, ""375-400"": 0.005366, ""400-425"": 0.0, ""425-450"": 0.0, ""450-475"": 0.0, ""475-500"": 0.0}",19.25,5.79,0.54,0.00,0.00,0.00,0.00,2025-11-28,,settlement_export
2025-11-28 10:00:00,2025/11/28 23:59:59 CT,2026-12-09,350-375,,,,300-325,27.77,"{""325-350"": 0.162135, ""350-375"": 0.046039, ""375-400"": 0.004156, ""400-425"": 0.0, ""425-450"": 0.0, ""450-475"": 0.0, ""475-500"": 0.0}",16.21,4.60,0.42,0.00,0.00,0.00,0.00,2025-11-28,,settlement_export
2025-11-28 10:00:00,2025/11/28 23:59:59 CT,2027-01-27,350-375,,,,,0.00,"{""325-350"": 0.0, ""350-375"": 0.0, ""375-400"": 0.0, ""400-425"": 0.0, ""425-450"": 0.0, ""450-475"": 0.0, ""475-500"": 0.0}",0.00,0.00,0.00,0.00,0.00,0.00,0.00,2025-11-28,,settlement_export
2025-11-28 10:00:00,2025/11/28 23:59:59 CT,2027-03-17,350-375,,,,,0.00,"{""325-350"": 0.0, ""350-375"": 0.0, ""375-400"": 0.0, ""400-425"": 0.0, ""425-450"": 0.0, ""450-475"": 0.0, ""475-500"": 0.0}",0.00,0.00,0.00,0.00,0.00,0.00,0.00,2025-11-28,,settlement_export
2025-11-28 10:00:00,2025/11/28 23:59:59 CT,2027-04-28,350-375,,,,,0.00,"{""325-350"": 0.0, ""350-375"": 0.0, ""375-400"": 0.0, ""400-425"": 0.0, ""425-450"": 0.0, ""450-475"": 0.0, ""475-500"": 0.0}",0.00,0.00,0.00,0.00,0.00,0.00,0.00,2025-11-28,,settlement_export
2025-11-28 10:00:00,2025/11/28 23:59:59 CT,2027-06-09,350-375,,,,,0.00,"{""325-350"": 0.0, ""350-375"": 0.0, ""375-400"": 0.0, ""400-425"": 0.0, ""425-450"": 0.0, ""450-475"": 0.0, ""475-500"": 0.0}",0.00,0.00,0.00,0.00,0.00,0.00,0.00,2025-11-28,,settlement_export
2025-11-28 10:00:00,2025/11/28 23:59:59 CT,2027-07-28,350-375,,,,,0.00,"{""325-350"": 0.0, ""350-375"": 0.0, ""375-400"": 0.0, ""400-425"": 0.0, ""425-450"": 0.0, ""450-475"": 0.0, ""475-500"": 0.0}",0.00,0.00,0.00,0.00,0.00,0.00,0.00,2025-11-28,,settlement_export
2025-11-28 10:00:00,2025/11/28 23:59:59 CT,2027-09-15,350-375,,,,,0.00,"{""325-350"": 0.0, ""350-375"": 0.0, ""375-400"": 0.0, ""400-425"": 0.0, ""425-450"": 0.0, ""450-475"": 0.0, ""475-500"": 0.0}",0.00,0.00,0.00,0.00,0.00,0.00,0.00,2025-11-28,,settlement_export
2025-11-28 10:00:00,2025/11/28 23:59:59 CT,2027-10-27,350-375,,,,,0.00,"{""325-350"": 0.0, ""350-375"": 0.0, ""375-400"": 0.0, ""400-425"": 0.0, ""425-450"": 0.0, ""450-475"": 0.0, ""475-500"": 0.0}",0.00,0.00,0.00,0.00,0.00,0.00,0.00,2025-11-28,,settlement_export
2025-11-28 10:00:00,2025/11/28 23:59:59 CT,2027-12-08,350-375,,,,,0.00,"{""325-350"": 0.0, ""350-375"": 0.0, ""375-400"": 0.0, ""400-425"": 0.0, ""425-450"": 0.0, ""450-475"": 0.0, ""475-500"": 0.0}",0.00,0.00,0.00,0.00,0.00,0.00,0.00,2025-11-28,,settlement_export
2025-12-01 10:00:00,2025/12/1 23:59:59 CT,2026-09-16,350-375,,,,300-325,32.68,"{""325-350"": 0.255412, ""350-375"": 0.09039, ""375-400"": 0.009035, ""400-425"": 0.0, ""425-450"": 0.0, ""450-475"": 0.0, ""475-500"": 0.0}",25.54,9.04,0.90,0.00,0.00,0.00,0.00,2025-12-01,,settlement_export
2025-12-01 10:00:00,2025/12/1 23:59:59 CT,2026-10-28,350-375,,,,300-325,31.26,"{""325-350"": 0.222525, ""350-375"": 0.074177, ""375-400"": 0.007234, ""400-425"": 0.0, ""425-450"": 0.0, ""450-475"": 0.0, ""475-500"": 0.0}",22.25,7.42,0.72,0.00,0.00,0.00,0.00,2025-12-01,,settlement_export
2025-12-01 10:00:00,2025/12/1 23:59:59 CT,2026-12-09,350-375,,,,300-325,29.23,"{""325-350"": 0.18908, ""350-375"": 0.059084, ""375-400"": 0.005603, ""400-425"": 0.0, ""425-450"": 0.0, ""450-475"": 0.0, ""475-500"": 0.0}",18.91,5.91,0.56,0.00,0.00,0.00,0.00,2025-12-01,,settlement_export
2025-12-01 10:00:00,2025/12/1 23:59:59 CT,2027-01-27,350-375,,,,,0.00,"{""325-350"": 0.0, ""350-375"": 0.0, ""375-400"": 0.0, ""400-425"": 0.0, ""425-450"": 0.0, ""450-475"": 0.0, ""475-500"": 0.0}",0.00,0.00,0.00,0.00,0.00,0.00,0.00,2025-12-01,,settlement_export
2025-12-01 10:00:00,2025/12/1 23:59:59 CT,2027-03-17,350-375,,,,,0.00,"{""325-350"": 0.0, ""350-375"": 0.0, ""375-400"": 0.0, ""400-425"": 0.0, ""425-450"": 0.0, ""450-475"": 0.0, ""475-500"": 0.0}",0.00,0.00,0.00,0.00,0.00,0.00,0.00,2025-12-01,,settlement_export
2025-12-01 10:00:00,2025/12/1 23:59:59 CT,2027-04-28,350-375,,,,,0.00,"{""325-350"": 0.0, ""350-375"": 0.0, ""375-400"": 0.0, ""400-425"": 0.0, ""425-450"": 0.0, ""450-475"": 0.0, ""475-500"": 0.0}",0.00,0.00,0.00,0.00,0.00,0.00,0.00,2025-12-01,,settlement_export
2025-12-01 10:00:00,2025/12/1 23:59:59 CT,2027-06-09,350-375,,,,,0.00,"{""325-350"": 0.0, ""350-375"": 0.0, ""375-400"": 0.0, ""400-425"": 0.0, ""425-450"": 0.0, ""450-475"": 0.0, ""475-500"": 0.0}",0.00,0.00,0.00,0.00,0.00,0.00,0.00,2025-12-01,,settlement_export
2025-12-01 10:00:00,2025/12/1 23:59:59 CT,2027-07-28,350-375,,,,,0.00,"{""325-350"": 0.0, ""350-375"": 0.0, ""375-400"": 0.0, ""400-425"": 0.0, ""425-450"": 0.0, ""450-475"": 0.0, ""475-500"": 0.0}",0.00,0.00,0.00,0.00,0.00,0.00,0.00,2025-12-01,,settlement_export
2025-12-01 10:00:00,2025/12/1 23:59:59 CT,2027-09-15,350-375,,,,,0.00,"{""325-350"": 0.0, ""350-375"": 0.0, ""375-400"": 0.0, ""400-425"": 0.0, ""425-450"": 0.0, ""450-475"": 0.0, ""475-500"": 0.0}",0.00,0.00,0.00,0.00,0.00,0.00,0.00,2025-12-01,,settlement_export
2025-12-01 10:00:00,2025/12/1 23:59:59 CT,2027-10-27,350-375,,,,,0.00,"{""325-350"": 0.0, ""350-375"": 0.0, ""375-400"": 0.0, ""400-425"": 0.0, ""425-450"": 0.0, ""450-475"": 0.0, ""475-500"": 0.0}",0.00,0.00,0.00,0.00,0.00,0.00,0.00,2025-12-01,,settlement_export
2025-12-01 10:00:00,2025/12/1 23:59:59 CT,2027-12-08,350-375,,,,,0.00,"{""325-350"": 0.0, ""350-375"": 0.0, ""375-400"": 0.0, ""400-425"": 0.0, ""425-450"": 0.0, ""450-475"": 0.0, ""475-500"": 0.0}",0.00,0.00,0.00,0.00,0.00,0.00,0.00,2025-12-01,,settlement_export
2025-12-02 10:00:00,2025/12/2 23:59:59 CT,2026-09-16,350-375,,,,300-325,32.47,"{""325-350"": 0.238325, ""350-375"": 0.079266, ""375-400"": 0.007124, ""400-425"": 0.0, ""425-450"": 0.0, ""450-475"": 0.0, ""475-500"": 0.0}",23.83,7.93,0.71,0.00,0.00,0.00,0.00,2025-12-02,,settlement_export
2025-12-02 10:00:00,2025/12/2 23:59:59 CT,2026-10-28,350-375,,,,300-325,30.75,"{""325-350"": 0.206627, ""350-375"": 0.064889, ""375-400"": 0.005704, ""400-425"": 0.0, ""425-450"": 0.0, ""450-475"": 0.0, ""475-500"": 0.0}",20.66,6.49,0.57,0.00,0.00,0.00,0.00,2025-12-02,,settlement_export
2025-12-02 10:00:00,2025/12/2 23:59:59 CT,2026-12-09,350-375,,,,300-325,28.48,"{""325-350"": 0.174672, ""350-375"": 0.051546, ""375-400"": 0.004418, ""400-425"": 0.0, ""425-450"": 0.0, ""450-475"": 0.0, ""475-500"": 0.0}",17.47,5.15,0.44,0.00,0.00,0.00,0.00,2025-12-02,,settlement_export
2025-12-02 10:00:00,2025/12/2 23:59:59 CT,2027-01-27,350-375,,,,,0.00,"{""325-350"": 0.0, ""350-375"": 0.0, ""375-400"": 0.0, ""400-425"": 0.0, ""425-450"": 0.0, ""450-475"": 0.0, ""475-500"": 0.0}",0.00,0.00,0.00,0.00,0.00,0.00,0.00,2025-12-02,,settlement_export
2025-12-02 10:00:00,2025/12/2 23:59:59 CT,2027-03-17,350-375,,,,,0.00,"{""325-350"": 0.0, ""350-375"": 0.0, ""375-400"": 0.0, ""400-425"": 0.0, ""425-450"": 0.0, ""450-475"": 0.0, ""475-500"": 0.0}",0.00,0.00,0.00,0.00,0.00,0.00,0.00,2025-12-02,,settlement_export
2025-12-02 10:00:00,2025/12/2 23:59:59 CT,2027-04-28,350-375,,,,,0.00,"{""325-350"": 0.0, ""350-375"": 0.0, ""375-400"": 0.0, ""400-425"": 0.0, ""425-450"": 0.0, ""450-475"": 0.0, ""475-500"": 0.0}",0.00,0.00,0.00,0.00,0.00,0.00,0.00,2025-12-02,,settlement_export
2025-12-02 10:00:00,2025/12/2 23:59:59 CT,2027-06-09,350-375,,,,,0.00,"{""325-350"": 0.0, ""350-375"": 0.0, ""375-400"": 0.0, ""400-425"": 0.0, ""425-450"": 0.0, ""450-475"": 0.0, ""475-500"": 0.0}",0.00,0.00,0.00,0.00,0.00,0.00,0.00,2025-12-02,,settlement_export
2025-12-02 10:00:00,2025/12/2 23:59:59 CT,2027-07-28,350-375,,,,,0.00,"{""325-350"": 0.0, ""350-375"": 0.0, ""375-400"": 0.0, ""400-425"": 0.0, ""425-450"": 0.0, ""450-475"": 0.0, ""475-500"": 0.0}",0.00,0.00,0.00,0.00,0.00,0.00,0.00,2025-12-02,,settlement_export
2025-12-02 10:00:00,2025/12/2 23:59:59 CT,2027-09-15,350-375,,,,,0.00,"{""325-350"": 0.0, ""350-375"": 0.0, ""375-400"": 0.0, ""400-425"": 0.0, ""425-450"": 0.0, ""450-475"": 0.0, ""475-500"": 0.0}",0.00,0.00,0.00,0.00,0.00,0.00,0.00,2025-12-02,,settlement_export
2025-12-02 10:00:00,2025/12/2 23:59:59 CT,2027-10-27,350-375,,,,,0.00,"{""325-350"": 0.0, ""350-375"": 0.0, ""375-400"": 0.0, ""400-425"": 0.0, ""425-450"": 0.0, ""450-475"": 0.0, ""475-500"": 0.0}",0.00,0.00,0.00,0.00,0.00,0.00,0.00,2025-12-02,,settlement_export
2025-12-02 10:00:00,2025/12/2 23:59:59 CT,2027-12-08,350-375,,,,,0.00,"{""325-350"": 0.0, ""350-375"": 0.0, ""375-400"": 0.0, ""400-425"": 0.0, ""425-450"": 0.0, ""450-475"": 0.0, ""475-500"": 0.0}",0.00,0.00,0.00,0.00,0.00,0.00,0.00,2025-12-02,,settlement_export
2025-12-03 10:00:00,2025/12/3 23:59:59 CT,2026-09-16,350-375,,,,300-325,32.20,"{""325-350"": 0.221266, ""350-375"": 0.068478, ""375-400"": 0.005282, ""400-425"": 0.0, ""425-450"": 0.0, ""450-475"": 0.0, ""475-500"": 0.0}",22.13,6.85,0.53,0.00,0.00,0.00,0.00,2025-12-03,,settlement_export
2025-12-03 10:00:00,2025/12/3 23:59:59 CT,2026-10-28,350-375,,,,300-325,30.20,"{""325-350"": 0.190817, ""350-375"": 0.055884, ""375-400"": 0.00423, ""400-425"": 0.0, ""425-450"": 0.0, ""450-475"": 0.0, ""475-500"": 0.0}",19.08,5.59,0.42,0.00,0.00,0.00,0.00,2025-12-03,,settlement_export
2025-12-03 10:00:00,2025/12/3 23:59:59 CT,2026-12-09,350-375,,,,300-325,27.69,"{""325-350"": 0.160396, ""350-375"": 0.044238, ""375-400"": 0.003276, ""400-425"": 0.0, ""425-450"": 0.0, ""450-475"": 0.0, ""475-500"": 0.0}",16.04,4.42,0.33,0.00,0.00,0.00,0.00,2025-12-03,,settlement_export
2025-12-03 10:00:00,2025/12/3 23:59:59 CT,2027-01-27,350-375,,,,,0.00,"{""325-350"": 0.0, ""350-375"": 0.0, ""375-400"": 0.0, ""400-425"": 0.0, ""425-450"": 0.0, ""450-475"": 0.0, ""475-500"": 0.0}",0.00,0.00,0.00,0.00,0.00,0.00,0.00,2025-12-03,,settlement_export
2025-12-03 10:00:00,2025/12/3 23:59:59 CT,2027-03-17,350-375,,,,,0.00,"{""325-350"": 0.0, ""350-375"": 0.0, ""375-400"": 0.0, ""400-425"": 0.0, ""425-450"": 0.0, ""450-475"": 0.0, ""475-500"": 0.0}",0.00,0.00,0.00,0.00,0.00,0.00,0.00,2025-12-03,,settlement_export
2025-12-03 10:00:00,2025/12/3 23:59:59 CT,2027-04-28,350-375,,,,,0.00,"{""325-350"": 0.0, ""350-375"": 0.0, ""375-400"": 0.0, ""400-425"": 0.0, ""425-450"": 0.0, ""450-475"": 0.0, ""475-500"": 0.0}",0.00,0.00,0.00,0.00,0.00,0.00,0.00,2025-12-03,,settlement_export
2025-12-03 10:00:00,2025/12/3 23:59:59 CT,2027-06-09,350-375,,,,,0.00,"{""325-350"": 0.0, ""350-375"": 0.0, ""375-400"": 0.0, ""400-425"": 0.0, ""425-450"": 0.0, ""450-475"": 0.0, ""475-500"": 0.0}",0.00,0.00,0.00,0.00,0.00,0.00,0.00,2025-12-03,,settlement_export
2025-12-03 10:00:00,2025/12/3 23:59:59 CT,2027-07-28,350-375,,,,,0.00,"{""325-350"": 0.0, ""350-375"": 0.0, ""375-400"": 0.0, ""400-425"": 0.0, ""425-450"": 0.0, ""450-475"": 0.0, ""475-500"": 0.0}",0.00,0.00,0.00,0.00,0.00,0.00,0.00,2025-12-03,,settlement_export
2025-12-03 10:00:00,2025/12/3 23:59:59 CT,2027-09-15,350-375,,,,,0.00,"{""325-350"": 0.0, ""350-375"": 0.0, ""375-400"": 0.0, ""400-425"": 0.0, ""425-450"": 0.0, ""450-475"": 0.0, ""475-500"": 0.0}",0.00,0.00,0.00,0.00,0.00,0.00,0.00,2025-12-03,,settlement_export
2025-12-03 10:00:00,2025/12/3 23:59:59 CT,2027-10-27,350-375,,,,,0.00,"{""325-350"": 0.0, ""350-375"": 0.0, ""375-400"": 0.0, ""400-425"": 0.0, ""425-450"": 0.0, ""450-475"": 0.0, ""475-500"": 0.0}",0.00,0.00,0.00,0.00,0.00,0.00,0.00,2025-12-03,,settlement_export
2025-12-03 10:00:00,2025/12/3 23:59:59 CT,2027-12-08,350-375,,,,,0.00,"{""325-350"": 0.0, ""350-375"": 0.0, ""375-400"": 0.0, ""400-425"": 0.0, ""425-450"": 0.0, ""450-475"": 0.0, ""475-500"": 0.0}",0.00,0.00,0.00,0.00,0.00,0.00,0.00,2025-12-03,,settlement_export
2025-12-04 10:00:00,2025/12/4 23:59:59 CT,2026-09-16,350-375,,,,300-325,32.45,"{""325-350"": 0.256259, ""350-375"": 0.091719, ""375-400"": 0.008387, ""400-425"": 0.0, ""425-450"": 0.0, ""450-475"": 0.0, ""475-500"": 0.0}",25.63,9.17,0.84,0.00,0.00,0.00,0.00,2025-12-04,,settlement_export
2025-12-04 10:00:00,2025/12/4 23:59:59 CT,2026-10-28,350-375,,,,300-325,31.24,"{""325-350"": 0.227112, ""350-375"": 0.076957, ""375-400"": 0.006901, ""400-425"": 0.0, ""425-450"": 0.0, ""450-475"": 0.0, ""475-500"": 0.0}",22.71,7.70,0.69,0.00,0.00,0.00,0.00,2025-12-04,,settlement_export
2025-12-04 10:00:00,2025/12/4 23:59:59 CT,2026-12-09,350-375,,,,300-325,29.56,"{""325-350"": 0.19749, ""350-375"": 0.063137, ""375-400"": 0.00554, ""400-425"": 0.0, ""425-450"": 0.0, ""450-475"": 0.0, ""475-500"": 0.0}",19.75,6.31,0.55,0.00,0.00,0.00,0.00,2025-12-04,,settlement_export
2025-12-04 10:00:00,2025/12/4 23:59:59 CT,2027-01-27,350-375,,,,,0.00,"{""325-350"": 0.0, ""350-375"": 0.0, ""375-400"": 0.0, ""400-425"": 0.0, ""425-450"": 0.0, ""450-475"": 0.0, ""475-500"": 0.0}",0.00,0.00,0.00,0.00,0.00,0.00,0.00,2025-12-04,,settlement_export
2025-12-04 10:00:00,2025/12/4 23:59:59 CT,2027-03-17,350-375,,,,,0.00,"{""325-350"": 0.0, ""350-375"": 0.0, ""375-400"": 0.0, ""400-425"": 0.0, ""425-450"": 0.0, ""450-475"": 0.0, ""475-500"": 0.0}",0.00,0.00,0.00,0.00,0.00,0.00,0.00,2025-12-04,,settlement_export
2025-12-04 10:00:00,2025/12/4 23:59:59 CT,2027-04-28,350-375,,,,,0.00,"{""325-350"": 0.0, ""350-375"": 0.0, ""375-400"": 0.0, ""400-425"": 0.0, ""425-450"": 0.0, ""450-475"": 0.0, ""475-500"": 0.0}",0.00,0.00,0.00,0.00,0.00,0.00,0.00,2025-12-04,,settlement_export
2025-12-04 10:00:00,2025/12/4 23:59:59 CT,2027-06-09,350-375,,,,,0.00,"{""325-350"": 0.0, ""350-375"": 0.0, ""375-400"": 0.0, ""400-425"": 0.0, ""425-450"": 0.0, ""450-475"": 0.0, ""475-500"": 0.0}",0.00,0.00,0.00,0.00,0.00,0.00,0.00,2025-12-04,,settlement_export
2025-12-04 10:00:00,2025/12/4 23:59:59 CT,2027-07-28,350-375,,,,,0.00,"{""325-350"": 0.0, ""350-375"": 0.0, ""375-400"": 0.0, ""400-425"": 0.0, ""425-450"": 0.0, ""450-475"": 0.0, ""475-500"": 0.0}",0.00,0.00,0.00,0.00,0.00,0.00,0.00,2025-12-04,,settlement_export
2025-12-04 10:00:00,2025/12/4 23:59:59 CT,2027-09-15,350-375,,,,,0.00,"{""325-350"": 0.0, ""350-375"": 0.0, ""375-400"": 0.0, ""400-425"": 0.0, ""425-450"": 0.0, ""450-475"": 0.0, ""475-500"": 0.0}",0.00,0.00,0.00,0.00,0.00,0.00,0.00,2025-12-04,,settlement_export
2025-12-04 10:00:00,2025/12/4 23:59:59 CT,2027-10-27,350-375,,,,,0.00,"{""325-350"": 0.0, ""350-375"": 0.0, ""375-400"": 0.0, ""400-425"": 0.0, ""425-450"": 0.0, ""450-475"": 0.0, ""475-500"": 0.0}",0.00,0.00,0.00,0.00,0.00,0.00,0.00,2025-12-04,,settlement_export
2025-12-04 10:00:00,2025/12/4 23:59:59 CT,2027-12-08,350-375,,,,,0.00,"{""325-350"": 0.0, ""350-375"": 0.0, ""375-400"": 0.0, ""400-425"": 0.0, ""425-450"": 0.0, ""450-475"": 0.0, ""475-500"": 0.0}",0.00,0.00,0.00,0.00,0.00,0.00,0.00,2025-12-04,,settlement_export
2025-12-05 10:00:00,2025/12/5 23:59:59 CT,2026-09-16,350-375,,,,300-325,32.06,"{""325-350"": 0.279604, ""350-375"": 0.111256, ""375-400"": 0.01183, ""400-425"": 0.0, ""425-450"": 0.0, ""450-475"": 0.0, ""475-500"": 0.0}",27.96,11.13,1.18,0.00,0.00,0.00,0.00,2025-12-05,,settlement_export
2025-12-05 10:00:00,2025/12/5 23:59:59 CT,2026-10-28,350-375,,,,300-325,31.33,"{""325-350"": 0.249782, ""350-375"": 0.093644, ""375-400"": 0.009734, ""400-425"": 0.0, ""425-450"": 0.0, ""450-475"": 0.0, ""475-500"": 0.0}",24.98,9.36,0.97,0.00,0.00,0.00,0.00,2025-12-05,,settlement_export
2025-12-05 10:00:00,2025/12/5 23:59:59 CT,2026-12-09,350-375,,,,300-325,30.08,"{""325-350"": 0.21898, ""350-375"": 0.077091, ""375-400"": 0.007814, ""400-425"": 0.0, ""425-450"": 0.0, ""450-475"": 0.0, ""475-500"": 0.0}",21.90,7.71,0.78,0.00,0.00,0.00,0.00,2025-12-05,,settlement_export
2025-12-05 10:00:00,2025/12/5 23:59:59 CT,2027-01-27,350-375,,,,,0.00,"{""325-350"": 0.0, ""350-375"": 0.0, ""375-400"": 0.0, ""400-425"": 0.0, ""425-450"": 0.0, ""450-475"": 0.0, ""475-500"": 0.0}",0.00,0.00,0.00,0.00,0.00,0.00,0.00,2025-12-05,,settlement_export
2025-12-05 10:00:00,2025/12/5 23:59:59 CT,2027-03-17,350-375,,,,,0.00,"{""325-350"": 0.0, ""350-375"": 0.0, ""375-400"": 0.0, ""400-425"": 0.0, ""425-450"": 0.0, ""450-475"": 0.0, ""475-500"": 0.0}",0.00,0.00,0.00,0.00,0.00,0.00,0.00,2025-12-05,,settlement_export
2025-12-05 10:00:00,2025/12/5 23:59:59 CT,2027-04-28,350-375,,,,,0.00,"{""325-350"": 0.0, ""350-375"": 0.0, ""375-400"": 0.0, ""400-425"": 0.0, ""425-450"": 0.0, ""450-475"": 0.0, ""475-500"": 0.0}",0.00,0.00,0.00,0.00,0.00,0.00,0.00,2025-12-05,,settlement_export
2025-12-05 10:00:00,2025/12/5 23:59:59 CT,2027-06-09,350-375,,,,,0.00,"{""325-350"": 0.0, ""350-375"": 0.0, ""375-400"": 0.0, ""400-425"": 0.0, ""425-450"": 0.0, ""450-475"": 0.0, ""475-500"": 0.0}",0.00,0.00,0.00,0.00,0.00,0.00,0.00,2025-12-05,,settlement_export
2025-12-05 10:00:00,2025/12/5 23:59:59 CT,2027-07-28,350-375,,,,,0.00,"{""325-350"": 0.0, ""350-375"": 0.0, ""375-400"": 0.0, ""400-425"": 0.0, ""425-450"": 0.0, ""450-475"": 0.0, ""475-500"": 0.0}",0.00,0.00,0.00,0.00,0.00,0.00,0.00,2025-12-05,,settlement_export
2025-12-05 10:00:00,2025/12/5 23:59:59 CT,2027-09-15,350-375,,,,,0.00,"{""325-350"": 0.0, ""350-375"": 0.0, ""375-400"": 0.0, ""400-425"": 0.0, ""425-450"": 0.0, ""450-475"": 0.0, ""475-500"": 0.0}",0.00,0.00,0.00,0.00,0.00,0.00,0.00,2025-12-05,,settlement_export
2025-12-05 10:00:00,2025/12/5 23:59:59 CT,2027-10-27,350-375,,,,,0.00,"{""325-350"": 0.0, ""350-375"": 0.0, ""375-400"": 0.0, ""400-425"": 0.0, ""425-450"": 0.0, ""450-475"": 0.0, ""475-500"": 0.0}",0.00,0.00,0.00,0.00,0.00,0.00,0.00,2025-12-05,,settlement_export
2025-12-05 10:00:00,2025/12/5 23:59:59 CT,2027-12-08,350-375,,,,,0.00,"{""325-350"": 0.0, ""350-375"": 0.0, ""375-400"": 0.0, ""400-425"": 0.0, ""425-450"": 0.0, ""450-475"": 0.0, ""475-500"": 0.0}",0.00,0.00,0.00,0.00,0.00,0.00,0.00,2025-12-05,,settlement_export
2025-12-08 10:00:00,2025/12/8 23:59:59 CT,2026-09-16,350-375,,,,300-325,31.78,"{""325-350"": 0.299144, ""350-375"": 0.125753, ""375-400"": 0.011995, ""400-425"": 0.0, ""425-450"": 0.0, ""450-475"": 0.0, ""475-500"": 0.0}",29.91,12.58,1.20,0.00,0.00,0.00,0.00,2025-12-08,,settlement_export
2025-12-08 10:00:00,2025/12/8 23:59:59 CT,2026-10-28,350-375,,,,300-325,31.49,"{""325-350"": 0.272268, ""350-375"": 0.108121, ""375-400"": 0.010136, ""400-425"": 0.0, ""425-450"": 0.0, ""450-475"": 0.0, ""475-500"": 0.0}",27.23,10.81,1.01,0.00,0.00,0.00,0.00,2025-12-08,,settlement_export
2025-12-08 10:00:00,2025/12/8 23:59:59 CT,2026-12-09,350-375,,,,300-325,30.77,"{""325-350"": 0.244512, ""350-375"": 0.091552, ""375-400"": 0.008422, ""400-425"": 0.0, ""425-450"": 0.0, ""450-475"": 0.0, ""475-500"": 0.0}",24.45,9.16,0.84,0.00,0.00,0.00,0.00,2025-12-08,,settlement_export
2025-12-08 10:00:00,2025/12/8 23:59:59 CT,2027-01-27,350-375,,,,,0.00,"{""325-350"": 0.0, ""350-375"": 0.0, ""375-400"": 0.0, ""400-425"": 0.0, ""425-450"": 0.0, ""450-475"": 0.0, ""475-500"": 0.0}",0.00,0.00,0.00,0.00,0.00,0.00,0.00,2025-12-08,,settlement_export
2025-12-08 10:00:00,2025/12/8 23:59:59 CT,2027-03-17,350-375,,,,,0.00,"{""325-350"": 0.0, ""350-375"": 0.0, ""375-400"": 0.0, ""400-425"": 0.0, ""425-450"": 0.0, ""450-475"": 0.0, ""475-500"": 0.0}",0.00,0.00,0.00,0.00,0.00,0.00,0.00,2025-12-08,,settlement_export
2025-12-08 10:00:00,2025/12/8 23:59:59 CT,2027-04-28,350-375,,,,,0.00,"{""325-350"": 0.0, ""350-375"": 0.0, ""375-400"": 0.0, ""400-425"": 0.0, ""425-450"": 0.0, ""450-475"": 0.0, ""475-500"": 0.0}",0.00,0.00,0.00,0.00,0.00,0.00,0.00,2025-12-08,,settlement_export
2025-12-08 10:00:00,2025/12/8 23:59:59 CT,2027-06-09,350-375,,,,,0.00,"{""325-350"": 0.0, ""350-375"": 0.0, ""375-400"": 0.0, ""400-425"": 0.0, ""425-450"": 0.0, ""450-475"": 0.0, ""475-500"": 0.0}",0.00,0.00,0.00,0.00,0.00,0.00,0.00,2025-12-08,,settlement_export
2025-12-08 10:00:00,2025/12/8 23:59:59 CT,2027-07-28,350-375,,,,,0.00,"{""325-350"": 0.0, ""350-375"": 0.0, ""375-400"": 0.0, ""400-425"": 0.0, ""425-450"": 0.0, ""450-475"": 0.0, ""475-500"": 0.0}",0.00,0.00,0.00,0.00,0.00,0.00,0.00,2025-12-08,,settlement_export
2025-12-08 10:00:00,2025/12/8 23:59:59 CT,2027-09-15,350-375,,,,,0.00,"{""325-350"": 0.0, ""350-375"": 0.0, ""375-400"": 0.0, ""400-425"": 0.0, ""425-450"": 0.0, ""450-475"": 0.0, ""475-500"": 0.0}",0.00,0.00,0.00,0.00,0.00,0.00,0.00,2025-12-08,,settlement_export
2025-12-08 10:00:00,2025/12/8 23:59:59 CT,2027-10-27,350-375,,,,,0.00,"{""325-350"": 0.0, ""350-375"": 0.0, ""375-400"": 0.0, ""400-425"": 0.0, ""425-450"": 0.0, ""450-475"": 0.0, ""475-500"": 0.0}",0.00,0.00,0.00,0.00,0.00,0.00,0.00,2025-12-08,,settlement_export
2025-12-08 10:00:00,2025/12/8 23:59:59 CT,2027-12-08,350-375,,,,,0.00,"{""325-350"": 0.0, ""350-375"": 0.0, ""375-400"": 0.0, ""400-425"": 0.0, ""425-450"": 0.0, ""450-475"": 0.0, ""475-500"": 0.0}",0.00,0.00,0.00,0.00,0.00,0.00,0.00,2025-12-08,,settlement_export
2025-12-09 10:00:00,2025/12/9 23:59:59 CT,2026-09-16,350-375,,,,325-350,32.45,"{""325-350"": 0.324509, ""350-375"": 0.148625, ""375-400"": 0.014325, ""400-425"": 0.0, ""425-450"": 0.0, ""450-475"": 0.0, ""475-500"": 0.0}",32.45,14.86,1.43,0.00,0.00,0.00,0.00,2025-12-09,,settlement_export
2025-12-09 10:00:00,2025/12/9 23:59:59 CT,2026-10-28,350-375,,,,300-325,31.12,"{""325-350"": 0.297247, ""350-375"": 0.127809, ""375-400"": 0.012104, ""400-425"": 0.0, ""425-450"": 0.0, ""450-475"": 0.0, ""475-500"": 0.0}",29.72,12.78,1.21,0.00,0.00,0.00,0.00,2025-12-09,,settlement_export
2025-12-09 10:00:00,2025/12/9 23:59:59 CT,2026-12-09,350-375,,,,300-325,30.89,"{""325-350"": 0.268596, ""350-375"": 0.108244, ""375-400"": 0.010058, ""400-425"": 0.0, ""425-450"": 0.0, ""450-475"": 0.0, ""475-500"": 0.0}",26.86,10.82,1.01,0.00,0.00,0.00,0.00,2025-12-09,,settlement_export
2025-12-09 10:00:00,2025/12/9 23:59:59 CT,2027-01-27,350-375,,,,,0.00,"{""325-350"": 0.0, ""350-375"": 0.0, ""375-400"": 0.0, ""400-425"": 0.0, ""425-450"": 0.0, ""450-475"": 0.0, ""475-500"": 0.0}",0.00,0.00,0.00,0.00,0.00,0.00,0.00,2025-12-09,,settlement_export
2025-12-09 10:00:00,2025/12/9 23:59:59 CT,2027-03-17,350-375,,,,,0.00,"{""325-350"": 0.0, ""350-375"": 0.0, ""375-400"": 0.0, ""400-425"": 0.0, ""425-450"": 0.0, ""450-475"": 0.0, ""475-500"": 0.0}",0.00,0.00,0.00,0.00,0.00,0.00,0.00,2025-12-09,,settlement_export
2025-12-09 10:00:00,2025/12/9 23:59:59 CT,2027-04-28,350-375,,,,,0.00,"{""325-350"": 0.0, ""350-375"": 0.0, ""375-400"": 0.0, ""400-425"": 0.0, ""425-450"": 0.0, ""450-475"": 0.0, ""475-500"": 0.0}",0.00,0.00,0.00,0.00,0.00,0.00,0.00,2025-12-09,,settlement_export
2025-12-09 10:00:00,2025/12/9 23:59:59 CT,2027-06-09,350-375,,,,,0.00,"{""325-350"": 0.0, ""350-375"": 0.0, ""375-400"": 0.0, ""400-425"": 0.0, ""425-450"": 0.0, ""450-475"": 0.0, ""475-500"": 0.0}",0.00,0.00,0.00,0.00,0.00,0.00,0.00,2025-12-09,,settlement_export
2025-12-09 10:00:00,2025/12/9 23:59:59 CT,2027-07-28,350-375,,,,,0.00,"{""325-350"": 0.0, ""350-375"": 0.0, ""375-400"": 0.0, ""400-425"": 0.0, ""425-450"": 0.0, ""450-475"": 0.0, ""475-500"": 0.0}",0.00,0.00,0.00,0.00,0.00,0.00,0.00,2025-12-09,,settlement_export
2025-12-09 10:00:00,2025/12/9 23:59:59 CT,2027-09-15,350-375,,,,,0.00,"{""325-350"": 0.0, ""350-375"": 0.0, ""375-400"": 0.0, ""400-425"": 0.0, ""425-450"": 0.0, ""450-475"": 0.0, ""475-500"": 0.0}",0.00,0.00,0.00,0.00,0.00,0.00,0.00,2025-12-09,,settlement_export
2025-12-09 10:00:00,2025/12/9 23:59:59 CT,2027-10-27,350-375,,,,,0.00,"{""325-350"": 0.0, ""350-375"": 0.0, ""375-400"": 0.0, ""400-425"": 0.0, ""425-450"": 0.0, ""450-475"": 0.0, ""475-500"": 0.0}",0.00,0.00,0.00,0.00,0.00,0.00,0.00,2025-12-09,,settlement_export
2025-12-09 10:00:00,2025/12/9 23:59:59 CT,2027-12-08,350-375,,,,,0.00,"{""325-350"": 0.0, ""350-375"": 0.0, ""375-400"": 0.0, ""400-425"": 0.0, ""425-450"": 0.0, ""450-475"": 0.0, ""475-500"": 0.0}",0.00,0.00,0.00,0.00,0.00,0.00,0.00,2025-12-09,,settlement_export
2025-12-10 10:00:00,2025/12/10 23:59:59 CT,2026-09-16,350-375,,,,300-325,32.77,"{""325-350"": 0.304122, ""350-375"": 0.116724, ""375-400"": 0.007322, ""400-425"": 0.0, ""425-450"": 0.0, ""450-475"": 0.0, ""475-500"": 0.0}",30.41,11.67,0.73,0.00,0.00,0.00,0.00,2025-12-10,,settlement_export
2025-12-10 10:00:00,2025/12/10 23:59:59 CT,2026-10-28,350-375,,,,300-325,32.45,"{""325-350"": 0.279224, ""350-375"": 0.102189, ""375-400"": 0.006349, ""400-425"": 0.0, ""425-450"": 0.0, ""450-475"": 0.0, ""475-500"": 0.0}",27.92,10.22,0.63,0.00,0.00,0.00,0.00,2025-12-10,,settlement_export
2025-12-10 10:00:00,2025/12/10 23:59:59 CT,2026-12-09,350-375,,,,300-325,31.69,"{""325-350"": 0.249289, ""350-375"": 0.085983, ""375-400"": 0.005276, ""400-425"": 0.0, ""425-450"": 0.0, ""450-475"": 0.0, ""475-500"": 0.0}",24.93,8.60,0.53,0.00,0.00,0.00,0.00,2025-12-10,,settlement_export
2025-12-10 10:00:00,2025/12/10 23:59:59 CT,2027-01-27,350-375,,,,,0.00,"{""325-350"": 0.0, ""350-375"": 0.0, ""375-400"": 0.0, ""400-425"": 0.0, ""425-450"": 0.0, ""450-475"": 0.0, ""475-500"": 0.0}",0.00,0.00,0.00,0.00,0.00,0.00,0.00,2025-12-10,,settlement_export
2025-12-10 10:00:00,2025/12/10 23:59:59 CT,2027-03-17,350-375,,,,,0.00,"{""325-350"": 0.0, ""350-375"": 0.0, ""375-400"": 0.0, ""400-425"": 0.0, ""425-450"": 0.0, ""450-475"": 0.0, ""475-500"": 0.0}",0.00,0.00,0.00,0.00,0.00,0.00,0.00,2025-12-10,,settlement_export
2025-12-10 10:00:00,2025/12/10 23:59:59 CT,2027-04-28,350-375,,,,,0.00,"{""325-350"": 0.0, ""350-375"": 0.0, ""375-400"": 0.0, ""400-425"": 0.0, ""425-450"": 0.0, ""450-475"": 0.0, ""475-500"": 0.0}",0.00,0.00,0.00,0.00,0.00,0.00,0.00,2025-12-10,,settlement_export
2025-12-10 10:00:00,2025/12/10 23:59:59 CT,2027-06-09,350-375,,,,,0.00,"{""325-350"": 0.0, ""350-375"": 0.0, ""375-400"": 0.0, ""400-425"": 0.0, ""425-450"": 0.0, ""450-475"": 0.0, ""475-500"": 0.0}",0.00,0.00,0.00,0.00,0.00,0.00,0.00,2025-12-10,,settlement_export
2025-12-10 10:00:00,2025/12/10 23:59:59 CT,2027-07-28,350-375,,,,,0.00,"{""325-350"": 0.0, ""350-375"": 0.0, ""375-400"": 0.0, ""400-425"": 0.0, ""425-450"": 0.0, ""450-475"": 0.0, ""475-500"": 0.0}",0.00,0.00,0.00,0.00,0.00,0.00,0.00,2025-12-10,,settlement_export
2025-12-10 10:00:00,2025/12/10 23:59:59 CT,2027-09-15,350-375,,,,,0.00,"{""325-350"": 0.0, ""350-375"": 0.0, ""375-400"": 0.0, ""400-425"": 0.0, ""425-450"": 0.0, ""450-475"": 0.0, ""475-500"": 0.0}",0.00,0.00,0.00,0.00,0.00,0.00,0.00,2025-12-10,,settlement_export
2025-12-10 10:00:00,2025/12/10 23:59:59 CT,2027-10-27,350-375,,,,,0.00,"{""325-350"": 0.0, ""350-375"": 0.0, ""375-400"": 0.0, ""400-425"": 0.0, ""425-450"": 0.0, ""450-475"": 0.0, ""475-500"": 0.0}",0.00,0.00,0.00,0.00,0.00,0.00,0.00,2025-12-10,,settlement_export
2025-12-10 10:00:00,2025/12/10 23:59:59 CT,2027-12-08,350-375,,,,,0.00,"{""325-350"": 0.0, ""350-375"": 0.0, ""375-400"": 0.0, ""400-425"": 0.0, ""425-450"": 0.0, ""450-475"": 0.0, ""475-500"": 0.0}",0.00,0.00,0.00,0.00,0.00,0.00,0.00,2025-12-10,,settlement_export
2025-12-11 10:00:00,2025/12/11 23:59:59 CT,2026-09-16,350-375,,,,300-325,33.95,"{""325-350"": 0.279243, ""350-375"": 0.089237, ""375-400"": 0.0, ""400-425"": 0.0, ""425-450"": 0.0, ""450-475"": 0.0, ""475-500"": 0.0}",27.92,8.92,0.00,0.00,0.00,0.00,0.00,2025-12-11,,settlement_export
2025-12-11 10:00:00,2025/12/11 23:59:59 CT,2026-10-28,350-375,,,,300-325,33.15,"{""325-350"": 0.253999, ""350-375"": 0.077381, ""375-400"": 0.0, ""400-425"": 0.0, ""425-450"": 0.0, ""450-475"": 0.0, ""475-500"": 0.0}",25.40,7.74,0.00,0.00,0.00,0.00,0.00,2025-12-11,,settlement_export
2025-12-11 10:00:00,2025/12/11 23:59:59 CT,2026-12-09,350-375,,,,300-325,31.88,"{""325-350"": 0.225217, ""350-375"": 0.064771, ""375-400"": 0.0, ""400-425"": 0.0, ""425-450"": 0.0, ""450-475"": 0.0, ""475-500"": 0.0}",22.52,6.48,0.00,0.00,0.00,0.00,0.00,2025-12-11,,settlement_export
2025-12-11 10:00:00,2025/12/11 23:59:59 CT,2027-01-27,350-375,,,,300-325,31.71,"{""325-350"": 0.227367, ""350-375"": 0.068455, ""375-400"": 0.001487, ""400-425"": 0.0, ""425-450"": 0.0, ""450-475"": 0.0, ""475-500"": 0.0}",22.74,6.85,0.15,0.00,0.00,0.00,0.00,2025-12-11,,settlement_export
2025-12-11 10:00:00,2025/12/11 23:59:59 CT,2027-03-17,350-375,,,,,0.00,"{""325-350"": 0.0, ""350-375"": 0.0, ""375-400"": 0.0, ""400-425"": 0.0, ""425-450"": 0.0, ""450-475"": 0.0, ""475-500"": 0.0}",0.00,0.00,0.00,0.00,0.00,0.00,0.00,2025-12-11,,settlement_export
2025-12-11 10:00:00,2025/12/11 23:59:59 CT,2027-04-28,350-375,,,,,0.00,"{""325-350"": 0.0, ""350-375"": 0.0, ""375-400"": 0.0, ""400-425"": 0.0, ""425-450"": 0.0, ""450-475"": 0.0, ""475-500"": 0.0}",0.00,0.00,0.00,0.00,0.00,0.00,0.00,2025-12-11,,settlement_export
2025-12-11 10:00:00,2025/12/11 23:59:59 CT,2027-06-09,350-375,,,,,0.00,"{""325-350"": 0.0, ""350-375"": 0.0, ""375-400"": 0.0, ""400-425"": 0.0, ""425-450"": 0.0, ""450-475"": 0.0, ""475-500"": 0.0}",0.00,0.00,0.00,0.00,0.00,0.00,0.00,2025-12-11,,settlement_export
2025-12-11 10:00:00,2025/12/11 23:59:59 CT,2027-07-28,350-375,,,,,0.00,"{""325-350"": 0.0, ""350-375"": 0.0, ""375-400"": 0.0, ""400-425"": 0.0, ""425-450"": 0.0, ""450-475"": 0.0, ""475-500"": 0.0}",0.00,0.00,0.00,0.00,0.00,0.00,0.00,2025-12-11,,settlement_export
2025-12-11 10:00:00,2025/12/11 23:59:59 CT,2027-09-15,350-375,,,,,0.00,"{""325-350"": 0.0, ""350-375"": 0.0, ""375-400"": 0.0, ""400-425"": 0.0, ""425-450"": 0.0, ""450-475"": 0.0, ""475-500"": 0.0}",0.00,0.00,0.00,0.00,0.00,0.00,0.00,2025-12-11,,settlement_export
2025-12-11 10:00:00,2025/12/11 23:59:59 CT,2027-10-27,350-375,,,,,0.00,"{""325-350"": 0.0, ""350-375"": 0.0, ""375-400"": 0.0, ""400-425"": 0.0, ""425-450"": 0.0, ""450-475"": 0.0, ""475-500"": 0.0}",0.00,0.00,0.00,0.00,0.00,0.00,0.00,2025-12-11,,settlement_export
2025-12-11 10:00:00,2025/12/11 23:59:59 CT,2027-12-08,350-375,,,,,0.00,"{""325-350"": 0.0, ""350-375"": 0.0, ""375-400"": 0.0, ""400-425"": 0.0, ""425-450"": 0.0, ""450-475"": 0.0, ""475-500"": 0.0}",0.00,0.00,0.00,0.00,0.00,0.00,0.00,2025-12-11,,settlement_export
2025-12-12 10:00:00,2025/12/12 23:59:59 CT,2026-09-16,350-375,,,,300-325,33.74,"{""325-350"": 0.283068, ""350-375"": 0.093264, ""375-400"": 0.0, ""400-425"": 0.0, ""425-450"": 0.0, ""450-475"": 0.0, ""475-500"": 0.0}",28.31,9.33,0.00,0.00,0.00,0.00,0.00,2025-12-12,,settlement_export
2025-12-12 10:00:00,2025/12/12 23:59:59 CT,2026-10-28,350-375,,,,300-325,33.02,"{""325-350"": 0.257852, ""350-375"": 0.080873, ""375-400"": 0.0, ""400-425"": 0.0, ""425-450"": 0.0, ""450-475"": 0.0, ""475-500"": 0.0}",25.79,8.09,0.00,0.00,0.00,0.00,0.00,2025-12-12,,settlement_export
2025-12-12 10:00:00,2025/12/12 23:59:59 CT,2026-12-09,350-375,,,,300-325,31.99,"{""325-350"": 0.23255, ""350-375"": 0.069311, ""375-400"": 0.0, ""400-425"": 0.0, ""425-450"": 0.0, ""450-475"": 0.0, ""475-500"": 0.0}",23.25,6.93,0.00,0.00,0.00,0.00,0.00,2025-12-12,,settlement_export
2025-12-12 10:00:00,2025/12/12 23:59:59 CT,2027-01-27,350-375,,,,300-325,31.80,"{""325-350"": 0.234555, ""350-375"": 0.07306, ""375-400"": 0.001592, ""400-425"": 0.0, ""425-450"": 0.0, ""450-475"": 0.0, ""475-500"": 0.0}",23.46,7.31,0.16,0.00,0.00,0.00,0.00,2025-12-12,,settlement_export
2025-12-12 10:00:00,2025/12/12 23:59:59 CT,2027-03-17,350-375,,,,,0.00,"{""325-350"": 0.0, ""350-375"": 0.0, ""375-400"": 0.0, ""400-425"": 0.0, ""425-450"": 0.0, ""450-475"": 0.0, ""475-500"": 0.0}",0.00,0.00,0.00,0.00,0.00,0.00,0.00,2025-12-12,,settlement_export
2025-12-12 10:00:00,2025/12/12 23:59:59 CT,2027-04-28,350-375,,,,,0.00,"{""325-350"": 0.0, ""350-375"": 0.0, ""375-400"": 0.0, ""400-425"": 0.0, ""425-450"": 0.0, ""450-475"": 0.0, ""475-500"": 0.0}",0.00,0.00,0.00,0.00,0.00,0.00,0.00,2025-12-12,,settlement_export
2025-12-12 10:00:00,2025/12/12 23:59:59 CT,2027-06-09,350-375,,,,,0.00,"{""325-350"": 0.0, ""350-375"": 0.0, ""375-400"": 0.0, ""400-425"": 0.0, ""425-450"": 0.0, ""450-475"": 0.0, ""475-500"": 0.0}",0.00,0.00,0.00,0.00,0.00,0.00,0.00,2025-12-12,,settlement_export
2025-12-12 10:00:00,2025/12/12 23:59:59 CT,2027-07-28,350-375,,,,,0.00,"{""325-350"": 0.0, ""350-375"": 0.0, ""375-400"": 0.0, ""400-425"": 0.0, ""425-450"": 0.0, ""450-475"": 0.0, ""475-500"": 0.0}",0.00,0.00,0.00,0.00,0.00,0.00,0.00,2025-12-12,,settlement_export
2025-12-12 10:00:00,2025/12/12 23:59:59 CT,2027-09-15,350-375,,,,,0.00,"{""325-350"": 0.0, ""350-375"": 0.0, ""375-400"": 0.0, ""400-425"": 0.0, ""425-450"": 0.0, ""450-475"": 0.0, ""475-500"": 0.0}",0.00,0.00,0.00,0.00,0.00,0.00,0.00,2025-12-12,,settlement_export
2025-12-12 10:00:00,2025/12/12 23:59:59 CT,2027-10-27,350-375,,,,,0.00,"{""325-350"": 0.0, ""350-375"": 0.0, ""375-400"": 0.0, ""400-425"": 0.0, ""425-450"": 0.0, ""450-475"": 0.0, ""475-500"": 0.0}",0.00,0.00,0.00,0.00,0.00,0.00,0.00,2025-12-12,,settlement_export
2025-12-12 10:00:00,2025/12/12 23:59:59 CT,2027-12-08,350-375,,,,,0.00,"{""325-350"": 0.0, ""350-375"": 0.0, ""375-400"": 0.0, ""400-425"": 0.0, ""425-450"": 0.0, ""450-475"": 0.0, ""475-500"": 0.0}",0.00,0.00,0.00,0.00,0.00,0.00,0.00,2025-12-12,,settlement_export
2025-12-15 10:00:00,2025/12/15 23:59:59 CT,2026-09-16,350-375,,,,300-325,33.85,"{""325-350"": 0.262256, ""350-375"": 0.079825, ""375-400"": 0.0, ""400-425"": 0.0, ""425-450"": 0.0, ""450-475"": 0.0, ""475-500"": 0.0}",26.23,7.98,0.00,0.00,0.00,0.00,0.00,2025-12-15,,settlement_export
2025-12-15 10:00:00,2025/12/15 23:59:59 CT,2026-10-28,350-375,,,,300-325,32.84,"{""325-350"": 0.238019, ""350-375"": 0.06922, ""375-400"": 0.0, ""400-425"": 0.0, ""425-450"": 0.0, ""450-475"": 0.0, ""475-500"": 0.0}",23.80,6.92,0.00,0.00,0.00,0.00,0.00,2025-12-15,,settlement_export
2025-12-15 10:00:00,2025/12/15 23:59:59 CT,2026-12-09,350-375,,,,300-325,31.55,"{""325-350"": 0.213887, ""350-375"": 0.059324, ""375-400"": 0.0, ""400-425"": 0.0, ""425-450"": 0.0, ""450-475"": 0.0, ""475-500"": 0.0}",21.39,5.93,0.00,0.00,0.00,0.00,0.00,2025-12-15,,settlement_export
2025-12-15 10:00:00,2025/12/15 23:59:59 CT,2027-01-27,350-375,,,,300-325,31.40,"{""325-350"": 0.21622, ""350-375"": 0.062873, ""375-400"": 0.001362, ""400-425"": 0.0, ""425-450"": 0.0, ""450-475"": 0.0, ""475-500"": 0.0}",21.62,6.29,0.14,0.00,0.00,0.00,0.00,2025-12-15,,settlement_export
2025-12-15 10:00:00,2025/12/15 23:59:59 CT,2027-03-17,350-375,,,,,0.00,"{""325-350"": 0.0, ""350-375"": 0.0, ""375-400"": 0.0, ""400-425"": 0.0, ""425-450"": 0.0, ""450-475"": 0.0, ""475-500"": 0.0}",0.00,0.00,0.00,0.00,0.00,0.00,0.00,2025-12-15,,settlement_export
2025-12-15 10:00:00,2025/12/15 23:59:59 CT,2027-04-28,350-375,,,,,0.00,"{""325-350"": 0.0, ""350-375"": 0.0, ""375-400"": 0.0, ""400-425"": 0.0, ""425-450"": 0.0, ""450-475"": 0.0, ""475-500"": 0.0}",0.00,0.00,0.00,0.00,0.00,0.00,0.00,2025-12-15,,settlement_export
2025-12-15 10:00:00,2025/12/15 23:59:59 CT,2027-06-09,350-375,,,,,0.00,"{""325-350"": 0.0, ""350-375"": 0.0, ""375-400"": 0.0, ""400-425"": 0.0, ""425-450"": 0.0, ""450-475"": 0.0, ""475-500"": 0.0}",0.00,0.00,0.00,0.00,0.00,0.00,0.00,2025-12-15,,settlement_export
2025-12-15 10:00:00,2025/12/15 23:59:59 CT,2027-07-28,350-375,,,,,0.00,"{""325-350"": 0.0, ""350-375"": 0.0, ""375-400"": 0.0, ""400-425"": 0.0, ""425-450"": 0.0, ""450-475"": 0.0, ""475-500"": 0.0}",0.00,0.00,0.00,0.00,0.00,0.00,0.00,2025-12-15,,settlement_export
2025-12-15 10:00:00,2025/12/15 23:59:59 CT,2027-09-15,350-375,,,,,0.00,"{""325-350"": 0.0, ""350-375"": 0.0, ""375-400"": 0.0, ""400-425"": 0.0, ""425-450"": 0.0, ""450-475"": 0.0, ""475-500"": 0.0}",0.00,0.00,0.00,0.00,0.00,0.00,0.00,2025-12-15,,settlement_export
2025-12-15 10:00:00,2025/12/15 23:59:59 CT,2027-10-27,350-375,,,,,0.00,"{""325-350"": 0.0, ""350-375"": 0.0, ""375-400"": 0.0, ""400-425"": 0.0, ""425-450"": 0.0, ""450-475"": 0.0, ""475-500"": 0.0}",0.00,0.00,0.00,0.00,0.00,0.00,0.00,2025-12-15,,settlement_export
2025-12-15 10:00:00,2025/12/15 23:59:59 CT,2027-12-08,350-375,,,,,0.00,"{""325-350"": 0.0, ""350-375"": 0.0, ""375-400"": 0.0, ""400-425"": 0.0, ""425-450"": 0.0, ""450-475"": 0.0, ""475-500"": 0.0}",0.00,0.00,0.00,0.00,0.00,0.00,0.00,2025-12-15,,settlement_export
2025-12-16 10:00:00,2025/12/16 23:59:59 CT,2026-09-16,350-375,,,,300-325,33.72,"{""325-350"": 0.245719, ""350-375"": 0.0709, ""375-400"": 0.0, ""400-425"": 0.0, ""425-450"": 0.0, ""450-475"": 0.0, ""475-500"": 0.0}",24.57,7.09,0.00,0.00,0.00,0.00,0.00,2025-12-16,,settlement_export
2025-12-16 10:00:00,2025/12/16 23:59:59 CT,2026-10-28,350-375,,,,300-325,32.31,"{""325-350"": 0.218622, ""350-375"": 0.05991, ""375-400"": 0.0, ""400-425"": 0.0, ""425-450"": 0.0, ""450-475"": 0.0, ""475-500"": 0.0}",21.86,5.99,0.00,0.00,0.00,0.00,0.00,2025-12-16,,settlement_export
2025-12-16 10:00:00,2025/12/16 23:59:59 CT,2026-12-09,350-375,,,,300-325,30.60,"{""325-350"": 0.192758, ""350-375"": 0.050147, ""375-400"": 0.0, ""400-425"": 0.0, ""425-450"": 0.0, ""450-475"": 0.0, ""475-500"": 0.0}",19.28,5.01,0.00,0.00,0.00,0.00,0.00,2025-12-16,,settlement_export
2025-12-16 10:00:00,2025/12/16 23:59:59 CT,2027-01-27,350-375,,,,300-325,30.51,"{""325-350"": 0.195359, ""350-375"": 0.053422, ""375-400"": 0.001152, ""400-425"": 0.0, ""425-450"": 0.0, ""450-475"": 0.0, ""475-500"": 0.0}",19.54,5.34,0.12,0.00,0.00,0.00,0.00,2025-12-16,,settlement_export
2025-12-16 10:00:00,2025/12/16 23:59:59 CT,2027-03-17,350-375,,,,,0.00,"{""325-350"": 0.0, ""350-375"": 0.0, ""375-400"": 0.0, ""400-425"": 0.0, ""425-450"": 0.0, ""450-475"": 0.0, ""475-500"": 0.0}",0.00,0.00,0.00,0.00,0.00,0.00,0.00,2025-12-16,,settlement_export
2025-12-16 10:00:00,2025/12/16 23:59:59 CT,2027-04-28,350-375,,,,,0.00,"{""325-350"": 0.0, ""350-375"": 0.0, ""375-400"": 0.0, ""400-425"": 0.0, ""425-450"": 0.0, ""450-475"": 0.0, ""475-500"": 0.0}",0.00,0.00,0.00,0.00,0.00,0.00,0.00,2025-12-16,,settlement_export
2025-12-16 10:00:00,2025/12/16 23:59:59 CT,2027-06-09,350-375,,,,,0.00,"{""325-350"": 0.0, ""350-375"": 0.0, ""375-400"": 0.0, ""400-425"": 0.0, ""425-450"": 0.0, ""450-475"": 0.0, ""475-500"": 0.0}",0.00,0.00,0.00,0.00,0.00,0.00,0.00,2025-12-16,,settlement_export
2025-12-16 10:00:00,2025/12/16 23:59:59 CT,2027-07-28,350-375,,,,,0.00,"{""325-350"": 0.0, ""350-375"": 0.0, ""375-400"": 0.0, ""400-425"": 0.0, ""425-450"": 0.0, ""450-475"": 0.0, ""475-500"": 0.0}",0.00,0.00,0.00,0.00,0.00,0.00,0.00,2025-12-16,,settlement_export
2025-12-16 10:00:00,2025/12/16 23:59:59 CT,2027-09-15,350-375,,,,,0.00,"{""325-350"": 0.0, ""350-375"": 0.0, ""375-400"": 0.0, ""400-425"": 0.0, ""425-450"": 0.0, ""450-475"": 0.0, ""475-500"": 0.0}",0.00,0.00,0.00,0.00,0.00,0.00,0.00,2025-12-16,,settlement_export
2025-12-16 10:00:00,2025/12/16 23:59:59 CT,2027-10-27,350-375,,,,,0.00,"{""325-350"": 0.0, ""350-375"": 0.0, ""375-400"": 0.0, ""400-425"": 0.0, ""425-450"": 0.0, ""450-475"": 0.0, ""475-500"": 0.0}",0.00,0.00,0.00,0.00,0.00,0.00,0.00,2025-12-16,,settlement_export
2025-12-16 10:00:00,2025/12/16 23:59:59 CT,2027-12-08,350-375,,,,,0.00,"{""325-350"": 0.0, ""350-375"": 0.0, ""375-400"": 0.0, ""400-425"": 0.0, ""425-450"": 0.0, ""450-475"": 0.0, ""475-500"": 0.0}",0.00,0.00,0.00,0.00,0.00,0.00,0.00,2025-12-16,,settlement_export
2025-12-17 10:00:00,2025/12/17 23:59:59 CT,2026-09-16,350-375,,,,300-325,33.76,"{""325-350"": 0.245663, ""350-375"": 0.070686, ""375-400"": 0.0, ""400-425"": 0.0, ""425-450"": 0.0, ""450-475"": 0.0, ""475-500"": 0.0}",24.57,7.07,0.00,0.00,0.00,0.00,0.00,2025-12-17,,settlement_export
2025-12-17 10:00:00,2025/12/17 23:59:59 CT,2026-10-28,350-375,,,,300-325,32.34,"{""325-350"": 0.218541, ""350-375"": 0.05973, ""375-400"": 0.0, ""400-425"": 0.0, ""425-450"": 0.0, ""450-475"": 0.0, ""475-500"": 0.0}",21.85,5.97,0.00,0.00,0.00,0.00,0.00,2025-12-17,,settlement_export
2025-12-17 10:00:00,2025/12/17 23:59:59 CT,2026-12-09,350-375,,,,300-325,30.63,"{""325-350"": 0.192661, ""350-375"": 0.049996, ""375-400"": 0.0, ""400-425"": 0.0, ""425-450"": 0.0, ""450-475"": 0.0, ""475-500"": 0.0}",19.27,5.00,0.00,0.00,0.00,0.00,0.00,2025-12-17,,settlement_export
2025-12-17 10:00:00,2025/12/17 23:59:59 CT,2027-01-27,350-375,,,,300-325,30.53,"{""325-350"": 0.19527, ""350-375"": 0.053272, ""375-400"": 0.001148, ""400-425"": 0.0, ""425-450"": 0.0, ""450-475"": 0.0, ""475-500"": 0.0}",19.53,5.33,0.11,0.00,0.00,0.00,0.00,2025-12-17,,settlement_export
2025-12-17 10:00:00,2025/12/17 23:59:59 CT,2027-03-17,350-375,,,,,0.00,"{""325-350"": 0.0, ""350-375"": 0.0, ""375-400"": 0.0, ""400-425"": 0.0, ""425-450"": 0.0, ""450-475"": 0.0, ""475-500"": 0.0}",0.00,0.00,0.00,0.00,0.00,0.00,0.00,2025-12-17,,settlement_export
2025-12-17 10:00:00,2025/12/17 23:59:59 CT,2027-04-28,350-375,,,,,0.00,"{""325-350"": 0.0, ""350-375"": 0.0, ""375-400"": 0.0, ""400-425"": 0.0, ""425-450"": 0.0, ""450-475"": 0.0, ""475-500"": 0.0}",0.00,0.00,0.00,0.00,0.00,0.00,0.00,2025-12-17,,settlement_export
2025-12-17 10:00:00,2025/12/17 23:59:59 CT,2027-06-09,350-375,,,,,0.00,"{""325-350"": 0.0, ""350-375"": 0.0, ""375-400"": 0.0, ""400-425"": 0.0, ""425-450"": 0.0, ""450-475"": 0.0, ""475-500"": 0.0}",0.00,0.00,0.00,0.00,0.00,0.00,0.00,2025-12-17,,settlement_export
2025-12-17 10:00:00,2025/12/17 23:59:59 CT,2027-07-28,350-375,,,,,0.00,"{""325-350"": 0.0, ""350-375"": 0.0, ""375-400"": 0.0, ""400-425"": 0.0, ""425-450"": 0.0, ""450-475"": 0.0, ""475-500"": 0.0}",0.00,0.00,0.00,0.00,0.00,0.00,0.00,2025-12-17,,settlement_export
2025-12-17 10:00:00,2025/12/17 23:59:59 CT,2027-09-15,350-375,,,,,0.00,"{""325-350"": 0.0, ""350-375"": 0.0, ""375-400"": 0.0, ""400-425"": 0.0, ""425-450"": 0.0, ""450-475"": 0.0, ""475-500"": 0.0}",0.00,0.00,0.00,0.00,0.00,0.00,0.00,2025-12-17,,settlement_export
2025-12-17 10:00:00,2025/12/17 23:59:59 CT,2027-10-27,350-375,,,,,0.00,"{""325-350"": 0.0, ""350-375"": 0.0, ""375-400"": 0.0, ""400-425"": 0.0, ""425-450"": 0.0, ""450-475"": 0.0, ""475-500"": 0.0}",0.00,0.00,0.00,0.00,0.00,0.00,0.00,2025-12-17,,settlement_export
2025-12-17 10:00:00,2025/12/17 23:59:59 CT,2027-12-08,350-375,,,,,0.00,"{""325-350"": 0.0, ""350-375"": 0.0, ""375-400"": 0.0, ""400-425"": 0.0, ""425-450"": 0.0, ""450-475"": 0.0, ""475-500"": 0.0}",0.00,0.00,0.00,0.00,0.00,0.00,0.00,2025-12-17,,settlement_export
2025-12-18 10:00:00,2025/12/18 23:59:59 CT,2026-09-16,350-375,,,,300-325,33.41,"{""325-350"": 0.228848, ""350-375"": 0.062416, ""375-400"": 0.0, ""400-425"": 0.0, ""425-450"": 0.0, ""450-475"": 0.0, ""475-500"": 0.0}",22.88,6.24,0.00,0.00,0.00,0.00,0.00,2025-12-18,,settlement_export
2025-12-18 10:00:00,2025/12/18 23:59:59 CT,2026-10-28,350-375,,,,300-325,31.78,"{""325-350"": 0.203051, ""350-375"": 0.052741, ""375-400"": 0.0, ""400-425"": 0.0, ""425-450"": 0.0, ""450-475"": 0.0, ""475-500"": 0.0}",20.31,5.27,0.00,0.00,0.00,0.00,0.00,2025-12-18,,settlement_export
2025-12-18 10:00:00,2025/12/18 23:59:59 CT,2026-12-09,350-375,,,,300-325,29.91,"{""325-350"": 0.178556, ""350-375"": 0.044146, ""375-400"": 0.0, ""400-425"": 0.0, ""425-450"": 0.0, ""450-475"": 0.0, ""475-500"": 0.0}",17.86,4.41,0.00,0.00,0.00,0.00,0.00,2025-12-18,,settlement_export
2025-12-18 10:00:00,2025/12/18 23:59:59 CT,2027-01-27,350-375,,,,300-325,29.84,"{""325-350"": 0.181324, ""350-375"": 0.047233, ""375-400"": 0.001014, ""400-425"": 0.0, ""425-450"": 0.0, ""450-475"": 0.0, ""475-500"": 0.0}",18.13,4.72,0.10,0.00,0.00,0.00,0.00,2025-12-18,,settlement_export
2025-12-18 10:00:00,2025/12/18 23:59:59 CT,2027-03-17,350-375,,,,,0.00,"{""325-350"": 0.0, ""350-375"": 0.0, ""375-400"": 0.0, ""400-425"": 0.0, ""425-450"": 0.0, ""450-475"": 0.0, ""475-500"": 0.0}",0.00,0.00,0.00,0.00,0.00,0.00,0.00,2025-12-18,,settlement_export
2025-12-18 10:00:00,2025/12/18 23:59:59 CT,2027-04-28,350-375,,,,,0.00,"{""325-350"": 0.0, ""350-375"": 0.0, ""375-400"": 0.0, ""400-425"": 0.0, ""425-450"": 0.0, ""450-475"": 0.0, ""475-500"": 0.0}",0.00,0.00,0.00,0.00,0.00,0.00,0.00,2025-12-18,,settlement_export
2025-12-18 10:00:00,2025/12/18 23:59:59 CT,2027-06-09,350-375,,,,,0.00,"{""325-350"": 0.0, ""350-375"": 0.0, ""375-400"": 0.0, ""400-425"": 0.0, ""425-450"": 0.0, ""450-475"": 0.0, ""475-500"": 0.0}",0.00,0.00,0.00,0.00,0.00,0.00,0.00,2025-12-18,,settlement_export
2025-12-18 10:00:00,2025/12/18 23:59:59 CT,2027-07-28,350-375,,,,,0.00,"{""325-350"": 0.0, ""350-375"": 0.0, ""375-400"": 0.0, ""400-425"": 0.0, ""425-450"": 0.0, ""450-475"": 0.0, ""475-500"": 0.0}",0.00,0.00,0.00,0.00,0.00,0.00,0.00,2025-12-18,,settlement_export
2025-12-18 10:00:00,2025/12/18 23:59:59 CT,2027-09-15,350-375,,,,,0.00,"{""325-350"": 0.0, ""350-375"": 0.0, ""375-400"": 0.0, ""400-425"": 0.0, ""425-450"": 0.0, ""450-475"": 0.0, ""475-500"": 0.0}",0.00,0.00,0.00,0.00,0.00,0.00,0.00,2025-12-18,,settlement_export
2025-12-18 10:00:00,2025/12/18 23:59:59 CT,2027-10-27,350-375,,,,,0.00,"{""325-350"": 0.0, ""350-375"": 0.0, ""375-400"": 0.0, ""400-425"": 0.0, ""425-450"": 0.0, ""450-475"": 0.0, ""475-500"": 0.0}",0.00,0.00,0.00,0.00,0.00,0.00,0.00,2025-12-18,,settlement_export
2025-12-18 10:00:00,2025/12/18 23:59:59 CT,2027-12-08,350-375,,,,,0.00,"{""325-350"": 0.0, ""350-375"": 0.0, ""375-400"": 0.0, ""400-425"": 0.0, ""425-450"": 0.0, ""450-475"": 0.0, ""475-500"": 0.0}",0.00,0.00,0.00,0.00,0.00,0.00,0.00,2025-12-18,,settlement_export
2025-12-19 10:00:00,2025/12/19 23:59:59 CT,2026-09-16,350-375,,,,300-325,33.92,"{""325-350"": 0.245772, ""350-375"": 0.070112, ""375-400"": 0.0, ""400-425"": 0.0, ""425-450"": 0.0, ""450-475"": 0.0, ""475-500"": 0.0}",24.58,7.01,0.00,0.00,0.00,0.00,0.00,2025-12-19,,settlement_export
2025-12-19 10:00:00,2025/12/19 23:59:59 CT,2026-10-28,350-375,,,,300-325,32.47,"{""325-350"": 0.218545, ""350-375"": 0.059244, ""375-400"": 0.0, ""400-425"": 0.0, ""425-450"": 0.0, ""450-475"": 0.0, ""475-500"": 0.0}",21.85,5.92,0.00,0.00,0.00,0.00,0.00,2025-12-19,,settlement_export
2025-12-19 10:00:00,2025/12/19 23:59:59 CT,2026-12-09,350-375,,,,300-325,30.77,"{""325-350"": 0.193057, ""350-375"": 0.049765, ""375-400"": 0.0, ""400-425"": 0.0, ""425-450"": 0.0, ""450-475"": 0.0, ""475-500"": 0.0}",19.31,4.98,0.00,0.00,0.00,0.00,0.00,2025-12-19,,settlement_export
2025-12-19 10:00:00,2025/12/19 23:59:59 CT,2027-01-27,350-375,,,,300-325,30.77,"{""325-350"": 0.193057, ""350-375"": 0.049765, ""375-400"": 0.0, ""400-425"": 0.0, ""425-450"": 0.0, ""450-475"": 0.0, ""475-500"": 0.0}",19.31,4.98,0.00,0.00,0.00,0.00,0.00,2025-12-19,,settlement_export
2025-12-19 10:00:00,2025/12/19 23:59:59 CT,2027-03-17,350-375,,,,,0.00,"{""325-350"": 0.0, ""350-375"": 0.0, ""375-400"": 0.0, ""400-425"": 0.0, ""425-450"": 0.0, ""450-475"": 0.0, ""475-500"": 0.0}",0.00,0.00,0.00,0.00,0.00,0.00,0.00,2025-12-19,,settlement_export
2025-12-19 10:00:00,2025/12/19 23:59:59 CT,2027-04-28,350-375,,,,,0.00,"{""325-350"": 0.0, ""350-375"": 0.0, ""375-400"": 0.0, ""400-425"": 0.0, ""425-450"": 0.0, ""450-475"": 0.0, ""475-500"": 0.0}",0.00,0.00,0.00,0.00,0.00,0.00,0.00,2025-12-19,,settlement_export
2025-12-19 10:00:00,2025/12/19 23:59:59 CT,2027-06-09,350-375,,,,,0.00,"{""325-350"": 0.0, ""350-375"": 0.0, ""375-400"": 0.0, ""400-425"": 0.0, ""425-450"": 0.0, ""450-475"": 0.0, ""475-500"": 0.0}",0.00,0.00,0.00,0.00,0.00,0.00,0.00,2025-12-19,,settlement_export
2025-12-19 10:00:00,2025/12/19 23:59:59 CT,2027-07-28,350-375,,,,,0.00,"{""325-350"": 0.0, ""350-375"": 0.0, ""375-400"": 0.0, ""400-425"": 0.0, ""425-450"": 0.0, ""450-475"": 0.0, ""475-500"": 0.0}",0.00,0.00,0.00,0.00,0.00,0.00,0.00,2025-12-19,,settlement_export
2025-12-19 10:00:00,2025/12/19 23:59:59 CT,2027-09-15,350-375,,,,,0.00,"{""325-350"": 0.0, ""350-375"": 0.0, ""375-400"": 0.0, ""400-425"": 0.0, ""425-450"": 0.0, ""450-475"": 0.0, ""475-500"": 0.0}",0.00,0.00,0.00,0.00,0.00,0.00,0.00,2025-12-19,,settlement_export
2025-12-19 10:00:00,2025/12/19 23:59:59 CT,2027-10-27,350-375,,,,,0.00,"{""325-350"": 0.0, ""350-375"": 0.0, ""375-400"": 0.0, ""400-425"": 0.0, ""425-450"": 0.0, ""450-475"": 0.0, ""475-500"": 0.0}",0.00,0.00,0.00,0.00,0.00,0.00,0.00,2025-12-19,,settlement_export
2025-12-19 10:00:00,2025/12/19 23:59:59 CT,2027-12-08,350-375,,,,,0.00,"{""325-350"": 0.0, ""350-375"": 0.0, ""375-400"": 0.0, ""400-425"": 0.0, ""425-450"": 0.0, ""450-475"": 0.0, ""475-500"": 0.0}",0.00,0.00,0.00,0.00,0.00,0.00,0.00,2025-12-19,,settlement_export
2025-12-22 10:00:00,2025/12/22 23:59:59 CT,2026-09-16,350-375,,,,300-325,33.97,"{""325-350"": 0.262812, ""350-375"": 0.080272, ""375-400"": 0.0, ""400-425"": 0.0, ""425-450"": 0.0, ""450-475"": 0.0, ""475-500"": 0.0}",26.28,8.03,0.00,0.00,0.00,0.00,0.00,2025-12-22,,settlement_export
2025-12-22 10:00:00,2025/12/22 23:59:59 CT,2026-10-28,350-375,,,,300-325,32.78,"{""325-350"": 0.234518, ""350-375"": 0.06783, ""375-400"": 0.0, ""400-425"": 0.0, ""425-450"": 0.0, ""450-475"": 0.0, ""475-500"": 0.0}",23.45,6.78,0.00,0.00,0.00,0.00,0.00,2025-12-22,,settlement_export
2025-12-22 10:00:00,2025/12/22 23:59:59 CT,2026-12-09,350-375,,,,300-325,31.29,"{""325-350"": 0.207848, ""350-375"": 0.056977, ""375-400"": 0.0, ""400-425"": 0.0, ""425-450"": 0.0, ""450-475"": 0.0, ""475-500"": 0.0}",20.78,5.70,0.00,0.00,0.00,0.00,0.00,2025-12-22,,settlement_export
2025-12-22 10:00:00,2025/12/22 23:59:59 CT,2027-01-27,350-375,,,,300-325,31.29,"{""325-350"": 0.207848, ""350-375"": 0.056977, ""375-400"": 0.0, ""400-425"": 0.0, ""425-450"": 0.0, ""450-475"": 0.0, ""475-500"": 0.0}",20.78,5.70,0.00,0.00,0.00,0.00,0.00,2025-12-22,,settlement_export
2025-12-22 10:00:00,2025/12/22 23:59:59 CT,2027-03-17,350-375,,,,,0.00,"{""325-350"": 0.0, ""350-375"": 0.0, ""375-400"": 0.0, ""400-425"": 0.0, ""425-450"": 0.0, ""450-475"": 0.0, ""475-500"": 0.0}",0.00,0.00,0.00,0.00,0.00,0.00,0.00,2025-12-22,,settlement_export
2025-12-22 10:00:00,2025/12/22 23:59:59 CT,2027-04-28,350-375,,,,,0.00,"{""325-350"": 0.0, ""350-375"": 0.0, ""375-400"": 0.0, ""400-425"": 0.0, ""425-450"": 0.0, ""450-475"": 0.0, ""475-500"": 0.0}",0.00,0.00,0.00,0.00,0.00,0.00,0.00,2025-12-22,,settlement_export
2025-12-22 10:00:00,2025/12/22 23:59:59 CT,2027-06-09,350-375,,,,,0.00,"{""325-350"": 0.0, ""350-375"": 0.0, ""375-400"": 0.0, ""400-425"": 0.0, ""425-450"": 0.0, ""450-475"": 0.0, ""475-500"": 0.0}",0.00,0.00,0.00,0.00,0.00,0.00,0.00,2025-12-22,,settlement_export
2025-12-22 10:00:00,2025/12/22 23:59:59 CT,2027-07-28,350-375,,,,,0.00,"{""325-350"": 0.0, ""350-375"": 0.0, ""375-400"": 0.0, ""400-425"": 0.0, ""425-450"": 0.0, ""450-475"": 0.0, ""475-500"": 0.0}",0.00,0.00,0.00,0.00,0.00,0.00,0.00,2025-12-22,,settlement_export
2025-12-22 10:00:00,2025/12/22 23:59:59 CT,2027-09-15,350-375,,,,,0.00,"{""325-350"": 0.0, ""350-375"": 0.0, ""375-400"": 0.0, ""400-425"": 0.0, ""425-450"": 0.0, ""450-475"": 0.0, ""475-500"": 0.0}",0.00,0.00,0.00,0.00,0.00,0.00,0.00,2025-12-22,,settlement_export
2025-12-22 10:00:00,2025/12/22 23:59:59 CT,2027-10-27,350-375,,,,,0.00,"{""325-350"": 0.0, ""350-375"": 0.0, ""375-400"": 0.0, ""400-425"": 0.0, ""425-450"": 0.0, ""450-475"": 0.0, ""475-500"": 0.0}",0.00,0.00,0.00,0.00,0.00,0.00,0.00,2025-12-22,,settlement_export
2025-12-22 10:00:00,2025/12/22 23:59:59 CT,2027-12-08,350-375,,,,,0.00,"{""325-350"": 0.0, ""350-375"": 0.0, ""375-400"": 0.0, ""400-425"": 0.0, ""425-450"": 0.0, ""450-475"": 0.0, ""475-500"": 0.0}",0.00,0.00,0.00,0.00,0.00,0.00,0.00,2025-12-22,,settlement_export
2025-12-23 10:00:00,2025/12/23 23:59:59 CT,2026-09-16,350-375,,,,300-325,34.17,"{""325-350"": 0.28904, ""350-375"": 0.094743, ""375-400"": 0.0, ""400-425"": 0.0, ""425-450"": 0.0, ""450-475"": 0.0, ""475-500"": 0.0}",28.90,9.47,0.00,0.00,0.00,0.00,0.00,2025-12-23,,settlement_export
2025-12-23 10:00:00,2025/12/23 23:59:59 CT,2026-10-28,350-375,,,,300-325,33.35,"{""325-350"": 0.258924, ""350-375"": 0.080058, ""375-400"": 0.0, ""400-425"": 0.0, ""425-450"": 0.0, ""450-475"": 0.0, ""475-500"": 0.0}",25.89,8.01,0.00,0.00,0.00,0.00,0.00,2025-12-23,,settlement_export
2025-12-23 10:00:00,2025/12/23 23:59:59 CT,2026-12-09,350-375,,,,300-325,32.29,"{""325-350"": 0.233353, ""350-375"": 0.068613, ""375-400"": 0.0, ""400-425"": 0.0, ""425-450"": 0.0, ""450-475"": 0.0, ""475-500"": 0.0}",23.34,6.86,0.00,0.00,0.00,0.00,0.00,2025-12-23,,settlement_export
2025-12-23 10:00:00,2025/12/23 23:59:59 CT,2027-01-27,350-375,,,,300-325,32.09,"{""325-350"": 0.235408, ""350-375"": 0.072396, ""375-400"": 0.001576, ""400-425"": 0.0, ""425-450"": 0.0, ""450-475"": 0.0, ""475-500"": 0.0}",23.54,7.24,0.16,0.00,0.00,0.00,0.00,2025-12-23,,settlement_export
2025-12-23 10:00:00,2025/12/23 23:59:59 CT,2027-03-17,350-375,,,,,0.00,"{""325-350"": 0.0, ""350-375"": 0.0, ""375-400"": 0.0, ""400-425"": 0.0, ""425-450"": 0.0, ""450-475"": 0.0, ""475-500"": 0.0}",0.00,0.00,0.00,0.00,0.00,0.00,0.00,2025-12-23,,settlement_export
2025-12-23 10:00:00,2025/12/23 23:59:59 CT,2027-04-28,350-375,,,,,0.00,"{""325-350"": 0.0, ""350-375"": 0.0, ""375-400"": 0.0, ""400-425"": 0.0, ""425-450"": 0.0, ""450-475"": 0.0, ""475-500"": 0.0}",0.00,0.00,0.00,0.00,0.00,0.00,0.00,2025-12-23,,settlement_export
2025-12-23 10:00:00,2025/12/23 23:59:59 CT,2027-06-09,350-375,,,,,0.00,"{""325-350"": 0.0, ""350-375"": 0.0, ""375-400"": 0.0, ""400-425"": 0.0, ""425-450"": 0.0, ""450-475"": 0.0, ""475-500"": 0.0}",0.00,0.00,0.00,0.00,0.00,0.00,0.00,2025-12-23,,settlement_export
2025-12-23 10:00:00,2025/12/23 23:59:59 CT,2027-07-28,350-375,,,,,0.00,"{""325-350"": 0.0, ""350-375"": 0.0, ""375-400"": 0.0, ""400-425"": 0.0, ""425-450"": 0.0, ""450-475"": 0.0, ""475-500"": 0.0}",0.00,0.00,0.00,0.00,0.00,0.00,0.00,2025-12-23,,settlement_export
2025-12-23 10:00:00,2025/12/23 23:59:59 CT,2027-09-15,350-375,,,,,0.00,"{""325-350"": 0.0, ""350-375"": 0.0, ""375-400"": 0.0, ""400-425"": 0.0, ""425-450"": 0.0, ""450-475"": 0.0, ""475-500"": 0.0}",0.00,0.00,0.00,0.00,0.00,0.00,0.00,2025-12-23,,settlement_export
2025-12-23 10:00:00,2025/12/23 23:59:59 CT,2027-10-27,350-375,,,,,0.00,"{""325-350"": 0.0, ""350-375"": 0.0, ""375-400"": 0.0, ""400-425"": 0.0, ""425-450"": 0.0, ""450-475"": 0.0, ""475-500"": 0.0}",0.00,0.00,0.00,0.00,0.00,0.00,0.00,2025-12-23,,settlement_export
2025-12-23 10:00:00,2025/12/23 23:59:59 CT,2027-12-08,350-375,,,,,0.00,"{""325-350"": 0.0, ""350-375"": 0.0, ""375-400"": 0.0, ""400-425"": 0.0, ""425-450"": 0.0, ""450-475"": 0.0, ""475-500"": 0.0}",0.00,0.00,0.00,0.00,0.00,0.00,0.00,2025-12-23,,settlement_export
2025-12-24 10:00:00,2025/12/24 23:59:59 CT,2026-09-16,350-375,,,,300-325,34.54,"{""325-350"": 0.276933, ""350-375"": 0.084509, ""375-400"": 0.0, ""400-425"": 0.0, ""425-450"": 0.0, ""450-475"": 0.0, ""475-500"": 0.0}",27.69,8.45,0.00,0.00,0.00,0.00,0.00,2025-12-24,,settlement_export
2025-12-24 10:00:00,2025/12/24 23:59:59 CT,2026-10-28,350-375,,,,300-325,33.48,"{""325-350"": 0.247107, ""350-375"": 0.07141, ""375-400"": 0.0, ""400-425"": 0.0, ""425-450"": 0.0, ""450-475"": 0.0, ""475-500"": 0.0}",24.71,7.14,0.00,0.00,0.00,0.00,0.00,2025-12-24,,settlement_export
2025-12-24 10:00:00,2025/12/24 23:59:59 CT,2026-12-09,350-375,,,,300-325,32.22,"{""325-350"": 0.221989, ""350-375"": 0.061201, ""375-400"": 0.0, ""400-425"": 0.0, ""425-450"": 0.0, ""450-475"": 0.0, ""475-500"": 0.0}",22.20,6.12,0.00,0.00,0.00,0.00,0.00,2025-12-24,,settlement_export
2025-12-24 10:00:00,2025/12/24 23:59:59 CT,2027-01-27,350-375,,,,300-325,32.05,"{""325-350"": 0.224291, ""350-375"": 0.064893, ""375-400"": 0.001405, ""400-425"": 0.0, ""425-450"": 0.0, ""450-475"": 0.0, ""475-500"": 0.0}",22.43,6.49,0.14,0.00,0.00,0.00,0.00,2025-12-24,,settlement_export
2025-12-24 10:00:00,2025/12/24 23:59:59 CT,2027-03-17,350-375,,,,,0.00,"{""325-350"": 0.0, ""350-375"": 0.0, ""375-400"": 0.0, ""400-425"": 0.0, ""425-450"": 0.0, ""450-475"": 0.0, ""475-500"": 0.0}",0.00,0.00,0.00,0.00,0.00,0.00,0.00,2025-12-24,,settlement_export
2025-12-24 10:00:00,2025/12/24 23:59:59 CT,2027-04-28,350-375,,,,,0.00,"{""325-350"": 0.0, ""350-375"": 0.0, ""375-400"": 0.0, ""400-425"": 0.0, ""425-450"": 0.0, ""450-475"": 0.0, ""475-500"": 0.0}",0.00,0.00,0.00,0.00,0.00,0.00,0.00,2025-12-24,,settlement_export
2025-12-24 10:00:00,2025/12/24 23:59:59 CT,2027-06-09,350-375,,,,,0.00,"{""325-350"": 0.0, ""350-375"": 0.0, ""375-400"": 0.0, ""400-425"": 0.0, ""425-450"": 0.0, ""450-475"": 0.0, ""475-500"": 0.0}",0.00,0.00,0.00,0.00,0.00,0.00,0.00,2025-12-24,,settlement_export
2025-12-24 10:00:00,2025/12/24 23:59:59 CT,2027-07-28,350-375,,,,,0.00,"{""325-350"": 0.0, ""350-375"": 0.0, ""375-400"": 0.0, ""400-425"": 0.0, ""425-450"": 0.0, ""450-475"": 0.0, ""475-500"": 0.0}",0.00,0.00,0.00,0.00,0.00,0.00,0.00,2025-12-24,,settlement_export
2025-12-24 10:00:00,2025/12/24 23:59:59 CT,2027-09-15,350-375,,,,,0.00,"{""325-350"": 0.0, ""350-375"": 0.0, ""375-400"": 0.0, ""400-425"": 0.0, ""425-450"": 0.0, ""450-475"": 0.0, ""475-500"": 0.0}",0.00,0.00,0.00,0.00,0.00,0.00,0.00,2025-12-24,,settlement_export
2025-12-24 10:00:00,2025/12/24 23:59:59 CT,2027-10-27,350-375,,,,,0.00,"{""325-350"": 0.0, ""350-375"": 0.0, ""375-400"": 0.0, ""400-425"": 0.0, ""425-450"": 0.0, ""450-475"": 0.0, ""475-500"": 0.0}",0.00,0.00,0.00,0.00,0.00,0.00,0.00,2025-12-24,,settlement_export
2025-12-24 10:00:00,2025/12/24 23:59:59 CT,2027-12-08,350-375,,,,,0.00,"{""325-350"": 0.0, ""350-375"": 0.0, ""375-400"": 0.0, ""400-425"": 0.0, ""425-450"": 0.0, ""450-475"": 0.0, ""475-500"": 0.0}",0.00,0.00,0.00,0.00,0.00,0.00,0.00,2025-12-24,,settlement_export
2025-12-26 10:00:00,2025/12/26 23:59:59 CT,2026-09-16,350-375,,,,300-325,34.30,"{""325-350"": 0.258773, ""350-375"": 0.076047, ""375-400"": 0.0, ""400-425"": 0.0, ""425-450"": 0.0, ""450-475"": 0.0, ""475-500"": 0.0}",25.88,7.60,0.00,0.00,0.00,0.00,0.00,2025-12-26,,settlement_export
2025-12-26 10:00:00,2025/12/26 23:59:59 CT,2026-10-28,350-375,,,,300-325,32.99,"{""325-350"": 0.230451, ""350-375"": 0.064259, ""375-400"": 0.0, ""400-425"": 0.0, ""425-450"": 0.0, ""450-475"": 0.0, ""475-500"": 0.0}",23.05,6.43,0.00,0.00,0.00,0.00,0.00,2025-12-26,,settlement_export
2025-12-26 10:00:00,2025/12/26 23:59:59 CT,2026-12-09,350-375,,,,300-325,31.57,"{""325-350"": 0.206691, ""350-375"": 0.055073, ""375-400"": 0.0, ""400-425"": 0.0, ""425-450"": 0.0, ""450-475"": 0.0, ""475-500"": 0.0}",20.67,5.51,0.00,0.00,0.00,0.00,0.00,2025-12-26,,settlement_export
2025-12-26 10:00:00,2025/12/26 23:59:59 CT,2027-01-27,350-375,,,,300-325,31.44,"{""325-350"": 0.209195, ""350-375"": 0.058554, ""375-400"": 0.001265, ""400-425"": 0.0, ""425-450"": 0.0, ""450-475"": 0.0, ""475-500"": 0.0}",20.92,5.86,0.13,0.00,0.00,0.00,0.00,2025-12-26,,settlement_export
2025-12-26 10:00:00,2025/12/26 23:59:59 CT,2027-03-17,350-375,,,,,0.00,"{""325-350"": 0.0, ""350-375"": 0.0, ""375-400"": 0.0, ""400-425"": 0.0, ""425-450"": 0.0, ""450-475"": 0.0, ""475-500"": 0.0}",0.00,0.00,0.00,0.00,0.00,0.00,0.00,2025-12-26,,settlement_export
2025-12-26 10:00:00,2025/12/26 23:59:59 CT,2027-04-28,350-375,,,,,0.00,"{""325-350"": 0.0, ""350-375"": 0.0, ""375-400"": 0.0, ""400-425"": 0.0, ""425-450"": 0.0, ""450-475"": 0.0, ""475-500"": 0.0}",0.00,0.00,0.00,0.00,0.00,0.00,0.00,2025-12-26,,settlement_export
2025-12-26 10:00:00,2025/12/26 23:59:59 CT,2027-06-09,350-375,,,,,0.00,"{""325-350"": 0.0, ""350-375"": 0.0, ""375-400"": 0.0, ""400-425"": 0.0, ""425-450"": 0.0, ""450-475"": 0.0, ""475-500"": 0.0}",0.00,0.00,0.00,0.00,0.00,0.00,0.00,2025-12-26,,settlement_export
2025-12-26 10:00:00,2025/12/26 23:59:59 CT,2027-07-28,350-375,,,,,0.00,"{""325-350"": 0.0, ""350-375"": 0.0, ""375-400"": 0.0, ""400-425"": 0.0, ""425-450"": 0.0, ""450-475"": 0.0, ""475-500"": 0.0}",0.00,0.00,0.00,0.00,0.00,0.00,0.00,2025-12-26,,settlement_export
2025-12-26 10:00:00,2025/12/26 23:59:59 CT,2027-09-15,350-375,,,,,0.00,"{""325-350"": 0.0, ""350-375"": 0.0, ""375-400"": 0.0, ""400-425"": 0.0, ""425-450"": 0.0, ""450-475"": 0.0, ""475-500"": 0.0}",0.00,0.00,0.00,0.00,0.00,0.00,0.00,2025-12-26,,settlement_export
2025-12-26 10:00:00,2025/12/26 23:59:59 CT,2027-10-27,350-375,,,,,0.00,"{""325-350"": 0.0, ""350-375"": 0.0, ""375-400"": 0.0, ""400-425"": 0.0, ""425-450"": 0.0, ""450-475"": 0.0, ""475-500"": 0.0}",0.00,0.00,0.00,0.00,0.00,0.00,0.00,2025-12-26,,settlement_export
2025-12-26 10:00:00,2025/12/26 23:59:59 CT,2027-12-08,350-375,,,,,0.00,"{""325-350"": 0.0, ""350-375"": 0.0, ""375-400"": 0.0, ""400-425"": 0.0, ""425-450"": 0.0, ""450-475"": 0.0, ""475-500"": 0.0}",0.00,0.00,0.00,0.00,0.00,0.00,0.00,2025-12-26,,settlement_export
2025-12-29 10:00:00,2025/12/29 23:59:59 CT,2026-09-16,350-375,,,,300-325,34.38,"{""325-350"": 0.24486, ""350-375"": 0.066902, ""375-400"": 0.0, ""400-425"": 0.0, ""425-450"": 0.0, ""450-475"": 0.0, ""475-500"": 0.0}",24.49,6.69,0.00,0.00,0.00,0.00,0.00,2025-12-29,,settlement_export
2025-12-29 10:00:00,2025/12/29 23:59:59 CT,2026-10-28,350-375,,,,300-325,32.63,"{""325-350"": 0.213336, ""350-375"": 0.05505, ""375-400"": 0.0, ""400-425"": 0.0, ""425-450"": 0.0, ""450-475"": 0.0, ""475-500"": 0.0}",21.33,5.50,0.00,0.00,0.00,0.00,0.00,2025-12-29,,settlement_export
2025-12-29 10:00:00,2025/12/29 23:59:59 CT,2026-12-09,350-375,,,,300-325,31.05,"{""325-350"": 0.191176, ""350-375"": 0.047343, ""375-400"": 0.0, ""400-425"": 0.0, ""425-450"": 0.0, ""450-475"": 0.0, ""475-500"": 0.0}",19.12,4.73,0.00,0.00,0.00,0.00,0.00,2025-12-29,,settlement_export
2025-12-29 10:00:00,2025/12/29 23:59:59 CT,2027-01-27,350-375,,,,300-325,31.05,"{""325-350"": 0.191176, ""350-375"": 0.047343, ""375-400"": 0.0, ""400-425"": 0.0, ""425-450"": 0.0, ""450-475"": 0.0, ""475-500"": 0.0}",19.12,4.73,0.00,0.00,0.00,0.00,0.00,2025-12-29,,settlement_export
2025-12-29 10:00:00,2025/12/29 23:59:59 CT,2027-03-17,350-375,,,,,0.00,"{""325-350"": 0.0, ""350-375"": 0.0, ""375-400"": 0.0, ""400-425"": 0.0, ""425-450"": 0.0, ""450-475"": 0.0, ""475-500"": 0.0}",0.00,0.00,0.00,0.00,0.00,0.00,0.00,2025-12-29,,settlement_export
2025-12-29 10:00:00,2025/12/29 23:59:59 CT,2027-04-28,350-375,,,,,0.00,"{""325-350"": 0.0, ""350-375"": 0.0, ""375-400"": 0.0, ""400-425"": 0.0, ""425-450"": 0.0, ""450-475"": 0.0, ""475-500"": 0.0}",0.00,0.00,0.00,0.00,0.00,0.00,0.00,2025-12-29,,settlement_export
2025-12-29 10:00:00,2025/12/29 23:59:59 CT,2027-06-09,350-375,,,,,0.00,"{""325-350"": 0.0, ""350-375"": 0.0, ""375-400"": 0.0, ""400-425"": 0.0, ""425-450"": 0.0, ""450-475"": 0.0, ""475-500"": 0.0}",0.00,0.00,0.00,0.00,0.00,0.00,0.00,2025-12-29,,settlement_export
2025-12-29 10:00:00,2025/12/29 23:59:59 CT,2027-07-28,350-375,,,,,0.00,"{""325-350"": 0.0, ""350-375"": 0.0, ""375-400"": 0.0, ""400-425"": 0.0, ""425-450"": 0.0, ""450-475"": 0.0, ""475-500"": 0.0}",0.00,0.00,0.00,0.00,0.00,0.00,0.00,2025-12-29,,settlement_export
2025-12-29 10:00:00,2025/12/29 23:59:59 CT,2027-09-15,350-375,,,,,0.00,"{""325-350"": 0.0, ""350-375"": 0.0, ""375-400"": 0.0, ""400-425"": 0.0, ""425-450"": 0.0, ""450-475"": 0.0, ""475-500"": 0.0}",0.00,0.00,0.00,0.00,0.00,0.00,0.00,2025-12-29,,settlement_export
2025-12-29 10:00:00,2025/12/29 23:59:59 CT,2027-10-27,350-375,,,,,0.00,"{""325-350"": 0.0, ""350-375"": 0.0, ""375-400"": 0.0, ""400-425"": 0.0, ""425-450"": 0.0, ""450-475"": 0.0, ""475-500"": 0.0}",0.00,0.00,0.00,0.00,0.00,0.00,0.00,2025-12-29,,settlement_export
2025-12-29 10:00:00,2025/12/29 23:59:59 CT,2027-12-08,350-375,,,,,0.00,"{""325-350"": 0.0, ""350-375"": 0.0, ""375-400"": 0.0, ""400-425"": 0.0, ""425-450"": 0.0, ""450-475"": 0.0, ""475-500"": 0.0}",0.00,0.00,0.00,0.00,0.00,0.00,0.00,2025-12-29,,settlement_export
2025-12-30 10:00:00,2025/12/30 23:59:59 CT,2026-09-16,350-375,,,,300-325,34.39,"{""325-350"": 0.249334, ""350-375"": 0.069256, ""375-400"": 0.0, ""400-425"": 0.0, ""425-450"": 0.0, ""450-475"": 0.0, ""475-500"": 0.0}",24.93,6.93,0.00,0.00,0.00,0.00,0.00,2025-12-30,,settlement_export
2025-12-30 10:00:00,2025/12/30 23:59:59 CT,2026-10-28,350-375,,,,300-325,32.71,"{""325-350"": 0.217434, ""350-375"": 0.056988, ""375-400"": 0.0, ""400-425"": 0.0, ""425-450"": 0.0, ""450-475"": 0.0, ""475-500"": 0.0}",21.74,5.70,0.00,0.00,0.00,0.00,0.00,2025-12-30,,settlement_export
2025-12-30 10:00:00,2025/12/30 23:59:59 CT,2026-12-09,350-375,,,,300-325,30.96,"{""325-350"": 0.191763, ""350-375"": 0.04787, ""375-400"": 0.0, ""400-425"": 0.0, ""425-450"": 0.0, ""450-475"": 0.0, ""475-500"": 0.0}",19.18,4.79,0.00,0.00,0.00,0.00,0.00,2025-12-30,,settlement_export
2025-12-30 10:00:00,2025/12/30 23:59:59 CT,2027-01-27,350-375,,,,300-325,30.96,"{""325-350"": 0.191763, ""350-375"": 0.04787, ""375-400"": 0.0, ""400-425"": 0.0, ""425-450"": 0.0, ""450-475"": 0.0, ""475-500"": 0.0}",19.18,4.79,0.00,0.00,0.00,0.00,0.00,2025-12-30,,settlement_export
2025-12-30 10:00:00,2025/12/30 23:59:59 CT,2027-03-17,350-375,,,,,0.00,"{""325-350"": 0.0, ""350-375"": 0.0, ""375-400"": 0.0, ""400-425"": 0.0, ""425-450"": 0.0, ""450-475"": 0.0, ""475-500"": 0.0}",0.00,0.00,0.00,0.00,0.00,0.00,0.00,2025-12-30,,settlement_export
2025-12-30 10:00:00,2025/12/30 23:59:59 CT,2027-04-28,350-375,,,,,0.00,"{""325-350"": 0.0, ""350-375"": 0.0, ""375-400"": 0.0, ""400-425"": 0.0, ""425-450"": 0.0, ""450-475"": 0.0, ""475-500"": 0.0}",0.00,0.00,0.00,0.00,0.00,0.00,0.00,2025-12-30,,settlement_export
2025-12-30 10:00:00,2025/12/30 23:59:59 CT,2027-06-09,350-375,,,,,0.00,"{""325-350"": 0.0, ""350-375"": 0.0, ""375-400"": 0.0, ""400-425"": 0.0, ""425-450"": 0.0, ""450-475"": 0.0, ""475-500"": 0.0}",0.00,0.00,0.00,0.00,0.00,0.00,0.00,2025-12-30,,settlement_export
2025-12-30 10:00:00,2025/12/30 23:59:59 CT,2027-07-28,350-375,,,,,0.00,"{""325-350"": 0.0, ""350-375"": 0.0, ""375-400"": 0.0, ""400-425"": 0.0, ""425-450"": 0.0, ""450-475"": 0.0, ""475-500"": 0.0}",0.00,0.00,0.00,0.00,0.00,0.00,0.00,2025-12-30,,settlement_export
2025-12-30 10:00:00,2025/12/30 23:59:59 CT,2027-09-15,350-375,,,,,0.00,"{""325-350"": 0.0, ""350-375"": 0.0, ""375-400"": 0.0, ""400-425"": 0.0, ""425-450"": 0.0, ""450-475"": 0.0, ""475-500"": 0.0}",0.00,0.00,0.00,0.00,0.00,0.00,0.00,2025-12-30,,settlement_export
2025-12-30 10:00:00,2025/12/30 23:59:59 CT,2027-10-27,350-375,,,,,0.00,"{""325-350"": 0.0, ""350-375"": 0.0, ""375-400"": 0.0, ""400-425"": 0.0, ""425-450"": 0.0, ""450-475"": 0.0, ""475-500"": 0.0}",0.00,0.00,0.00,0.00,0.00,0.00,0.00,2025-12-30,,settlement_export
2025-12-30 10:00:00,2025/12/30 23:59:59 CT,2027-12-08,350-375,,,,,0.00,"{""325-350"": 0.0, ""350-375"": 0.0, ""375-400"": 0.0, ""400-425"": 0.0, ""425-450"": 0.0, ""450-475"": 0.0, ""475-500"": 0.0}",0.00,0.00,0.00,0.00,0.00,0.00,0.00,2025-12-30,,settlement_export
2025-12-31 10:00:00,2025/12/31 23:59:59 CT,2026-09-16,350-375,,,,300-325,34.63,"{""325-350"": 0.264742, ""350-375"": 0.076566, ""375-400"": 0.0, ""400-425"": 0.0, ""425-450"": 0.0, ""450-475"": 0.0, ""475-500"": 0.0}",26.47,7.66,0.00,0.00,0.00,0.00,0.00,2025-12-31,,settlement_export
2025-12-31 10:00:00,2025/12/31 23:59:59 CT,2026-10-28,350-375,,,,300-325,33.18,"{""325-350"": 0.231408, ""350-375"": 0.063003, ""375-400"": 0.0, ""400-425"": 0.0, ""425-450"": 0.0, ""450-475"": 0.0, ""475-500"": 0.0}",23.14,6.30,0.00,0.00,0.00,0.00,0.00,2025-12-31,,settlement_export
2025-12-31 10:00:00,2025/12/31 23:59:59 CT,2026-12-09,350-375,,,,300-325,31.58,"{""325-350"": 0.204463, ""350-375"": 0.052922, ""375-400"": 0.0, ""400-425"": 0.0, ""425-450"": 0.0, ""450-475"": 0.0, ""475-500"": 0.0}",20.45,5.29,0.00,0.00,0.00,0.00,0.00,2025-12-31,,settlement_export
2025-12-31 10:00:00,2025/12/31 23:59:59 CT,2027-01-27,350-375,,,,300-325,31.58,"{""325-350"": 0.204463, ""350-375"": 0.052922, ""375-400"": 0.0, ""400-425"": 0.0, ""425-450"": 0.0, ""450-475"": 0.0, ""475-500"": 0.0}",20.45,5.29,0.00,0.00,0.00,0.00,0.00,2025-12-31,,settlement_export
2025-12-31 10:00:00,2025/12/31 23:59:59 CT,2027-03-17,350-375,,,,,0.00,"{""325-350"": 0.0, ""350-375"": 0.0, ""375-400"": 0.0, ""400-425"": 0.0, ""425-450"": 0.0, ""450-475"": 0.0, ""475-500"": 0.0}",0.00,0.00,0.00,0.00,0.00,0.00,0.00,2025-12-31,,settlement_export
2025-12-31 10:00:00,2025/12/31 23:59:59 CT,2027-04-28,350-375,,,,,0.00,"{""325-350"": 0.0, ""350-375"": 0.0, ""375-400"": 0.0, ""400-425"": 0.0, ""425-450"": 0.0, ""450-475"": 0.0, ""475-500"": 0.0}",0.00,0.00,0.00,0.00,0.00,0.00,0.00,2025-12-31,,settlement_export
2025-12-31 10:00:00,2025/12/31 23:59:59 CT,2027-06-09,350-375,,,,,0.00,"{""325-350"": 0.0, ""350-375"": 0.0, ""375-400"": 0.0, ""400-425"": 0.0, ""425-450"": 0.0, ""450-475"": 0.0, ""475-500"": 0.0}",0.00,0.00,0.00,0.00,0.00,0.00,0.00,2025-12-31,,settlement_export
2025-12-31 10:00:00,2025/12/31 23:59:59 CT,2027-07-28,350-375,,,,,0.00,"{""325-350"": 0.0, ""350-375"": 0.0, ""375-400"": 0.0, ""400-425"": 0.0, ""425-450"": 0.0, ""450-475"": 0.0, ""475-500"": 0.0}",0.00,0.00,0.00,0.00,0.00,0.00,0.00,2025-12-31,,settlement_export
2025-12-31 10:00:00,2025/12/31 23:59:59 CT,2027-09-15,350-375,,,,,0.00,"{""325-350"": 0.0, ""350-375"": 0.0, ""375-400"": 0.0, ""400-425"": 0.0, ""425-450"": 0.0, ""450-475"": 0.0, ""475-500"": 0.0}",0.00,0.00,0.00,0.00,0.00,0.00,0.00,2025-12-31,,settlement_export
2025-12-31 10:00:00,2025/12/31 23:59:59 CT,2027-10-27,350-375,,,,,0.00,"{""325-350"": 0.0, ""350-375"": 0.0, ""375-400"": 0.0, ""400-425"": 0.0, ""425-450"": 0.0, ""450-475"": 0.0, ""475-500"": 0.0}",0.00,0.00,0.00,0.00,0.00,0.00,0.00,2025-12-31,,settlement_export
2025-12-31 10:00:00,2025/12/31 23:59:59 CT,2027-12-08,350-375,,,,,0.00,"{""325-350"": 0.0, ""350-375"": 0.0, ""375-400"": 0.0, ""400-425"": 0.0, ""425-450"": 0.0, ""450-475"": 0.0, ""475-500"": 0.0}",0.00,0.00,0.00,0.00,0.00,0.00,0.00,2025-12-31,,settlement_export
2026-01-02 10:00:00,2026/1/2 23:59:59 CT,2026-09-16,350-375,,,,300-325,34.55,"{""325-350"": 0.266109, ""350-375"": 0.078519, ""375-400"": 0.0, ""400-425"": 0.0, ""425-450"": 0.0, ""450-475"": 0.0, ""475-500"": 0.0}",26.61,7.85,0.00,0.00,0.00,0.00,0.00,2026-01-02,,settlement_export
2026-01-02 10:00:00,2026/1/2 23:59:59 CT,2026-10-28,350-375,,,,300-325,33.14,"{""325-350"": 0.232879, ""350-375"": 0.06461, ""375-400"": 0.0, ""400-425"": 0.0, ""425-450"": 0.0, ""450-475"": 0.0, ""475-500"": 0.0}",23.29,6.46,0.00,0.00,0.00,0.00,0.00,2026-01-02,,settlement_export
2026-01-02 10:00:00,2026/1/2 23:59:59 CT,2026-12-09,350-375,,,,300-325,31.76,"{""325-350"": 0.209322, ""350-375"": 0.055565, ""375-400"": 0.0, ""400-425"": 0.0, ""425-450"": 0.0, ""450-475"": 0.0, ""475-500"": 0.0}",20.93,5.56,0.00,0.00,0.00,0.00,0.00,2026-01-02,,settlement_export
2026-01-02 10:00:00,2026/1/2 23:59:59 CT,2027-01-27,350-375,,,,300-325,31.76,"{""325-350"": 0.209322, ""350-375"": 0.055565, ""375-400"": 0.0, ""400-425"": 0.0, ""425-450"": 0.0, ""450-475"": 0.0, ""475-500"": 0.0}",20.93,5.56,0.00,0.00,0.00,0.00,0.00,2026-01-02,,settlement_export
2026-01-02 10:00:00,2026/1/2 23:59:59 CT,2027-03-17,350-375,,,,,0.00,"{""325-350"": 0.0, ""350-375"": 0.0, ""375-400"": 0.0, ""400-425"": 0.0, ""425-450"": 0.0, ""450-475"": 0.0, ""475-500"": 0.0}",0.00,0.00,0.00,0.00,0.00,0.00,0.00,2026-01-02,,settlement_export
2026-01-02 10:00:00,2026/1/2 23:59:59 CT,2027-04-28,350-375,,,,,0.00,"{""325-350"": 0.0, ""350-375"": 0.0, ""375-400"": 0.0, ""400-425"": 0.0, ""425-450"": 0.0, ""450-475"": 0.0, ""475-500"": 0.0}",0.00,0.00,0.00,0.00,0.00,0.00,0.00,2026-01-02,,settlement_export
2026-01-02 10:00:00,2026/1/2 23:59:59 CT,2027-06-09,350-375,,,,,0.00,"{""325-350"": 0.0, ""350-375"": 0.0, ""375-400"": 0.0, ""400-425"": 0.0, ""425-450"": 0.0, ""450-475"": 0.0, ""475-500"": 0.0}",0.00,0.00,0.00,0.00,0.00,0.00,0.00,2026-01-02,,settlement_export
2026-01-02 10:00:00,2026/1/2 23:59:59 CT,2027-07-28,350-375,,,,,0.00,"{""325-350"": 0.0, ""350-375"": 0.0, ""375-400"": 0.0, ""400-425"": 0.0, ""425-450"": 0.0, ""450-475"": 0.0, ""475-500"": 0.0}",0.00,0.00,0.00,0.00,0.00,0.00,0.00,2026-01-02,,settlement_export
2026-01-02 10:00:00,2026/1/2 23:59:59 CT,2027-09-15,350-375,,,,,0.00,"{""325-350"": 0.0, ""350-375"": 0.0, ""375-400"": 0.0, ""400-425"": 0.0, ""425-450"": 0.0, ""450-475"": 0.0, ""475-500"": 0.0}",0.00,0.00,0.00,0.00,0.00,0.00,0.00,2026-01-02,,settlement_export
2026-01-02 10:00:00,2026/1/2 23:59:59 CT,2027-10-27,350-375,,,,,0.00,"{""325-350"": 0.0, ""350-375"": 0.0, ""375-400"": 0.0, ""400-425"": 0.0, ""425-450"": 0.0, ""450-475"": 0.0, ""475-500"": 0.0}",0.00,0.00,0.00,0.00,0.00,0.00,0.00,2026-01-02,,settlement_export
2026-01-02 10:00:00,2026/1/2 23:59:59 CT,2027-12-08,350-375,,,,,0.00,"{""325-350"": 0.0, ""350-375"": 0.0, ""375-400"": 0.0, ""400-425"": 0.0, ""425-450"": 0.0, ""450-475"": 0.0, ""475-500"": 0.0}",0.00,0.00,0.00,0.00,0.00,0.00,0.00,2026-01-02,,settlement_export
2026-01-05 10:00:00,2026/1/5 23:59:59 CT,2026-09-16,350-375,,,,300-325,34.59,"{""325-350"": 0.253208, ""350-375"": 0.070678, ""375-400"": 0.0, ""400-425"": 0.0, ""425-450"": 0.0, ""450-475"": 0.0, ""475-500"": 0.0}",25.32,7.07,0.00,0.00,0.00,0.00,0.00,2026-01-05,,settlement_export
2026-01-05 10:00:00,2026/1/5 23:59:59 CT,2026-10-28,350-375,,,,300-325,32.95,"{""325-350"": 0.220874, ""350-375"": 0.058158, ""375-400"": 0.0, ""400-425"": 0.0, ""425-450"": 0.0, ""450-475"": 0.0, ""475-500"": 0.0}",22.09,5.82,0.00,0.00,0.00,0.00,0.00,2026-01-05,,settlement_export
2026-01-05 10:00:00,2026/1/5 23:59:59 CT,2026-12-09,350-375,,,,300-325,31.21,"{""325-350"": 0.194839, ""350-375"": 0.048853, ""375-400"": 0.0, ""400-425"": 0.0, ""425-450"": 0.0, ""450-475"": 0.0, ""475-500"": 0.0}",19.48,4.89,0.00,0.00,0.00,0.00,0.00,2026-01-05,,settlement_export
2026-01-05 10:00:00,2026/1/5 23:59:59 CT,2027-01-27,350-375,,,,300-325,31.21,"{""325-350"": 0.194839, ""350-375"": 0.048853, ""375-400"": 0.0, ""400-425"": 0.0, ""425-450"": 0.0, ""450-475"": 0.0, ""475-500"": 0.0}",19.48,4.89,0.00,0.00,0.00,0.00,0.00,2026-01-05,,settlement_export
2026-01-05 10:00:00,2026/1/5 23:59:59 CT,2027-03-17,350-375,,,,,0.00,"{""325-350"": 0.0, ""350-375"": 0.0, ""375-400"": 0.0, ""400-425"": 0.0, ""425-450"": 0.0, ""450-475"": 0.0, ""475-500"": 0.0}",0.00,0.00,0.00,0.00,0.00,0.00,0.00,2026-01-05,,settlement_export
2026-01-05 10:00:00,2026/1/5 23:59:59 CT,2027-04-28,350-375,,,,,0.00,"{""325-350"": 0.0, ""350-375"": 0.0, ""375-400"": 0.0, ""400-425"": 0.0, ""425-450"": 0.0, ""450-475"": 0.0, ""475-500"": 0.0}",0.00,0.00,0.00,0.00,0.00,0.00,0.00,2026-01-05,,settlement_export
2026-01-05 10:00:00,2026/1/5 23:59:59 CT,2027-06-09,350-375,,,,,0.00,"{""325-350"": 0.0, ""350-375"": 0.0, ""375-400"": 0.0, ""400-425"": 0.0, ""425-450"": 0.0, ""450-475"": 0.0, ""475-500"": 0.0}",0.00,0.00,0.00,0.00,0.00,0.00,0.00,2026-01-05,,settlement_export
2026-01-05 10:00:00,2026/1/5 23:59:59 CT,2027-07-28,350-375,,,,,0.00,"{""325-350"": 0.0, ""350-375"": 0.0, ""375-400"": 0.0, ""400-425"": 0.0, ""425-450"": 0.0, ""450-475"": 0.0, ""475-500"": 0.0}",0.00,0.00,0.00,0.00,0.00,0.00,0.00,2026-01-05,,settlement_export
2026-01-05 10:00:00,2026/1/5 23:59:59 CT,2027-09-15,350-375,,,,,0.00,"{""325-350"": 0.0, ""350-375"": 0.0, ""375-400"": 0.0, ""400-425"": 0.0, ""425-450"": 0.0, ""450-475"": 0.0, ""475-500"": 0.0}",0.00,0.00,0.00,0.00,0.00,0.00,0.00,2026-01-05,,settlement_export
2026-01-05 10:00:00,2026/1/5 23:59:59 CT,2027-10-27,350-375,,,,,0.00,"{""325-350"": 0.0, ""350-375"": 0.0, ""375-400"": 0.0, ""400-425"": 0.0, ""425-450"": 0.0, ""450-475"": 0.0, ""475-500"": 0.0}",0.00,0.00,0.00,0.00,0.00,0.00,0.00,2026-01-05,,settlement_export
2026-01-05 10:00:00,2026/1/5 23:59:59 CT,2027-12-08,350-375,,,,,0.00,"{""325-350"": 0.0, ""350-375"": 0.0, ""375-400"": 0.0, ""400-425"": 0.0, ""425-450"": 0.0, ""450-475"": 0.0, ""475-500"": 0.0}",0.00,0.00,0.00,0.00,0.00,0.00,0.00,2026-01-05,,settlement_export
2026-01-06 10:00:00,2026/1/6 23:59:59 CT,2026-09-16,350-375,,,,300-325,34.33,"{""325-350"": 0.272012, ""350-375"": 0.083612, ""375-400"": 0.0, ""400-425"": 0.0, ""425-450"": 0.0, ""450-475"": 0.0, ""475-500"": 0.0}",27.20,8.36,0.00,0.00,0.00,0.00,0.00,2026-01-06,,settlement_export
2026-01-06 10:00:00,2026/1/6 23:59:59 CT,2026-10-28,350-375,,,,300-325,33.06,"{""325-350"": 0.238638, ""350-375"": 0.068801, ""375-400"": 0.0, ""400-425"": 0.0, ""425-450"": 0.0, ""450-475"": 0.0, ""475-500"": 0.0}",23.86,6.88,0.00,0.00,0.00,0.00,0.00,2026-01-06,,settlement_export
2026-01-06 10:00:00,2026/1/6 23:59:59 CT,2026-12-09,350-375,,,,300-325,31.41,"{""325-350"": 0.208067, ""350-375"": 0.056417, ""375-400"": 0.0, ""400-425"": 0.0, ""425-450"": 0.0, ""450-475"": 0.0, ""475-500"": 0.0}",20.81,5.64,0.00,0.00,0.00,0.00,0.00,2026-01-06,,settlement_export
2026-01-06 10:00:00,2026/1/6 23:59:59 CT,2027-01-27,350-375,,,,300-325,31.41,"{""325-350"": 0.208067, ""350-375"": 0.056417, ""375-400"": 0.0, ""400-425"": 0.0, ""425-450"": 0.0, ""450-475"": 0.0, ""475-500"": 0.0}",20.81,5.64,0.00,0.00,0.00,0.00,0.00,2026-01-06,,settlement_export
2026-01-06 10:00:00,2026/1/6 23:59:59 CT,2027-03-17,350-375,,,,,0.00,"{""325-350"": 0.0, ""350-375"": 0.0, ""375-400"": 0.0, ""400-425"": 0.0, ""425-450"": 0.0, ""450-475"": 0.0, ""475-500"": 0.0}",0.00,0.00,0.00,0.00,0.00,0.00,0.00,2026-01-06,,settlement_export
2026-01-06 10:00:00,2026/1/6 23:59:59 CT,2027-04-28,350-375,,,,,0.00,"{""325-350"": 0.0, ""350-375"": 0.0, ""375-400"": 0.0, ""400-425"": 0.0, ""425-450"": 0.0, ""450-475"": 0.0, ""475-500"": 0.0}",0.00,0.00,0.00,0.00,0.00,0.00,0.00,2026-01-06,,settlement_export
2026-01-06 10:00:00,2026/1/6 23:59:59 CT,2027-06-09,350-375,,,,,0.00,"{""325-350"": 0.0, ""350-375"": 0.0, ""375-400"": 0.0, ""400-425"": 0.0, ""425-450"": 0.0, ""450-475"": 0.0, ""475-500"": 0.0}",0.00,0.00,0.00,0.00,0.00,0.00,0.00,2026-01-06,,settlement_export
2026-01-06 10:00:00,2026/1/6 23:59:59 CT,2027-07-28,350-375,,,,,0.00,"{""325-350"": 0.0, ""350-375"": 0.0, ""375-400"": 0.0, ""400-425"": 0.0, ""425-450"": 0.0, ""450-475"": 0.0, ""475-500"": 0.0}",0.00,0.00,0.00,0.00,0.00,0.00,0.00,2026-01-06,,settlement_export
2026-01-06 10:00:00,2026/1/6 23:59:59 CT,2027-09-15,350-375,,,,,0.00,"{""325-350"": 0.0, ""350-375"": 0.0, ""375-400"": 0.0, ""400-425"": 0.0, ""425-450"": 0.0, ""450-475"": 0.0, ""475-500"": 0.0}",0.00,0.00,0.00,0.00,0.00,0.00,0.00,2026-01-06,,settlement_export
2026-01-06 10:00:00,2026/1/6 23:59:59 CT,2027-10-27,350-375,,,,,0.00,"{""325-350"": 0.0, ""350-375"": 0.0, ""375-400"": 0.0, ""400-425"": 0.0, ""425-450"": 0.0, ""450-475"": 0.0, ""475-500"": 0.0}",0.00,0.00,0.00,0.00,0.00,0.00,0.00,2026-01-06,,settlement_export
2026-01-06 10:00:00,2026/1/6 23:59:59 CT,2027-12-08,350-375,,,,,0.00,"{""325-350"": 0.0, ""350-375"": 0.0, ""375-400"": 0.0, ""400-425"": 0.0, ""425-450"": 0.0, ""450-475"": 0.0, ""475-500"": 0.0}",0.00,0.00,0.00,0.00,0.00,0.00,0.00,2026-01-06,,settlement_export
2026-01-07 10:00:00,2026/1/7 23:59:59 CT,2026-09-16,350-375,,,,300-325,35.00,"{""325-350"": 0.272642, ""350-375"": 0.078404, ""375-400"": 0.0, ""400-425"": 0.0, ""425-450"": 0.0, ""450-475"": 0.0, ""475-500"": 0.0}",27.26,7.84,0.00,0.00,0.00,0.00,0.00,2026-01-07,,settlement_export
2026-01-07 10:00:00,2026/1/7 23:59:59 CT,2026-10-28,350-375,,,,300-325,33.46,"{""325-350"": 0.233933, ""350-375"": 0.062779, ""375-400"": 0.0, ""400-425"": 0.0, ""425-450"": 0.0, ""450-475"": 0.0, ""475-500"": 0.0}",23.39,6.28,0.00,0.00,0.00,0.00,0.00,2026-01-07,,settlement_export
2026-01-07 10:00:00,2026/1/7 23:59:59 CT,2026-12-09,350-375,,,,300-325,31.28,"{""325-350"": 0.196786, ""350-375"": 0.049154, ""375-400"": 0.0, ""400-425"": 0.0, ""425-450"": 0.0, ""450-475"": 0.0, ""475-500"": 0.0}",19.68,4.92,0.00,0.00,0.00,0.00,0.00,2026-01-07,,settlement_export
2026-01-07 10:00:00,2026/1/7 23:59:59 CT,2027-01-27,350-375,,,,300-325,31.01,"{""325-350"": 0.193396, ""350-375"": 0.048025, ""375-400"": 0.0, ""400-425"": 0.0, ""425-450"": 0.0, ""450-475"": 0.0, ""475-500"": 0.0}",19.34,4.80,0.00,0.00,0.00,0.00,0.00,2026-01-07,,settlement_export
2026-01-07 10:00:00,2026/1/7 23:59:59 CT,2027-03-17,350-375,,,,,0.00,"{""325-350"": 0.0, ""350-375"": 0.0, ""375-400"": 0.0, ""400-425"": 0.0, ""425-450"": 0.0, ""450-475"": 0.0, ""475-500"": 0.0}",0.00,0.00,0.00,0.00,0.00,0.00,0.00,2026-01-07,,settlement_export
2026-01-07 10:00:00,2026/1/7 23:59:59 CT,2027-04-28,350-375,,,,,0.00,"{""325-350"": 0.0, ""350-375"": 0.0, ""375-400"": 0.0, ""400-425"": 0.0, ""425-450"": 0.0, ""450-475"": 0.0, ""475-500"": 0.0}",0.00,0.00,0.00,0.00,0.00,0.00,0.00,2026-01-07,,settlement_export
2026-01-07 10:00:00,2026/1/7 23:59:59 CT,2027-06-09,350-375,,,,,0.00,"{""325-350"": 0.0, ""350-375"": 0.0, ""375-400"": 0.0, ""400-425"": 0.0, ""425-450"": 0.0, ""450-475"": 0.0, ""475-500"": 0.0}",0.00,0.00,0.00,0.00,0.00,0.00,0.00,2026-01-07,,settlement_export
2026-01-07 10:00:00,2026/1/7 23:59:59 CT,2027-07-28,350-375,,,,,0.00,"{""325-350"": 0.0, ""350-375"": 0.0, ""375-400"": 0.0, ""400-425"": 0.0, ""425-450"": 0.0, ""450-475"": 0.0, ""475-500"": 0.0}",0.00,0.00,0.00,0.00,0.00,0.00,0.00,2026-01-07,,settlement_export
2026-01-07 10:00:00,2026/1/7 23:59:59 CT,2027-09-15,350-375,,,,,0.00,"{""325-350"": 0.0, ""350-375"": 0.0, ""375-400"": 0.0, ""400-425"": 0.0, ""425-450"": 0.0, ""450-475"": 0.0, ""475-500"": 0.0}",0.00,0.00,0.00,0.00,0.00,0.00,0.00,2026-01-07,,settlement_export
2026-01-07 10:00:00,2026/1/7 23:59:59 CT,2027-10-27,350-375,,,,,0.00,"{""325-350"": 0.0, ""350-375"": 0.0, ""375-400"": 0.0, ""400-425"": 0.0, ""425-450"": 0.0, ""450-475"": 0.0, ""475-500"": 0.0}",0.00,0.00,0.00,0.00,0.00,0.00,0.00,2026-01-07,,settlement_export
2026-01-07 10:00:00,2026/1/7 23:59:59 CT,2027-12-08,350-375,,,,,0.00,"{""325-350"": 0.0, ""350-375"": 0.0, ""375-400"": 0.0, ""400-425"": 0.0, ""425-450"": 0.0, ""450-475"": 0.0, ""475-500"": 0.0}",0.00,0.00,0.00,0.00,0.00,0.00,0.00,2026-01-07,,settlement_export
2026-01-08 10:00:00,2026/1/8 23:59:59 CT,2026-09-16,350-375,,,,300-325,34.81,"{""325-350"": 0.281874, ""350-375"": 0.0864, ""375-400"": 0.0, ""400-425"": 0.0, ""425-450"": 0.0, ""450-475"": 0.0, ""475-500"": 0.0}",28.19,8.64,0.00,0.00,0.00,0.00,0.00,2026-01-08,,settlement_export
2026-01-08 10:00:00,2026/1/8 23:59:59 CT,2026-10-28,350-375,,,,300-325,33.63,"{""325-350"": 0.247247, ""350-375"": 0.071095, ""375-400"": 0.0, ""400-425"": 0.0, ""425-450"": 0.0, ""450-475"": 0.0, ""475-500"": 0.0}",24.72,7.11,0.00,0.00,0.00,0.00,0.00,2026-01-08,,settlement_export
2026-01-08 10:00:00,2026/1/8 23:59:59 CT,2026-12-09,350-375,,,,300-325,31.88,"{""325-350"": 0.212538, ""350-375"": 0.057087, ""375-400"": 0.0, ""400-425"": 0.0, ""425-450"": 0.0, ""450-475"": 0.0, ""475-500"": 0.0}",21.25,5.71,0.00,0.00,0.00,0.00,0.00,2026-01-08,,settlement_export
2026-01-08 10:00:00,2026/1/8 23:59:59 CT,2027-01-27,350-375,,,,300-325,31.64,"{""325-350"": 0.208969, ""350-375"": 0.055776, ""375-400"": 0.0, ""400-425"": 0.0, ""425-450"": 0.0, ""450-475"": 0.0, ""475-500"": 0.0}",20.90,5.58,0.00,0.00,0.00,0.00,0.00,2026-01-08,,settlement_export
2026-01-08 10:00:00,2026/1/8 23:59:59 CT,2027-03-17,350-375,,,,,0.00,"{""325-350"": 0.0, ""350-375"": 0.0, ""375-400"": 0.0, ""400-425"": 0.0, ""425-450"": 0.0, ""450-475"": 0.0, ""475-500"": 0.0}",0.00,0.00,0.00,0.00,0.00,0.00,0.00,2026-01-08,,settlement_export
2026-01-08 10:00:00,2026/1/8 23:59:59 CT,2027-04-28,350-375,,,,,0.00,"{""325-350"": 0.0, ""350-375"": 0.0, ""375-400"": 0.0, ""400-425"": 0.0, ""425-450"": 0.0, ""450-475"": 0.0, ""475-500"": 0.0}",0.00,0.00,0.00,0.00,0.00,0.00,0.00,2026-01-08,,settlement_export
2026-01-08 10:00:00,2026/1/8 23:59:59 CT,2027-06-09,350-375,,,,,0.00,"{""325-350"": 0.0, ""350-375"": 0.0, ""375-400"": 0.0, ""400-425"": 0.0, ""425-450"": 0.0, ""450-475"": 0.0, ""475-500"": 0.0}",0.00,0.00,0.00,0.00,0.00,0.00,0.00,2026-01-08,,settlement_export
2026-01-08 10:00:00,2026/1/8 23:59:59 CT,2027-07-28,350-375,,,,,0.00,"{""325-350"": 0.0, ""350-375"": 0.0, ""375-400"": 0.0, ""400-425"": 0.0, ""425-450"": 0.0, ""450-475"": 0.0, ""475-500"": 0.0}",0.00,0.00,0.00,0.00,0.00,0.00,0.00,2026-01-08,,settlement_export
2026-01-08 10:00:00,2026/1/8 23:59:59 CT,2027-09-15,350-375,,,,,0.00,"{""325-350"": 0.0, ""350-375"": 0.0, ""375-400"": 0.0, ""400-425"": 0.0, ""425-450"": 0.0, ""450-475"": 0.0, ""475-500"": 0.0}",0.00,0.00,0.00,0.00,0.00,0.00,0.00,2026-01-08,,settlement_export
2026-01-08 10:00:00,2026/1/8 23:59:59 CT,2027-10-27,350-375,,,,,0.00,"{""325-350"": 0.0, ""350-375"": 0.0, ""375-400"": 0.0, ""400-425"": 0.0, ""425-450"": 0.0, ""450-475"": 0.0, ""475-500"": 0.0}",0.00,0.00,0.00,0.00,0.00,0.00,0.00,2026-01-08,,settlement_export
2026-01-08 10:00:00,2026/1/8 23:59:59 CT,2027-12-08,350-375,,,,,0.00,"{""325-350"": 0.0, ""350-375"": 0.0, ""375-400"": 0.0, ""400-425"": 0.0, ""425-450"": 0.0, ""450-475"": 0.0, ""475-500"": 0.0}",0.00,0.00,0.00,0.00,0.00,0.00,0.00,2026-01-08,,settlement_export
2026-01-09 10:00:00,2026/1/9 23:59:59 CT,2026-09-16,350-375,,,,300-325,33.68,"{""325-350"": 0.335093, ""350-375"": 0.124188, ""375-400"": 0.0, ""400-425"": 0.0, ""425-450"": 0.0, ""450-475"": 0.0, ""475-500"": 0.0}",33.51,12.42,0.00,0.00,0.00,0.00,0.00,2026-01-09,,settlement_export
2026-01-09 10:00:00,2026/1/9 23:59:59 CT,2026-10-28,350-375,,,,300-325,33.65,"{""325-350"": 0.297733, ""350-375"": 0.102189, ""375-400"": 0.0, ""400-425"": 0.0, ""425-450"": 0.0, ""450-475"": 0.0, ""475-500"": 0.0}",29.77,10.22,0.00,0.00,0.00,0.00,0.00,2026-01-09,,settlement_export
2026-01-09 10:00:00,2026/1/9 23:59:59 CT,2026-12-09,350-375,,,,300-325,32.88,"{""325-350"": 0.259203, ""350-375"": 0.082054, ""375-400"": 0.0, ""400-425"": 0.0, ""425-450"": 0.0, ""450-475"": 0.0, ""475-500"": 0.0}",25.92,8.21,0.00,0.00,0.00,0.00,0.00,2026-01-09,,settlement_export
2026-01-09 10:00:00,2026/1/9 23:59:59 CT,2027-01-27,350-375,,,,300-325,32.72,"{""325-350"": 0.255136, ""350-375"": 0.08017, ""375-400"": 0.0, ""400-425"": 0.0, ""425-450"": 0.0, ""450-475"": 0.0, ""475-500"": 0.0}",25.51,8.02,0.00,0.00,0.00,0.00,0.00,2026-01-09,,settlement_export
2026-01-09 10:00:00,2026/1/9 23:59:59 CT,2027-03-17,350-375,,,,,0.00,"{""325-350"": 0.0, ""350-375"": 0.0, ""375-400"": 0.0, ""400-425"": 0.0, ""425-450"": 0.0, ""450-475"": 0.0, ""475-500"": 0.0}",0.00,0.00,0.00,0.00,0.00,0.00,0.00,2026-01-09,,settlement_export
2026-01-09 10:00:00,2026/1/9 23:59:59 CT,2027-04-28,350-375,,,,,0.00,"{""325-350"": 0.0, ""350-375"": 0.0, ""375-400"": 0.0, ""400-425"": 0.0, ""425-450"": 0.0, ""450-475"": 0.0, ""475-500"": 0.0}",0.00,0.00,0.00,0.00,0.00,0.00,0.00,2026-01-09,,settlement_export
2026-01-09 10:00:00,2026/1/9 23:59:59 CT,2027-06-09,350-375,,,,,0.00,"{""325-350"": 0.0, ""350-375"": 0.0, ""375-400"": 0.0, ""400-425"": 0.0, ""425-450"": 0.0, ""450-475"": 0.0, ""475-500"": 0.0}",0.00,0.00,0.00,0.00,0.00,0.00,0.00,2026-01-09,,settlement_export
2026-01-09 10:00:00,2026/1/9 23:59:59 CT,2027-07-28,350-375,,,,,0.00,"{""325-350"": 0.0, ""350-375"": 0.0, ""375-400"": 0.0, ""400-425"": 0.0, ""425-450"": 0.0, ""450-475"": 0.0, ""475-500"": 0.0}",0.00,0.00,0.00,0.00,0.00,0.00,0.00,2026-01-09,,settlement_export
2026-01-09 10:00:00,2026/1/9 23:59:59 CT,2027-09-15,350-375,,,,,0.00,"{""325-350"": 0.0, ""350-375"": 0.0, ""375-400"": 0.0, ""400-425"": 0.0, ""425-450"": 0.0, ""450-475"": 0.0, ""475-500"": 0.0}",0.00,0.00,0.00,0.00,0.00,0.00,0.00,2026-01-09,,settlement_export
2026-01-09 10:00:00,2026/1/9 23:59:59 CT,2027-10-27,350-375,,,,,0.00,"{""325-350"": 0.0, ""350-375"": 0.0, ""375-400"": 0.0, ""400-425"": 0.0, ""425-450"": 0.0, ""450-475"": 0.0, ""475-500"": 0.0}",0.00,0.00,0.00,0.00,0.00,0.00,0.00,2026-01-09,,settlement_export
2026-01-09 10:00:00,2026/1/9 23:59:59 CT,2027-12-08,350-375,,,,,0.00,"{""325-350"": 0.0, ""350-375"": 0.0, ""375-400"": 0.0, ""400-425"": 0.0, ""425-450"": 0.0, ""450-475"": 0.0, ""475-500"": 0.0}",0.00,0.00,0.00,0.00,0.00,0.00,0.00,2026-01-09,,settlement_export
2026-01-12 10:00:00,2026/1/12 23:59:59 CT,2026-09-16,350-375,,,,325-350,34.15,"{""325-350"": 0.341479, ""350-375"": 0.134648, ""375-400"": 0.0, ""400-425"": 0.0, ""425-450"": 0.0, ""450-475"": 0.0, ""475-500"": 0.0}",34.15,13.46,0.00,0.00,0.00,0.00,0.00,2026-01-12,,settlement_export
2026-01-12 10:00:00,2026/1/12 23:59:59 CT,2026-10-28,350-375,,,,300-325,33.30,"{""325-350"": 0.30026, ""350-375"": 0.107815, ""375-400"": 0.0, ""400-425"": 0.0, ""425-450"": 0.0, ""450-475"": 0.0, ""475-500"": 0.0}",30.03,10.78,0.00,0.00,0.00,0.00,0.00,2026-01-12,,settlement_export
2026-01-12 10:00:00,2026/1/12 23:59:59 CT,2026-12-09,350-375,,,,300-325,32.59,"{""325-350"": 0.258493, ""350-375"": 0.084415, ""375-400"": 0.0, ""400-425"": 0.0, ""425-450"": 0.0, ""450-475"": 0.0, ""475-500"": 0.0}",25.85,8.44,0.00,0.00,0.00,0.00,0.00,2026-01-12,,settlement_export
2026-01-12 10:00:00,2026/1/12 23:59:59 CT,2027-01-27,350-375,,,,300-325,32.43,"{""325-350"": 0.254495, ""350-375"": 0.082477, ""375-400"": 0.0, ""400-425"": 0.0, ""425-450"": 0.0, ""450-475"": 0.0, ""475-500"": 0.0}",25.45,8.25,0.00,0.00,0.00,0.00,0.00,2026-01-12,,settlement_export
2026-01-12 10:00:00,2026/1/12 23:59:59 CT,2027-03-17,350-375,,,,,0.00,"{""325-350"": 0.0, ""350-375"": 0.0, ""375-400"": 0.0, ""400-425"": 0.0, ""425-450"": 0.0, ""450-475"": 0.0, ""475-500"": 0.0}",0.00,0.00,0.00,0.00,0.00,0.00,0.00,2026-01-12,,settlement_export
2026-01-12 10:00:00,2026/1/12 23:59:59 CT,2027-04-28,350-375,,,,,0.00,"{""325-350"": 0.0, ""350-375"": 0.0, ""375-400"": 0.0, ""400-425"": 0.0, ""425-450"": 0.0, ""450-475"": 0.0, ""475-500"": 0.0}",0.00,0.00,0.00,0.00,0.00,0.00,0.00,2026-01-12,,settlement_export
2026-01-12 10:00:00,2026/1/12 23:59:59 CT,2027-06-09,350-375,,,,,0.00,"{""325-350"": 0.0, ""350-375"": 0.0, ""375-400"": 0.0, ""400-425"": 0.0, ""425-450"": 0.0, ""450-475"": 0.0, ""475-500"": 0.0}",0.00,0.00,0.00,0.00,0.00,0.00,0.00,2026-01-12,,settlement_export
2026-01-12 10:00:00,2026/1/12 23:59:59 CT,2027-07-28,350-375,,,,,0.00,"{""325-350"": 0.0, ""350-375"": 0.0, ""375-400"": 0.0, ""400-425"": 0.0, ""425-450"": 0.0, ""450-475"": 0.0, ""475-500"": 0.0}",0.00,0.00,0.00,0.00,0.00,0.00,0.00,2026-01-12,,settlement_export
2026-01-12 10:00:00,2026/1/12 23:59:59 CT,2027-09-15,350-375,,,,,0.00,"{""325-350"": 0.0, ""350-375"": 0.0, ""375-400"": 0.0, ""400-425"": 0.0, ""425-450"": 0.0, ""450-475"": 0.0, ""475-500"": 0.0}",0.00,0.00,0.00,0.00,0.00,0.00,0.00,2026-01-12,,settlement_export
2026-01-12 10:00:00,2026/1/12 23:59:59 CT,2027-10-27,350-375,,,,,0.00,"{""325-350"": 0.0, ""350-375"": 0.0, ""375-400"": 0.0, ""400-425"": 0.0, ""425-450"": 0.0, ""450-475"": 0.0, ""475-500"": 0.0}",0.00,0.00,0.00,0.00,0.00,0.00,0.00,2026-01-12,,settlement_export
2026-01-12 10:00:00,2026/1/12 23:59:59 CT,2027-12-08,350-375,,,,,0.00,"{""325-350"": 0.0, ""350-375"": 0.0, ""375-400"": 0.0, ""400-425"": 0.0, ""425-450"": 0.0, ""450-475"": 0.0, ""475-500"": 0.0}",0.00,0.00,0.00,0.00,0.00,0.00,0.00,2026-01-12,,settlement_export
2026-01-13 10:00:00,2026/1/13 23:59:59 CT,2026-09-16,350-375,,,,300-325,34.22,"{""325-350"": 0.331832, ""350-375"": 0.119472, ""375-400"": 0.0, ""400-425"": 0.0, ""425-450"": 0.0, ""450-475"": 0.0, ""475-500"": 0.0}",33.18,11.95,0.00,0.00,0.00,0.00,0.00,2026-01-13,,settlement_export
2026-01-13 10:00:00,2026/1/13 23:59:59 CT,2026-10-28,350-375,,,,300-325,33.99,"{""325-350"": 0.284809, ""350-375"": 0.093018, ""375-400"": 0.0, ""400-425"": 0.0, ""425-450"": 0.0, ""450-475"": 0.0, ""475-500"": 0.0}",28.48,9.30,0.00,0.00,0.00,0.00,0.00,2026-01-13,,settlement_export
2026-01-13 10:00:00,2026/1/13 23:59:59 CT,2026-12-09,350-375,,,,300-325,32.69,"{""325-350"": 0.239348, ""350-375"": 0.070969, ""375-400"": 0.0, ""400-425"": 0.0, ""425-450"": 0.0, ""450-475"": 0.0, ""475-500"": 0.0}",23.93,7.10,0.00,0.00,0.00,0.00,0.00,2026-01-13,,settlement_export
2026-01-13 10:00:00,2026/1/13 23:59:59 CT,2027-01-27,350-375,,,,300-325,32.48,"{""325-350"": 0.235481, ""350-375"": 0.069339, ""375-400"": 0.0, ""400-425"": 0.0, ""425-450"": 0.0, ""450-475"": 0.0, ""475-500"": 0.0}",23.55,6.93,0.00,0.00,0.00,0.00,0.00,2026-01-13,,settlement_export
2026-01-13 10:00:00,2026/1/13 23:59:59 CT,2027-03-17,350-375,,,,,0.00,"{""325-350"": 0.0, ""350-375"": 0.0, ""375-400"": 0.0, ""400-425"": 0.0, ""425-450"": 0.0, ""450-475"": 0.0, ""475-500"": 0.0}",0.00,0.00,0.00,0.00,0.00,0.00,0.00,2026-01-13,,settlement_export
2026-01-13 10:00:00,2026/1/13 23:59:59 CT,2027-04-28,350-375,,,,,0.00,"{""325-350"": 0.0, ""350-375"": 0.0, ""375-400"": 0.0, ""400-425"": 0.0, ""425-450"": 0.0, ""450-475"": 0.0, ""475-500"": 0.0}",0.00,0.00,0.00,0.00,0.00,0.00,0.00,2026-01-13,,settlement_export
2026-01-13 10:00:00,2026/1/13 23:59:59 CT,2027-06-09,350-375,,,,,0.00,"{""325-350"": 0.0, ""350-375"": 0.0, ""375-400"": 0.0, ""400-425"": 0.0, ""425-450"": 0.0, ""450-475"": 0.0, ""475-500"": 0.0}",0.00,0.00,0.00,0.00,0.00,0.00,0.00,2026-01-13,,settlement_export
2026-01-13 10:00:00,2026/1/13 23:59:59 CT,2027-07-28,350-375,,,,,0.00,"{""325-350"": 0.0, ""350-375"": 0.0, ""375-400"": 0.0, ""400-425"": 0.0, ""425-450"": 0.0, ""450-475"": 0.0, ""475-500"": 0.0}",0.00,0.00,0.00,0.00,0.00,0.00,0.00,2026-01-13,,settlement_export
2026-01-13 10:00:00,2026/1/13 23:59:59 CT,2027-09-15,350-375,,,,,0.00,"{""325-350"": 0.0, ""350-375"": 0.0, ""375-400"": 0.0, ""400-425"": 0.0, ""425-450"": 0.0, ""450-475"": 0.0, ""475-500"": 0.0}",0.00,0.00,0.00,0.00,0.00,0.00,0.00,2026-01-13,,settlement_export
2026-01-13 10:00:00,2026/1/13 23:59:59 CT,2027-10-27,350-375,,,,,0.00,"{""325-350"": 0.0, ""350-375"": 0.0, ""375-400"": 0.0, ""400-425"": 0.0, ""425-450"": 0.0, ""450-475"": 0.0, ""475-500"": 0.0}",0.00,0.00,0.00,0.00,0.00,0.00,0.00,2026-01-13,,settlement_export
2026-01-13 10:00:00,2026/1/13 23:59:59 CT,2027-12-08,350-375,,,,,0.00,"{""325-350"": 0.0, ""350-375"": 0.0, ""375-400"": 0.0, ""400-425"": 0.0, ""425-450"": 0.0, ""450-475"": 0.0, ""475-500"": 0.0}",0.00,0.00,0.00,0.00,0.00,0.00,0.00,2026-01-13,,settlement_export
2026-01-14 10:00:00,2026/1/14 23:59:59 CT,2026-09-16,350-375,,,,300-325,34.65,"{""325-350"": 0.318337, ""350-375"": 0.109249, ""375-400"": 0.0, ""400-425"": 0.0, ""425-450"": 0.0, ""450-475"": 0.0, ""475-500"": 0.0}",31.83,10.92,0.00,0.00,0.00,0.00,0.00,2026-01-14,,settlement_export
2026-01-14 10:00:00,2026/1/14 23:59:59 CT,2026-10-28,350-375,,,,300-325,34.02,"{""325-350"": 0.272039, ""350-375"": 0.085058, ""375-400"": 0.0, ""400-425"": 0.0, ""425-450"": 0.0, ""450-475"": 0.0, ""475-500"": 0.0}",27.20,8.51,0.00,0.00,0.00,0.00,0.00,2026-01-14,,settlement_export
2026-01-14 10:00:00,2026/1/14 23:59:59 CT,2026-12-09,350-375,,,,300-325,32.41,"{""325-350"": 0.227717, ""350-375"": 0.064896, ""375-400"": 0.0, ""400-425"": 0.0, ""425-450"": 0.0, ""450-475"": 0.0, ""475-500"": 0.0}",22.77,6.49,0.00,0.00,0.00,0.00,0.00,2026-01-14,,settlement_export
2026-01-14 10:00:00,2026/1/14 23:59:59 CT,2027-01-27,350-375,,,,300-325,32.19,"{""325-350"": 0.223978, ""350-375"": 0.063406, ""375-400"": 0.0, ""400-425"": 0.0, ""425-450"": 0.0, ""450-475"": 0.0, ""475-500"": 0.0}",22.40,6.34,0.00,0.00,0.00,0.00,0.00,2026-01-14,,settlement_export
2026-01-14 10:00:00,2026/1/14 23:59:59 CT,2027-03-17,350-375,,,,,0.00,"{""325-350"": 0.0, ""350-375"": 0.0, ""375-400"": 0.0, ""400-425"": 0.0, ""425-450"": 0.0, ""450-475"": 0.0, ""475-500"": 0.0}",0.00,0.00,0.00,0.00,0.00,0.00,0.00,2026-01-14,,settlement_export
2026-01-14 10:00:00,2026/1/14 23:59:59 CT,2027-04-28,350-375,,,,,0.00,"{""325-350"": 0.0, ""350-375"": 0.0, ""375-400"": 0.0, ""400-425"": 0.0, ""425-450"": 0.0, ""450-475"": 0.0, ""475-500"": 0.0}",0.00,0.00,0.00,0.00,0.00,0.00,0.00,2026-01-14,,settlement_export
2026-01-14 10:00:00,2026/1/14 23:59:59 CT,2027-06-09,350-375,,,,,0.00,"{""325-350"": 0.0, ""350-375"": 0.0, ""375-400"": 0.0, ""400-425"": 0.0, ""425-450"": 0.0, ""450-475"": 0.0, ""475-500"": 0.0}",0.00,0.00,0.00,0.00,0.00,0.00,0.00,2026-01-14,,settlement_export
2026-01-14 10:00:00,2026/1/14 23:59:59 CT,2027-07-28,350-375,,,,,0.00,"{""325-350"": 0.0, ""350-375"": 0.0, ""375-400"": 0.0, ""400-425"": 0.0, ""425-450"": 0.0, ""450-475"": 0.0, ""475-500"": 0.0}",0.00,0.00,0.00,0.00,0.00,0.00,0.00,2026-01-14,,settlement_export
2026-01-14 10:00:00,2026/1/14 23:59:59 CT,2027-09-15,350-375,,,,,0.00,"{""325-350"": 0.0, ""350-375"": 0.0, ""375-400"": 0.0, ""400-425"": 0.0, ""425-450"": 0.0, ""450-475"": 0.0, ""475-500"": 0.0}",0.00,0.00,0.00,0.00,0.00,0.00,0.00,2026-01-14,,settlement_export
2026-01-14 10:00:00,2026/1/14 23:59:59 CT,2027-10-27,350-375,,,,,0.00,"{""325-350"": 0.0, ""350-375"": 0.0, ""375-400"": 0.0, ""400-425"": 0.0, ""425-450"": 0.0, ""450-475"": 0.0, ""475-500"": 0.0}",0.00,0.00,0.00,0.00,0.00,0.00,0.00,2026-01-14,,settlement_export
2026-01-14 10:00:00,2026/1/14 23:59:59 CT,2027-12-08,350-375,,,,,0.00,"{""325-350"": 0.0, ""350-375"": 0.0, ""375-400"": 0.0, ""400-425"": 0.0, ""425-450"": 0.0, ""450-475"": 0.0, ""475-500"": 0.0}",0.00,0.00,0.00,0.00,0.00,0.00,0.00,2026-01-14,,settlement_export
2026-01-15 10:00:00,2026/1/15 23:59:59 CT,2026-09-16,350-375,,,,325-350,37.08,"{""325-350"": 0.370807, ""350-375"": 0.162205, ""375-400"": 0.0, ""400-425"": 0.0, ""425-450"": 0.0, ""450-475"": 0.0, ""475-500"": 0.0}",37.08,16.22,0.00,0.00,0.00,0.00,0.00,2026-01-15,,settlement_export
2026-01-15 10:00:00,2026/1/15 23:59:59 CT,2026-10-28,350-375,,,,325-350,32.92,"{""325-350"": 0.329236, ""350-375"": 0.12988, ""375-400"": 0.0, ""400-425"": 0.0, ""425-450"": 0.0, ""450-475"": 0.0, ""475-500"": 0.0}",32.92,12.99,0.00,0.00,0.00,0.00,0.00,2026-01-15,,settlement_export
2026-01-15 10:00:00,2026/1/15 23:59:59 CT,2026-12-09,350-375,,,,300-325,32.70,"{""325-350"": 0.285968, ""350-375"": 0.101691, ""375-400"": 0.0, ""400-425"": 0.0, ""425-450"": 0.0, ""450-475"": 0.0, ""475-500"": 0.0}",28.60,10.17,0.00,0.00,0.00,0.00,0.00,2026-01-15,,settlement_export
2026-01-15 10:00:00,2026/1/15 23:59:59 CT,2027-01-27,350-375,,,,300-325,32.60,"{""325-350"": 0.281737, ""350-375"": 0.099356, ""375-400"": 0.0, ""400-425"": 0.0, ""425-450"": 0.0, ""450-475"": 0.0, ""475-500"": 0.0}",28.17,9.94,0.00,0.00,0.00,0.00,0.00,2026-01-15,,settlement_export
2026-01-15 10:00:00,2026/1/15 23:59:59 CT,2027-03-17,350-375,,,,,0.00,"{""325-350"": 0.0, ""350-375"": 0.0, ""375-400"": 0.0, ""400-425"": 0.0, ""425-450"": 0.0, ""450-475"": 0.0, ""475-500"": 0.0}",0.00,0.00,0.00,0.00,0.00,0.00,0.00,2026-01-15,,settlement_export
2026-01-15 10:00:00,2026/1/15 23:59:59 CT,2027-04-28,350-375,,,,,0.00,"{""325-350"": 0.0, ""350-375"": 0.0, ""375-400"": 0.0, ""400-425"": 0.0, ""425-450"": 0.0, ""450-475"": 0.0, ""475-500"": 0.0}",0.00,0.00,0.00,0.00,0.00,0.00,0.00,2026-01-15,,settlement_export
2026-01-15 10:00:00,2026/1/15 23:59:59 CT,2027-06-09,350-375,,,,,0.00,"{""325-350"": 0.0, ""350-375"": 0.0, ""375-400"": 0.0, ""400-425"": 0.0, ""425-450"": 0.0, ""450-475"": 0.0, ""475-500"": 0.0}",0.00,0.00,0.00,0.00,0.00,0.00,0.00,2026-01-15,,settlement_export
2026-01-15 10:00:00,2026/1/15 23:59:59 CT,2027-07-28,350-375,,,,,0.00,"{""325-350"": 0.0, ""350-375"": 0.0, ""375-400"": 0.0, ""400-425"": 0.0, ""425-450"": 0.0, ""450-475"": 0.0, ""475-500"": 0.0}",0.00,0.00,0.00,0.00,0.00,0.00,0.00,2026-01-15,,settlement_export
2026-01-15 10:00:00,2026/1/15 23:59:59 CT,2027-09-15,350-375,,,,,0.00,"{""325-350"": 0.0, ""350-375"": 0.0, ""375-400"": 0.0, ""400-425"": 0.0, ""425-450"": 0.0, ""450-475"": 0.0, ""475-500"": 0.0}",0.00,0.00,0.00,0.00,0.00,0.00,0.00,2026-01-15,,settlement_export
2026-01-15 10:00:00,2026/1/15 23:59:59 CT,2027-10-27,350-375,,,,,0.00,"{""325-350"": 0.0, ""350-375"": 0.0, ""375-400"": 0.0, ""400-425"": 0.0, ""425-450"": 0.0, ""450-475"": 0.0, ""475-500"": 0.0}",0.00,0.00,0.00,0.00,0.00,0.00,0.00,2026-01-15,,settlement_export
2026-01-15 10:00:00,2026/1/15 23:59:59 CT,2027-12-08,350-375,,,,,0.00,"{""325-350"": 0.0, ""350-375"": 0.0, ""375-400"": 0.0, ""400-425"": 0.0, ""425-450"": 0.0, ""450-475"": 0.0, ""475-500"": 0.0}",0.00,0.00,0.00,0.00,0.00,0.00,0.00,2026-01-15,,settlement_export
2026-01-16 10:00:00,2026/1/16 23:59:59 CT,2026-09-16,350-375,,,,325-350,37.80,"{""325-350"": 0.378025, ""350-375"": 0.180201, ""375-400"": 0.0, ""400-425"": 0.0, ""425-450"": 0.0, ""450-475"": 0.0, ""475-500"": 0.0}",37.80,18.02,0.00,0.00,0.00,0.00,0.00,2026-01-16,,settlement_export
2026-01-16 10:00:00,2026/1/16 23:59:59 CT,2026-10-28,350-375,,,,325-350,34.30,"{""325-350"": 0.342982, ""350-375"": 0.148279, ""375-400"": 0.0, ""400-425"": 0.0, ""425-450"": 0.0, ""450-475"": 0.0, ""475-500"": 0.0}",34.30,14.83,0.00,0.00,0.00,0.00,0.00,2026-01-16,,settlement_export
2026-01-16 10:00:00,2026/1/16 23:59:59 CT,2026-12-09,350-375,,,,300-325,32.11,"{""325-350"": 0.304041, ""350-375"": 0.118623, ""375-400"": 0.0, ""400-425"": 0.0, ""425-450"": 0.0, ""450-475"": 0.0, ""475-500"": 0.0}",30.40,11.86,0.00,0.00,0.00,0.00,0.00,2026-01-16,,settlement_export
2026-01-16 10:00:00,2026/1/16 23:59:59 CT,2027-01-27,350-375,,,,300-325,32.11,"{""325-350"": 0.304041, ""350-375"": 0.118623, ""375-400"": 0.0, ""400-425"": 0.0, ""425-450"": 0.0, ""450-475"": 0.0, ""475-500"": 0.0}",30.40,11.86,0.00,0.00,0.00,0.00,0.00,2026-01-16,,settlement_export
2026-01-16 10:00:00,2026/1/16 23:59:59 CT,2027-03-17,350-375,,,,,0.00,"{""325-350"": 0.0, ""350-375"": 0.0, ""375-400"": 0.0, ""400-425"": 0.0, ""425-450"": 0.0, ""450-475"": 0.0, ""475-500"": 0.0}",0.00,0.00,0.00,0.00,0.00,0.00,0.00,2026-01-16,,settlement_export
2026-01-16 10:00:00,2026/1/16 23:59:59 CT,2027-04-28,350-375,,,,,0.00,"{""325-350"": 0.0, ""350-375"": 0.0, ""375-400"": 0.0, ""400-425"": 0.0, ""425-450"": 0.0, ""450-475"": 0.0, ""475-500"": 0.0}",0.00,0.00,0.00,0.00,0.00,0.00,0.00,2026-01-16,,settlement_export
2026-01-16 10:00:00,2026/1/16 23:59:59 CT,2027-06-09,350-375,,,,,0.00,"{""325-350"": 0.0, ""350-375"": 0.0, ""375-400"": 0.0, ""400-425"": 0.0, ""425-450"": 0.0, ""450-475"": 0.0, ""475-500"": 0.0}",0.00,0.00,0.00,0.00,0.00,0.00,0.00,2026-01-16,,settlement_export
2026-01-16 10:00:00,2026/1/16 23:59:59 CT,2027-07-28,350-375,,,,,0.00,"{""325-350"": 0.0, ""350-375"": 0.0, ""375-400"": 0.0, ""400-425"": 0.0, ""425-450"": 0.0, ""450-475"": 0.0, ""475-500"": 0.0}",0.00,0.00,0.00,0.00,0.00,0.00,0.00,2026-01-16,,settlement_export
2026-01-16 10:00:00,2026/1/16 23:59:59 CT,2027-09-15,350-375,,,,,0.00,"{""325-350"": 0.0, ""350-375"": 0.0, ""375-400"": 0.0, ""400-425"": 0.0, ""425-450"": 0.0, ""450-475"": 0.0, ""475-500"": 0.0}",0.00,0.00,0.00,0.00,0.00,0.00,0.00,2026-01-16,,settlement_export
2026-01-16 10:00:00,2026/1/16 23:59:59 CT,2027-10-27,350-375,,,,,0.00,"{""325-350"": 0.0, ""350-375"": 0.0, ""375-400"": 0.0, ""400-425"": 0.0, ""425-450"": 0.0, ""450-475"": 0.0, ""475-500"": 0.0}",0.00,0.00,0.00,0.00,0.00,0.00,0.00,2026-01-16,,settlement_export
2026-01-16 10:00:00,2026/1/16 23:59:59 CT,2027-12-08,350-375,,,,,0.00,"{""325-350"": 0.0, ""350-375"": 0.0, ""375-400"": 0.0, ""400-425"": 0.0, ""425-450"": 0.0, ""450-475"": 0.0, ""475-500"": 0.0}",0.00,0.00,0.00,0.00,0.00,0.00,0.00,2026-01-16,,settlement_export
2026-01-20 10:00:00,2026/1/20 23:59:59 CT,2026-09-16,350-375,,,,325-350,36.92,"{""325-350"": 0.369239, ""350-375"": 0.168014, ""375-400"": 0.0, ""400-425"": 0.0, ""425-450"": 0.0, ""450-475"": 0.0, ""475-500"": 0.0}",36.92,16.80,0.00,0.00,0.00,0.00,0.00,2026-01-20,,settlement_export
2026-01-20 10:00:00,2026/1/20 23:59:59 CT,2026-10-28,350-375,,,,325-350,33.36,"{""325-350"": 0.333593, ""350-375"": 0.138251, ""375-400"": 0.0, ""400-425"": 0.0, ""425-450"": 0.0, ""450-475"": 0.0, ""475-500"": 0.0}",33.36,13.83,0.00,0.00,0.00,0.00,0.00,2026-01-20,,settlement_export
2026-01-20 10:00:00,2026/1/20 23:59:59 CT,2026-12-09,350-375,,,,300-325,32.29,"{""325-350"": 0.294525, ""350-375"": 0.110601, ""375-400"": 0.0, ""400-425"": 0.0, ""425-450"": 0.0, ""450-475"": 0.0, ""475-500"": 0.0}",29.45,11.06,0.00,0.00,0.00,0.00,0.00,2026-01-20,,settlement_export
2026-01-20 10:00:00,2026/1/20 23:59:59 CT,2027-01-27,350-375,,,,300-325,32.29,"{""325-350"": 0.294525, ""350-375"": 0.110601, ""375-400"": 0.0, ""400-425"": 0.0, ""425-450"": 0.0, ""450-475"": 0.0, ""475-500"": 0.0}",29.45,11.06,0.00,0.00,0.00,0.00,0.00,2026-01-20,,settlement_export
2026-01-20 10:00:00,2026/1/20 23:59:59 CT,2027-03-17,350-375,,,,,0.00,"{""325-350"": 0.0, ""350-375"": 0.0, ""375-400"": 0.0, ""400-425"": 0.0, ""425-450"": 0.0, ""450-475"": 0.0, ""475-500"": 0.0}",0.00,0.00,0.00,0.00,0.00,0.00,0.00,2026-01-20,,settlement_export
2026-01-20 10:00:00,2026/1/20 23:59:59 CT,2027-04-28,350-375,,,,,0.00,"{""325-350"": 0.0, ""350-375"": 0.0, ""375-400"": 0.0, ""400-425"": 0.0, ""425-450"": 0.0, ""450-475"": 0.0, ""475-500"": 0.0}",0.00,0.00,0.00,0.00,0.00,0.00,0.00,2026-01-20,,settlement_export
2026-01-20 10:00:00,2026/1/20 23:59:59 CT,2027-06-09,350-375,,,,,0.00,"{""325-350"": 0.0, ""350-375"": 0.0, ""375-400"": 0.0, ""400-425"": 0.0, ""425-450"": 0.0, ""450-475"": 0.0, ""475-500"": 0.0}",0.00,0.00,0.00,0.00,0.00,0.00,0.00,2026-01-20,,settlement_export
2026-01-20 10:00:00,2026/1/20 23:59:59 CT,2027-07-28,350-375,,,,,0.00,"{""325-350"": 0.0, ""350-375"": 0.0, ""375-400"": 0.0, ""400-425"": 0.0, ""425-450"": 0.0, ""450-475"": 0.0, ""475-500"": 0.0}",0.00,0.00,0.00,0.00,0.00,0.00,0.00,2026-01-20,,settlement_export
2026-01-20 10:00:00,2026/1/20 23:59:59 CT,2027-09-15,350-375,,,,,0.00,"{""325-350"": 0.0, ""350-375"": 0.0, ""375-400"": 0.0, ""400-425"": 0.0, ""425-450"": 0.0, ""450-475"": 0.0, ""475-500"": 0.0}",0.00,0.00,0.00,0.00,0.00,0.00,0.00,2026-01-20,,settlement_export
2026-01-20 10:00:00,2026/1/20 23:59:59 CT,2027-10-27,350-375,,,,,0.00,"{""325-350"": 0.0, ""350-375"": 0.0, ""375-400"": 0.0, ""400-425"": 0.0, ""425-450"": 0.0, ""450-475"": 0.0, ""475-500"": 0.0}",0.00,0.00,0.00,0.00,0.00,0.00,0.00,2026-01-20,,settlement_export
2026-01-20 10:00:00,2026/1/20 23:59:59 CT,2027-12-08,350-375,,,,,0.00,"{""325-350"": 0.0, ""350-375"": 0.0, ""375-400"": 0.0, ""400-425"": 0.0, ""425-450"": 0.0, ""450-475"": 0.0, ""475-500"": 0.0}",0.00,0.00,0.00,0.00,0.00,0.00,0.00,2026-01-20,,settlement_export
2026-01-21 10:00:00,2026/1/21 23:59:59 CT,2026-09-16,350-375,,,,325-350,38.38,"{""325-350"": 0.383754, ""350-375"": 0.183232, ""375-400"": 0.0, ""400-425"": 0.0, ""425-450"": 0.0, ""450-475"": 0.0, ""475-500"": 0.0}",38.38,18.32,0.00,0.00,0.00,0.00,0.00,2026-01-21,,settlement_export
2026-01-21 10:00:00,2026/1/21 23:59:59 CT,2026-10-28,350-375,,,,325-350,34.38,"{""325-350"": 0.343793, ""350-375"": 0.146716, ""375-400"": 0.0, ""400-425"": 0.0, ""425-450"": 0.0, ""450-475"": 0.0, ""475-500"": 0.0}",34.38,14.67,0.00,0.00,0.00,0.00,0.00,2026-01-21,,settlement_export
2026-01-21 10:00:00,2026/1/21 23:59:59 CT,2026-12-09,350-375,,,,300-325,32.22,"{""325-350"": 0.308319, ""350-375"": 0.120307, ""375-400"": 0.0, ""400-425"": 0.0, ""425-450"": 0.0, ""450-475"": 0.0, ""475-500"": 0.0}",30.83,12.03,0.00,0.00,0.00,0.00,0.00,2026-01-21,,settlement_export
2026-01-21 10:00:00,2026/1/21 23:59:59 CT,2027-01-27,350-375,,,,300-325,32.22,"{""325-350"": 0.308319, ""350-375"": 0.120307, ""375-400"": 0.0, ""400-425"": 0.0, ""425-450"": 0.0, ""450-475"": 0.0, ""475-500"": 0.0}",30.83,12.03,0.00,0.00,0.00,0.00,0.00,2026-01-21,,settlement_export
2026-01-21 10:00:00,2026/1/21 23:59:59 CT,2027-03-17,350-375,,,,,0.00,"{""325-350"": 0.0, ""350-375"": 0.0, ""375-400"": 0.0, ""400-425"": 0.0, ""425-450"": 0.0, ""450-475"": 0.0, ""475-500"": 0.0}",0.00,0.00,0.00,0.00,0.00,0.00,0.00,2026-01-21,,settlement_export
2026-01-21 10:00:00,2026/1/21 23:59:59 CT,2027-04-28,350-375,,,,,0.00,"{""325-350"": 0.0, ""350-375"": 0.0, ""375-400"": 0.0, ""400-425"": 0.0, ""425-450"": 0.0, ""450-475"": 0.0, ""475-500"": 0.0}",0.00,0.00,0.00,0.00,0.00,0.00,0.00,2026-01-21,,settlement_export
2026-01-21 10:00:00,2026/1/21 23:59:59 CT,2027-06-09,350-375,,,,,0.00,"{""325-350"": 0.0, ""350-375"": 0.0, ""375-400"": 0.0, ""400-425"": 0.0, ""425-450"": 0.0, ""450-475"": 0.0, ""475-500"": 0.0}",0.00,0.00,0.00,0.00,0.00,0.00,0.00,2026-01-21,,settlement_export
2026-01-21 10:00:00,2026/1/21 23:59:59 CT,2027-07-28,350-375,,,,,0.00,"{""325-350"": 0.0, ""350-375"": 0.0, ""375-400"": 0.0, ""400-425"": 0.0, ""425-450"": 0.0, ""450-475"": 0.0, ""475-500"": 0.0}",0.00,0.00,0.00,0.00,0.00,0.00,0.00,2026-01-21,,settlement_export
2026-01-21 10:00:00,2026/1/21 23:59:59 CT,2027-09-15,350-375,,,,,0.00,"{""325-350"": 0.0, ""350-375"": 0.0, ""375-400"": 0.0, ""400-425"": 0.0, ""425-450"": 0.0, ""450-475"": 0.0, ""475-500"": 0.0}",0.00,0.00,0.00,0.00,0.00,0.00,0.00,2026-01-21,,settlement_export
2026-01-21 10:00:00,2026/1/21 23:59:59 CT,2027-10-27,350-375,,,,,0.00,"{""325-350"": 0.0, ""350-375"": 0.0, ""375-400"": 0.0, ""400-425"": 0.0, ""425-450"": 0.0, ""450-475"": 0.0, ""475-500"": 0.0}",0.00,0.00,0.00,0.00,0.00,0.00,0.00,2026-01-21,,settlement_export
2026-01-21 10:00:00,2026/1/21 23:59:59 CT,2027-12-08,350-375,,,,,0.00,"{""325-350"": 0.0, ""350-375"": 0.0, ""375-400"": 0.0, ""400-425"": 0.0, ""425-450"": 0.0, ""450-475"": 0.0, ""475-500"": 0.0}",0.00,0.00,0.00,0.00,0.00,0.00,0.00,2026-01-21,,settlement_export
2026-01-22 10:00:00,2026/1/22 23:59:59 CT,2026-09-16,350-375,,,,325-350,39.40,"{""325-350"": 0.393991, ""350-375"": 0.1975, ""375-400"": 0.0, ""400-425"": 0.0, ""425-450"": 0.0, ""450-475"": 0.0, ""475-500"": 0.0}",39.40,19.75,0.00,0.00,0.00,0.00,0.00,2026-01-22,,settlement_export
2026-01-22 10:00:00,2026/1/22 23:59:59 CT,2026-10-28,350-375,,,,325-350,35.92,"{""325-350"": 0.359184, ""350-375"": 0.162514, ""375-400"": 0.0, ""400-425"": 0.0, ""425-450"": 0.0, ""450-475"": 0.0, ""475-500"": 0.0}",35.92,16.25,0.00,0.00,0.00,0.00,0.00,2026-01-22,,settlement_export
2026-01-22 10:00:00,2026/1/22 23:59:59 CT,2026-12-09,350-375,,,,325-350,32.38,"{""325-350"": 0.323784, ""350-375"": 0.133261, ""375-400"": 0.0, ""400-425"": 0.0, ""425-450"": 0.0, ""450-475"": 0.0, ""475-500"": 0.0}",32.38,13.33,0.00,0.00,0.00,0.00,0.00,2026-01-22,,settlement_export
2026-01-22 10:00:00,2026/1/22 23:59:59 CT,2027-01-27,350-375,,,,325-350,32.38,"{""325-350"": 0.323784, ""350-375"": 0.133261, ""375-400"": 0.0, ""400-425"": 0.0, ""425-450"": 0.0, ""450-475"": 0.0, ""475-500"": 0.0}",32.38,13.33,0.00,0.00,0.00,0.00,0.00,2026-01-22,,settlement_export
2026-01-22 10:00:00,2026/1/22 23:59:59 CT,2027-03-17,350-375,,,,,0.00,"{""325-350"": 0.0, ""350-375"": 0.0, ""375-400"": 0.0, ""400-425"": 0.0, ""425-450"": 0.0, ""450-475"": 0.0, ""475-500"": 0.0}",0.00,0.00,0.00,0.00,0.00,0.00,0.00,2026-01-22,,settlement_export
2026-01-22 10:00:00,2026/1/22 23:59:59 CT,2027-04-28,350-375,,,,,0.00,"{""325-350"": 0.0, ""350-375"": 0.0, ""375-400"": 0.0, ""400-425"": 0.0, ""425-450"": 0.0, ""450-475"": 0.0, ""475-500"": 0.0}",0.00,0.00,0.00,0.00,0.00,0.00,0.00,2026-01-22,,settlement_export
2026-01-22 10:00:00,2026/1/22 23:59:59 CT,2027-06-09,350-375,,,,,0.00,"{""325-350"": 0.0, ""350-375"": 0.0, ""375-400"": 0.0, ""400-425"": 0.0, ""425-450"": 0.0, ""450-475"": 0.0, ""475-500"": 0.0}",0.00,0.00,0.00,0.00,0.00,0.00,0.00,2026-01-22,,settlement_export
2026-01-22 10:00:00,2026/1/22 23:59:59 CT,2027-07-28,350-375,,,,,0.00,"{""325-350"": 0.0, ""350-375"": 0.0, ""375-400"": 0.0, ""400-425"": 0.0, ""425-450"": 0.0, ""450-475"": 0.0, ""475-500"": 0.0}",0.00,0.00,0.00,0.00,0.00,0.00,0.00,2026-01-22,,settlement_export
2026-01-22 10:00:00,2026/1/22 23:59:59 CT,2027-09-15,350-375,,,,,0.00,"{""325-350"": 0.0, ""350-375"": 0.0, ""375-400"": 0.0, ""400-425"": 0.0, ""425-450"": 0.0, ""450-475"": 0.0, ""475-500"": 0.0}",0.00,0.00,0.00,0.00,0.00,0.00,0.00,2026-01-22,,settlement_export
2026-01-22 10:00:00,2026/1/22 23:59:59 CT,2027-10-27,350-375,,,,,0.00,"{""325-350"": 0.0, ""350-375"": 0.0, ""375-400"": 0.0, ""400-425"": 0.0, ""425-450"": 0.0, ""450-475"": 0.0, ""475-500"": 0.0}",0.00,0.00,0.00,0.00,0.00,0.00,0.00,2026-01-22,,settlement_export
2026-01-22 10:00:00,2026/1/22 23:59:59 CT,2027-12-08,350-375,,,,,0.00,"{""325-350"": 0.0, ""350-375"": 0.0, ""375-400"": 0.0, ""400-425"": 0.0, ""425-450"": 0.0, ""450-475"": 0.0, ""475-500"": 0.0}",0.00,0.00,0.00,0.00,0.00,0.00,0.00,2026-01-22,,settlement_export
2026-01-23 10:00:00,2026/1/23 23:59:59 CT,2026-09-16,350-375,,,,325-350,38.82,"{""325-350"": 0.38825, ""350-375"": 0.186181, ""375-400"": 0.0, ""400-425"": 0.0, ""425-450"": 0.0, ""450-475"": 0.0, ""475-500"": 0.0}",38.82,18.62,0.00,0.00,0.00,0.00,0.00,2026-01-23,,settlement_export
2026-01-23 10:00:00,2026/1/23 23:59:59 CT,2026-10-28,350-375,,,,325-350,35.25,"{""325-350"": 0.352455, ""350-375"": 0.1532, ""375-400"": 0.0, ""400-425"": 0.0, ""425-450"": 0.0, ""450-475"": 0.0, ""475-500"": 0.0}",35.25,15.32,0.00,0.00,0.00,0.00,0.00,2026-01-23,,settlement_export
2026-01-23 10:00:00,2026/1/23 23:59:59 CT,2026-12-09,350-375,,,,300-325,32.24,"{""325-350"": 0.312604, ""350-375"": 0.12256, ""375-400"": 0.0, ""400-425"": 0.0, ""425-450"": 0.0, ""450-475"": 0.0, ""475-500"": 0.0}",31.26,12.26,0.00,0.00,0.00,0.00,0.00,2026-01-23,,settlement_export
2026-01-23 10:00:00,2026/1/23 23:59:59 CT,2027-01-27,350-375,,,,300-325,32.24,"{""325-350"": 0.312604, ""350-375"": 0.12256, ""375-400"": 0.0, ""400-425"": 0.0, ""425-450"": 0.0, ""450-475"": 0.0, ""475-500"": 0.0}",31.26,12.26,0.00,0.00,0.00,0.00,0.00,2026-01-23,,settlement_export
2026-01-23 10:00:00,2026/1/23 23:59:59 CT,2027-03-17,350-375,,,,,0.00,"{""325-350"": 0.0, ""350-375"": 0.0, ""375-400"": 0.0, ""400-425"": 0.0, ""425-450"": 0.0, ""450-475"": 0.0, ""475-500"": 0.0}",0.00,0.00,0.00,0.00,0.00,0.00,0.00,2026-01-23,,settlement_export
2026-01-23 10:00:00,2026/1/23 23:59:59 CT,2027-04-28,350-375,,,,,0.00,"{""325-350"": 0.0, ""350-375"": 0.0, ""375-400"": 0.0, ""400-425"": 0.0, ""425-450"": 0.0, ""450-475"": 0.0, ""475-500"": 0.0}",0.00,0.00,0.00,0.00,0.00,0.00,0.00,2026-01-23,,settlement_export
2026-01-23 10:00:00,2026/1/23 23:59:59 CT,2027-06-09,350-375,,,,,0.00,"{""325-350"": 0.0, ""350-375"": 0.0, ""375-400"": 0.0, ""400-425"": 0.0, ""425-450"": 0.0, ""450-475"": 0.0, ""475-500"": 0.0}",0.00,0.00,0.00,0.00,0.00,0.00,0.00,2026-01-23,,settlement_export
2026-01-23 10:00:00,2026/1/23 23:59:59 CT,2027-07-28,350-375,,,,,0.00,"{""325-350"": 0.0, ""350-375"": 0.0, ""375-400"": 0.0, ""400-425"": 0.0, ""425-450"": 0.0, ""450-475"": 0.0, ""475-500"": 0.0}",0.00,0.00,0.00,0.00,0.00,0.00,0.00,2026-01-23,,settlement_export
2026-01-23 10:00:00,2026/1/23 23:59:59 CT,2027-09-15,350-375,,,,,0.00,"{""325-350"": 0.0, ""350-375"": 0.0, ""375-400"": 0.0, ""400-425"": 0.0, ""425-450"": 0.0, ""450-475"": 0.0, ""475-500"": 0.0}",0.00,0.00,0.00,0.00,0.00,0.00,0.00,2026-01-23,,settlement_export
2026-01-23 10:00:00,2026/1/23 23:59:59 CT,2027-10-27,350-375,,,,,0.00,"{""325-350"": 0.0, ""350-375"": 0.0, ""375-400"": 0.0, ""400-425"": 0.0, ""425-450"": 0.0, ""450-475"": 0.0, ""475-500"": 0.0}",0.00,0.00,0.00,0.00,0.00,0.00,0.00,2026-01-23,,settlement_export
2026-01-23 10:00:00,2026/1/23 23:59:59 CT,2027-12-08,350-375,,,,,0.00,"{""325-350"": 0.0, ""350-375"": 0.0, ""375-400"": 0.0, ""400-425"": 0.0, ""425-450"": 0.0, ""450-475"": 0.0, ""475-500"": 0.0}",0.00,0.00,0.00,0.00,0.00,0.00,0.00,2026-01-23,,settlement_export
2026-01-26 10:00:00,2026/1/26 23:59:59 CT,2026-09-16,350-375,,,,325-350,37.60,"{""325-350"": 0.376003, ""350-375"": 0.163772, ""375-400"": 0.0, ""400-425"": 0.0, ""425-450"": 0.0, ""450-475"": 0.0, ""475-500"": 0.0}",37.60,16.38,0.00,0.00,0.00,0.00,0.00,2026-01-26,,settlement_export
2026-01-26 10:00:00,2026/1/26 23:59:59 CT,2026-10-28,350-375,,,,325-350,33.37,"{""325-350"": 0.333708, ""350-375"": 0.131134, ""375-400"": 0.0, ""400-425"": 0.0, ""425-450"": 0.0, ""450-475"": 0.0, ""475-500"": 0.0}",33.37,13.11,0.00,0.00,0.00,0.00,0.00,2026-01-26,,settlement_export
2026-01-26 10:00:00,2026/1/26 23:59:59 CT,2026-12-09,350-375,,,,300-325,32.94,"{""325-350"": 0.292593, ""350-375"": 0.104519, ""375-400"": 0.0, ""400-425"": 0.0, ""425-450"": 0.0, ""450-475"": 0.0, ""475-500"": 0.0}",29.26,10.45,0.00,0.00,0.00,0.00,0.00,2026-01-26,,settlement_export
2026-01-26 10:00:00,2026/1/26 23:59:59 CT,2027-01-27,350-375,,,,300-325,32.63,"{""325-350"": 0.293438, ""350-375"": 0.108838, ""375-400"": 0.0024, ""400-425"": 0.0, ""425-450"": 0.0, ""450-475"": 0.0, ""475-500"": 0.0}",29.34,10.88,0.24,0.00,0.00,0.00,0.00,2026-01-26,,settlement_export
2026-01-26 10:00:00,2026/1/26 23:59:59 CT,2027-03-17,350-375,,,,,0.00,"{""325-350"": 0.0, ""350-375"": 0.0, ""375-400"": 0.0, ""400-425"": 0.0, ""425-450"": 0.0, ""450-475"": 0.0, ""475-500"": 0.0}",0.00,0.00,0.00,0.00,0.00,0.00,0.00,2026-01-26,,settlement_export
2026-01-26 10:00:00,2026/1/26 23:59:59 CT,2027-04-28,350-375,,,,,0.00,"{""325-350"": 0.0, ""350-375"": 0.0, ""375-400"": 0.0, ""400-425"": 0.0, ""425-450"": 0.0, ""450-475"": 0.0, ""475-500"": 0.0}",0.00,0.00,0.00,0.00,0.00,0.00,0.00,2026-01-26,,settlement_export
2026-01-26 10:00:00,2026/1/26 23:59:59 CT,2027-06-09,350-375,,,,,0.00,"{""325-350"": 0.0, ""350-375"": 0.0, ""375-400"": 0.0, ""400-425"": 0.0, ""425-450"": 0.0, ""450-475"": 0.0, ""475-500"": 0.0}",0.00,0.00,0.00,0.00,0.00,0.00,0.00,2026-01-26,,settlement_export
2026-01-26 10:00:00,2026/1/26 23:59:59 CT,2027-07-28,350-375,,,,,0.00,"{""325-350"": 0.0, ""350-375"": 0.0, ""375-400"": 0.0, ""400-425"": 0.0, ""425-450"": 0.0, ""450-475"": 0.0, ""475-500"": 0.0}",0.00,0.00,0.00,0.00,0.00,0.00,0.00,2026-01-26,,settlement_export
2026-01-26 10:00:00,2026/1/26 23:59:59 CT,2027-09-15,350-375,,,,,0.00,"{""325-350"": 0.0, ""350-375"": 0.0, ""375-400"": 0.0, ""400-425"": 0.0, ""425-450"": 0.0, ""450-475"": 0.0, ""475-500"": 0.0}",0.00,0.00,0.00,0.00,0.00,0.00,0.00,2026-01-26,,settlement_export
2026-01-26 10:00:00,2026/1/26 23:59:59 CT,2027-10-27,350-375,,,,,0.00,"{""325-350"": 0.0, ""350-375"": 0.0, ""375-400"": 0.0, ""400-425"": 0.0, ""425-450"": 0.0, ""450-475"": 0.0, ""475-500"": 0.0}",0.00,0.00,0.00,0.00,0.00,0.00,0.00,2026-01-26,,settlement_export
2026-01-26 10:00:00,2026/1/26 23:59:59 CT,2027-12-08,350-375,,,,,0.00,"{""325-350"": 0.0, ""350-375"": 0.0, ""375-400"": 0.0, ""400-425"": 0.0, ""425-450"": 0.0, ""450-475"": 0.0, ""475-500"": 0.0}",0.00,0.00,0.00,0.00,0.00,0.00,0.00,2026-01-26,,settlement_export
2026-01-27 10:00:00,2026/1/27 23:59:59 CT,2026-09-16,350-375,,,,325-350,35.71,"{""325-350"": 0.357101, ""350-375"": 0.140699, ""375-400"": 0.0, ""400-425"": 0.0, ""425-450"": 0.0, ""450-475"": 0.0, ""475-500"": 0.0}",35.71,14.07,0.00,0.00,0.00,0.00,0.00,2026-01-27,,settlement_export
2026-01-27 10:00:00,2026/1/27 23:59:59 CT,2026-10-28,350-375,,,,300-325,33.66,"{""325-350"": 0.313975, ""350-375"": 0.11266, ""375-400"": 0.0, ""400-425"": 0.0, ""425-450"": 0.0, ""450-475"": 0.0, ""475-500"": 0.0}",31.40,11.27,0.00,0.00,0.00,0.00,0.00,2026-01-27,,settlement_export
2026-01-27 10:00:00,2026/1/27 23:59:59 CT,2026-12-09,350-375,,,,300-325,33.20,"{""325-350"": 0.273712, ""350-375"": 0.090128, ""375-400"": 0.0, ""400-425"": 0.0, ""425-450"": 0.0, ""450-475"": 0.0, ""475-500"": 0.0}",27.37,9.01,0.00,0.00,0.00,0.00,0.00,2026-01-27,,settlement_export
2026-01-27 10:00:00,2026/1/27 23:59:59 CT,2027-01-27,350-375,,,,300-325,33.20,"{""325-350"": 0.273712, ""350-375"": 0.090128, ""375-400"": 0.0, ""400-425"": 0.0, ""425-450"": 0.0, ""450-475"": 0.0, ""475-500"": 0.0}",27.37,9.01,0.00,0.00,0.00,0.00,0.00,2026-01-27,,settlement_export
2026-01-27 10:00:00,2026/1/27 23:59:59 CT,2027-03-17,350-375,,,,,0.00,"{""325-350"": 0.0, ""350-375"": 0.0, ""375-400"": 0.0, ""400-425"": 0.0, ""425-450"": 0.0, ""450-475"": 0.0, ""475-500"": 0.0}",0.00,0.00,0.00,0.00,0.00,0.00,0.00,2026-01-27,,settlement_export
2026-01-27 10:00:00,2026/1/27 23:59:59 CT,2027-04-28,350-375,,,,,0.00,"{""325-350"": 0.0, ""350-375"": 0.0, ""375-400"": 0.0, ""400-425"": 0.0, ""425-450"": 0.0, ""450-475"": 0.0, ""475-500"": 0.0}",0.00,0.00,0.00,0.00,0.00,0.00,0.00,2026-01-27,,settlement_export
2026-01-27 10:00:00,2026/1/27 23:59:59 CT,2027-06-09,350-375,,,,,0.00,"{""325-350"": 0.0, ""350-375"": 0.0, ""375-400"": 0.0, ""400-425"": 0.0, ""425-450"": 0.0, ""450-475"": 0.0, ""475-500"": 0.0}",0.00,0.00,0.00,0.00,0.00,0.00,0.00,2026-01-27,,settlement_export
2026-01-27 10:00:00,2026/1/27 23:59:59 CT,2027-07-28,350-375,,,,,0.00,"{""325-350"": 0.0, ""350-375"": 0.0, ""375-400"": 0.0, ""400-425"": 0.0, ""425-450"": 0.0, ""450-475"": 0.0, ""475-500"": 0.0}",0.00,0.00,0.00,0.00,0.00,0.00,0.00,2026-01-27,,settlement_export
2026-01-27 10:00:00,2026/1/27 23:59:59 CT,2027-09-15,350-375,,,,,0.00,"{""325-350"": 0.0, ""350-375"": 0.0, ""375-400"": 0.0, ""400-425"": 0.0, ""425-450"": 0.0, ""450-475"": 0.0, ""475-500"": 0.0}",0.00,0.00,0.00,0.00,0.00,0.00,0.00,2026-01-27,,settlement_export
2026-01-27 10:00:00,2026/1/27 23:59:59 CT,2027-10-27,350-375,,,,,0.00,"{""325-350"": 0.0, ""350-375"": 0.0, ""375-400"": 0.0, ""400-425"": 0.0, ""425-450"": 0.0, ""450-475"": 0.0, ""475-500"": 0.0}",0.00,0.00,0.00,0.00,0.00,0.00,0.00,2026-01-27,,settlement_export
2026-01-27 10:00:00,2026/1/27 23:59:59 CT,2027-12-08,350-375,,,,,0.00,"{""325-350"": 0.0, ""350-375"": 0.0, ""375-400"": 0.0, ""400-425"": 0.0, ""425-450"": 0.0, ""450-475"": 0.0, ""475-500"": 0.0}",0.00,0.00,0.00,0.00,0.00,0.00,0.00,2026-01-27,,settlement_export
2026-01-28 10:00:00,2026/1/28 23:59:59 CT,2026-09-16,350-375,,,,325-350,37.62,"{""325-350"": 0.376244, ""350-375"": 0.15862, ""375-400"": 0.0, ""400-425"": 0.0, ""425-450"": 0.0, ""450-475"": 0.0, ""475-500"": 0.0}",37.62,15.86,0.00,0.00,0.00,0.00,0.00,2026-01-28,,settlement_export
2026-01-28 10:00:00,2026/1/28 23:59:59 CT,2026-10-28,350-375,,,,300-325,33.30,"{""325-350"": 0.332874, ""350-375"": 0.127009, ""375-400"": 0.0, ""400-425"": 0.0, ""425-450"": 0.0, ""450-475"": 0.0, ""475-500"": 0.0}",33.29,12.70,0.00,0.00,0.00,0.00,0.00,2026-01-28,,settlement_export
2026-01-28 10:00:00,2026/1/28 23:59:59 CT,2026-12-09,350-375,,,,300-325,33.30,"{""325-350"": 0.295819, ""350-375"": 0.104148, ""375-400"": 0.0, ""400-425"": 0.0, ""425-450"": 0.0, ""450-475"": 0.0, ""475-500"": 0.0}",29.58,10.41,0.00,0.00,0.00,0.00,0.00,2026-01-28,,settlement_export
2026-01-28 10:00:00,2026/1/28 23:59:59 CT,2027-01-27,350-375,,,,300-325,33.30,"{""325-350"": 0.295819, ""350-375"": 0.104148, ""375-400"": 0.0, ""400-425"": 0.0, ""425-450"": 0.0, ""450-475"": 0.0, ""475-500"": 0.0}",29.58,10.41,0.00,0.00,0.00,0.00,0.00,2026-01-28,,settlement_export
2026-01-28 10:00:00,2026/1/28 23:59:59 CT,2027-03-17,350-375,,,,,0.00,"{""325-350"": 0.0, ""350-375"": 0.0, ""375-400"": 0.0, ""400-425"": 0.0, ""425-450"": 0.0, ""450-475"": 0.0, ""475-500"": 0.0}",0.00,0.00,0.00,0.00,0.00,0.00,0.00,2026-01-28,,settlement_export
2026-01-28 10:00:00,2026/1/28 23:59:59 CT,2027-04-28,350-375,,,,,0.00,"{""325-350"": 0.0, ""350-375"": 0.0, ""375-400"": 0.0, ""400-425"": 0.0, ""425-450"": 0.0, ""450-475"": 0.0, ""475-500"": 0.0}",0.00,0.00,0.00,0.00,0.00,0.00,0.00,2026-01-28,,settlement_export
2026-01-28 10:00:00,2026/1/28 23:59:59 CT,2027-06-09,350-375,,,,,0.00,"{""325-350"": 0.0, ""350-375"": 0.0, ""375-400"": 0.0, ""400-425"": 0.0, ""425-450"": 0.0, ""450-475"": 0.0, ""475-500"": 0.0}",0.00,0.00,0.00,0.00,0.00,0.00,0.00,2026-01-28,,settlement_export
2026-01-28 10:00:00,2026/1/28 23:59:59 CT,2027-07-28,350-375,,,,,0.00,"{""325-350"": 0.0, ""350-375"": 0.0, ""375-400"": 0.0, ""400-425"": 0.0, ""425-450"": 0.0, ""450-475"": 0.0, ""475-500"": 0.0}",0.00,0.00,0.00,0.00,0.00,0.00,0.00,2026-01-28,,settlement_export
2026-01-28 10:00:00,2026/1/28 23:59:59 CT,2027-09-15,350-375,,,,,0.00,"{""325-350"": 0.0, ""350-375"": 0.0, ""375-400"": 0.0, ""400-425"": 0.0, ""425-450"": 0.0, ""450-475"": 0.0, ""475-500"": 0.0}",0.00,0.00,0.00,0.00,0.00,0.00,0.00,2026-01-28,,settlement_export
2026-01-28 10:00:00,2026/1/28 23:59:59 CT,2027-10-27,350-375,,,,,0.00,"{""325-350"": 0.0, ""350-375"": 0.0, ""375-400"": 0.0, ""400-425"": 0.0, ""425-450"": 0.0, ""450-475"": 0.0, ""475-500"": 0.0}",0.00,0.00,0.00,0.00,0.00,0.00,0.00,2026-01-28,,settlement_export
2026-01-28 10:00:00,2026/1/28 23:59:59 CT,2027-12-08,350-375,,,,,0.00,"{""325-350"": 0.0, ""350-375"": 0.0, ""375-400"": 0.0, ""400-425"": 0.0, ""425-450"": 0.0, ""450-475"": 0.0, ""475-500"": 0.0}",0.00,0.00,0.00,0.00,0.00,0.00,0.00,2026-01-28,,settlement_export
2026-01-29 10:00:00,2026/1/29 23:59:59 CT,2026-09-16,350-375,,,,325-350,36.45,"{""325-350"": 0.364497, ""350-375"": 0.151201, ""375-400"": 0.0, ""400-425"": 0.0, ""425-450"": 0.0, ""450-475"": 0.0, ""475-500"": 0.0}",36.45,15.12,0.00,0.00,0.00,0.00,0.00,2026-01-29,,settlement_export
2026-01-29 10:00:00,2026/1/29 23:59:59 CT,2026-10-28,350-375,,,,300-325,33.45,"{""325-350"": 0.317267, ""350-375"": 0.117721, ""375-400"": 0.0, ""400-425"": 0.0, ""425-450"": 0.0, ""450-475"": 0.0, ""475-500"": 0.0}",31.73,11.77,0.00,0.00,0.00,0.00,0.00,2026-01-29,,settlement_export
2026-01-29 10:00:00,2026/1/29 23:59:59 CT,2026-12-09,350-375,,,,300-325,33.11,"{""325-350"": 0.277358, ""350-375"": 0.094177, ""375-400"": 0.0, ""400-425"": 0.0, ""425-450"": 0.0, ""450-475"": 0.0, ""475-500"": 0.0}",27.74,9.42,0.00,0.00,0.00,0.00,0.00,2026-01-29,,settlement_export
2026-01-29 10:00:00,2026/1/29 23:59:59 CT,2027-01-27,350-375,,,,300-325,33.11,"{""325-350"": 0.277358, ""350-375"": 0.094177, ""375-400"": 0.0, ""400-425"": 0.0, ""425-450"": 0.0, ""450-475"": 0.0, ""475-500"": 0.0}",27.74,9.42,0.00,0.00,0.00,0.00,0.00,2026-01-29,,settlement_export
2026-01-29 10:00:00,2026/1/29 23:59:59 CT,2027-03-17,350-375,,,,300-325,33.11,"{""325-350"": 0.277358, ""350-375"": 0.094177, ""375-400"": 0.0, ""400-425"": 0.0, ""425-450"": 0.0, ""450-475"": 0.0, ""475-500"": 0.0}",27.74,9.42,0.00,0.00,0.00,0.00,0.00,2026-01-29,,settlement_export
2026-01-29 10:00:00,2026/1/29 23:59:59 CT,2027-04-28,350-375,,,,,0.00,"{""325-350"": 0.0, ""350-375"": 0.0, ""375-400"": 0.0, ""400-425"": 0.0, ""425-450"": 0.0, ""450-475"": 0.0, ""475-500"": 0.0}",0.00,0.00,0.00,0.00,0.00,0.00,0.00,2026-01-29,,settlement_export
2026-01-29 10:00:00,2026/1/29 23:59:59 CT,2027-06-09,350-375,,,,,0.00,"{""325-350"": 0.0, ""350-375"": 0.0, ""375-400"": 0.0, ""400-425"": 0.0, ""425-450"": 0.0, ""450-475"": 0.0, ""475-500"": 0.0}",0.00,0.00,0.00,0.00,0.00,0.00,0.00,2026-01-29,,settlement_export
2026-01-29 10:00:00,2026/1/29 23:59:59 CT,2027-07-28,350-375,,,,,0.00,"{""325-350"": 0.0, ""350-375"": 0.0, ""375-400"": 0.0, ""400-425"": 0.0, ""425-450"": 0.0, ""450-475"": 0.0, ""475-500"": 0.0}",0.00,0.00,0.00,0.00,0.00,0.00,0.00,2026-01-29,,settlement_export
2026-01-29 10:00:00,2026/1/29 23:59:59 CT,2027-09-15,350-375,,,,,0.00,"{""325-350"": 0.0, ""350-375"": 0.0, ""375-400"": 0.0, ""400-425"": 0.0, ""425-450"": 0.0, ""450-475"": 0.0, ""475-500"": 0.0}",0.00,0.00,0.00,0.00,0.00,0.00,0.00,2026-01-29,,settlement_export
2026-01-29 10:00:00,2026/1/29 23:59:59 CT,2027-10-27,350-375,,,,,0.00,"{""325-350"": 0.0, ""350-375"": 0.0, ""375-400"": 0.0, ""400-425"": 0.0, ""425-450"": 0.0, ""450-475"": 0.0, ""475-500"": 0.0}",0.00,0.00,0.00,0.00,0.00,0.00,0.00,2026-01-29,,settlement_export
2026-01-29 10:00:00,2026/1/29 23:59:59 CT,2027-12-08,350-375,,,,,0.00,"{""325-350"": 0.0, ""350-375"": 0.0, ""375-400"": 0.0, ""400-425"": 0.0, ""425-450"": 0.0, ""450-475"": 0.0, ""475-500"": 0.0}",0.00,0.00,0.00,0.00,0.00,0.00,0.00,2026-01-29,,settlement_export
2026-01-30 10:00:00,2026/1/30 23:59:59 CT,2026-09-16,350-375,,,,300-325,35.09,"{""325-350"": 0.338277, ""350-375"": 0.117198, ""375-400"": 0.0, ""400-425"": 0.0, ""425-450"": 0.0, ""450-475"": 0.0, ""475-500"": 0.0}",33.83,11.72,0.00,0.00,0.00,0.00,0.00,2026-01-30,,settlement_export
2026-01-30 10:00:00,2026/1/30 23:59:59 CT,2026-10-28,350-375,,,,300-325,34.79,"{""325-350"": 0.284428, ""350-375"": 0.088652, ""375-400"": 0.0, ""400-425"": 0.0, ""425-450"": 0.0, ""450-475"": 0.0, ""475-500"": 0.0}",28.44,8.87,0.00,0.00,0.00,0.00,0.00,2026-01-30,,settlement_export
2026-01-30 10:00:00,2026/1/30 23:59:59 CT,2026-12-09,350-375,,,,300-325,33.39,"{""325-350"": 0.241357, ""350-375"": 0.069148, ""375-400"": 0.0, ""400-425"": 0.0, ""425-450"": 0.0, ""450-475"": 0.0, ""475-500"": 0.0}",24.14,6.91,0.00,0.00,0.00,0.00,0.00,2026-01-30,,settlement_export
2026-01-30 10:00:00,2026/1/30 23:59:59 CT,2027-01-27,350-375,,,,300-325,33.39,"{""325-350"": 0.241357, ""350-375"": 0.069148, ""375-400"": 0.0, ""400-425"": 0.0, ""425-450"": 0.0, ""450-475"": 0.0, ""475-500"": 0.0}",24.14,6.91,0.00,0.00,0.00,0.00,0.00,2026-01-30,,settlement_export
2026-01-30 10:00:00,2026/1/30 23:59:59 CT,2027-03-17,350-375,,,,300-325,33.39,"{""325-350"": 0.241357, ""350-375"": 0.069148, ""375-400"": 0.0, ""400-425"": 0.0, ""425-450"": 0.0, ""450-475"": 0.0, ""475-500"": 0.0}",24.14,6.91,0.00,0.00,0.00,0.00,0.00,2026-01-30,,settlement_export
2026-01-30 10:00:00,2026/1/30 23:59:59 CT,2027-04-28,350-375,,,,,0.00,"{""325-350"": 0.0, ""350-375"": 0.0, ""375-400"": 0.0, ""400-425"": 0.0, ""425-450"": 0.0, ""450-475"": 0.0, ""475-500"": 0.0}",0.00,0.00,0.00,0.00,0.00,0.00,0.00,2026-01-30,,settlement_export
2026-01-30 10:00:00,2026/1/30 23:59:59 CT,2027-06-09,350-375,,,,,0.00,"{""325-350"": 0.0, ""350-375"": 0.0, ""375-400"": 0.0, ""400-425"": 0.0, ""425-450"": 0.0, ""450-475"": 0.0, ""475-500"": 0.0}",0.00,0.00,0.00,0.00,0.00,0.00,0.00,2026-01-30,,settlement_export
2026-01-30 10:00:00,2026/1/30 23:59:59 CT,2027-07-28,350-375,,,,,0.00,"{""325-350"": 0.0, ""350-375"": 0.0, ""375-400"": 0.0, ""400-425"": 0.0, ""425-450"": 0.0, ""450-475"": 0.0, ""475-500"": 0.0}",0.00,0.00,0.00,0.00,0.00,0.00,0.00,2026-01-30,,settlement_export
2026-01-30 10:00:00,2026/1/30 23:59:59 CT,2027-09-15,350-375,,,,,0.00,"{""325-350"": 0.0, ""350-375"": 0.0, ""375-400"": 0.0, ""400-425"": 0.0, ""425-450"": 0.0, ""450-475"": 0.0, ""475-500"": 0.0}",0.00,0.00,0.00,0.00,0.00,0.00,0.00,2026-01-30,,settlement_export
2026-01-30 10:00:00,2026/1/30 23:59:59 CT,2027-10-27,350-375,,,,,0.00,"{""325-350"": 0.0, ""350-375"": 0.0, ""375-400"": 0.0, ""400-425"": 0.0, ""425-450"": 0.0, ""450-475"": 0.0, ""475-500"": 0.0}",0.00,0.00,0.00,0.00,0.00,0.00,0.00,2026-01-30,,settlement_export
2026-01-30 10:00:00,2026/1/30 23:59:59 CT,2027-12-08,350-375,,,,,0.00,"{""325-350"": 0.0, ""350-375"": 0.0, ""375-400"": 0.0, ""400-425"": 0.0, ""425-450"": 0.0, ""450-475"": 0.0, ""475-500"": 0.0}",0.00,0.00,0.00,0.00,0.00,0.00,0.00,2026-01-30,,settlement_export
2026-02-02 10:00:00,2026/2/2 23:59:59 CT,2026-09-16,350-375,,,,325-350,37.18,"{""325-350"": 0.371848, ""350-375"": 0.154961, ""375-400"": 0.0, ""400-425"": 0.0, ""425-450"": 0.0, ""450-475"": 0.0, ""475-500"": 0.0}",37.18,15.50,0.00,0.00,0.00,0.00,0.00,2026-02-02,,settlement_export
2026-02-02 10:00:00,2026/2/2 23:59:59 CT,2026-10-28,350-375,,,,300-325,33.59,"{""325-350"": 0.323823, ""350-375"": 0.120648, ""375-400"": 0.0, ""400-425"": 0.0, ""425-450"": 0.0, ""450-475"": 0.0, ""475-500"": 0.0}",32.38,12.06,0.00,0.00,0.00,0.00,0.00,2026-02-02,,settlement_export
2026-02-02 10:00:00,2026/2/2 23:59:59 CT,2026-12-09,350-375,,,,300-325,33.32,"{""325-350"": 0.279125, ""350-375"": 0.094106, ""375-400"": 0.0, ""400-425"": 0.0, ""425-450"": 0.0, ""450-475"": 0.0, ""475-500"": 0.0}",27.91,9.41,0.00,0.00,0.00,0.00,0.00,2026-02-02,,settlement_export
2026-02-02 10:00:00,2026/2/2 23:59:59 CT,2027-01-27,350-375,,,,300-325,33.32,"{""325-350"": 0.279125, ""350-375"": 0.094106, ""375-400"": 0.0, ""400-425"": 0.0, ""425-450"": 0.0, ""450-475"": 0.0, ""475-500"": 0.0}",27.91,9.41,0.00,0.00,0.00,0.00,0.00,2026-02-02,,settlement_export
2026-02-02 10:00:00,2026/2/2 23:59:59 CT,2027-03-17,350-375,,,,300-325,33.32,"{""325-350"": 0.279125, ""350-375"": 0.094106, ""375-400"": 0.0, ""400-425"": 0.0, ""425-450"": 0.0, ""450-475"": 0.0, ""475-500"": 0.0}",27.91,9.41,0.00,0.00,0.00,0.00,0.00,2026-02-02,,settlement_export
2026-02-02 10:00:00,2026/2/2 23:59:59 CT,2027-04-28,350-375,,,,,0.00,"{""325-350"": 0.0, ""350-375"": 0.0, ""375-400"": 0.0, ""400-425"": 0.0, ""425-450"": 0.0, ""450-475"": 0.0, ""475-500"": 0.0}",0.00,0.00,0.00,0.00,0.00,0.00,0.00,2026-02-02,,settlement_export
2026-02-02 10:00:00,2026/2/2 23:59:59 CT,2027-06-09,350-375,,,,,0.00,"{""325-350"": 0.0, ""350-375"": 0.0, ""375-400"": 0.0, ""400-425"": 0.0, ""425-450"": 0.0, ""450-475"": 0.0, ""475-500"": 0.0}",0.00,0.00,0.00,0.00,0.00,0.00,0.00,2026-02-02,,settlement_export
2026-02-02 10:00:00,2026/2/2 23:59:59 CT,2027-07-28,350-375,,,,,0.00,"{""325-350"": 0.0, ""350-375"": 0.0, ""375-400"": 0.0, ""400-425"": 0.0, ""425-450"": 0.0, ""450-475"": 0.0, ""475-500"": 0.0}",0.00,0.00,0.00,0.00,0.00,0.00,0.00,2026-02-02,,settlement_export
2026-02-02 10:00:00,2026/2/2 23:59:59 CT,2027-09-15,350-375,,,,,0.00,"{""325-350"": 0.0, ""350-375"": 0.0, ""375-400"": 0.0, ""400-425"": 0.0, ""425-450"": 0.0, ""450-475"": 0.0, ""475-500"": 0.0}",0.00,0.00,0.00,0.00,0.00,0.00,0.00,2026-02-02,,settlement_export
2026-02-02 10:00:00,2026/2/2 23:59:59 CT,2027-10-27,350-375,,,,,0.00,"{""325-350"": 0.0, ""350-375"": 0.0, ""375-400"": 0.0, ""400-425"": 0.0, ""425-450"": 0.0, ""450-475"": 0.0, ""475-500"": 0.0}",0.00,0.00,0.00,0.00,0.00,0.00,0.00,2026-02-02,,settlement_export
2026-02-02 10:00:00,2026/2/2 23:59:59 CT,2027-12-08,350-375,,,,,0.00,"{""325-350"": 0.0, ""350-375"": 0.0, ""375-400"": 0.0, ""400-425"": 0.0, ""425-450"": 0.0, ""450-475"": 0.0, ""475-500"": 0.0}",0.00,0.00,0.00,0.00,0.00,0.00,0.00,2026-02-02,,settlement_export
2026-02-03 10:00:00,2026/2/3 23:59:59 CT,2026-09-16,350-375,,,,325-350,37.75,"{""325-350"": 0.377547, ""350-375"": 0.163086, ""375-400"": 0.0, ""400-425"": 0.0, ""425-450"": 0.0, ""450-475"": 0.0, ""475-500"": 0.0}",37.75,16.31,0.00,0.00,0.00,0.00,0.00,2026-02-03,,settlement_export
2026-02-03 10:00:00,2026/2/3 23:59:59 CT,2026-10-28,350-375,,,,300-325,33.40,"{""325-350"": 0.325311, ""350-375"": 0.123363, ""375-400"": 0.0, ""400-425"": 0.0, ""425-450"": 0.0, ""450-475"": 0.0, ""475-500"": 0.0}",32.53,12.34,0.00,0.00,0.00,0.00,0.00,2026-02-03,,settlement_export
2026-02-03 10:00:00,2026/2/3 23:59:59 CT,2026-12-09,350-375,,,,300-325,33.19,"{""325-350"": 0.276843, ""350-375"": 0.093756, ""375-400"": 0.0, ""400-425"": 0.0, ""425-450"": 0.0, ""450-475"": 0.0, ""475-500"": 0.0}",27.68,9.38,0.00,0.00,0.00,0.00,0.00,2026-02-03,,settlement_export
2026-02-03 10:00:00,2026/2/3 23:59:59 CT,2027-01-27,350-375,,,,300-325,33.19,"{""325-350"": 0.276843, ""350-375"": 0.093756, ""375-400"": 0.0, ""400-425"": 0.0, ""425-450"": 0.0, ""450-475"": 0.0, ""475-500"": 0.0}",27.68,9.38,0.00,0.00,0.00,0.00,0.00,2026-02-03,,settlement_export
2026-02-03 10:00:00,2026/2/3 23:59:59 CT,2027-03-17,350-375,,,,300-325,33.19,"{""325-350"": 0.276843, ""350-375"": 0.093756, ""375-400"": 0.0, ""400-425"": 0.0, ""425-450"": 0.0, ""450-475"": 0.0, ""475-500"": 0.0}",27.68,9.38,0.00,0.00,0.00,0.00,0.00,2026-02-03,,settlement_export
2026-02-03 10:00:00,2026/2/3 23:59:59 CT,2027-04-28,350-375,,,,,0.00,"{""325-350"": 0.0, ""350-375"": 0.0, ""375-400"": 0.0, ""400-425"": 0.0, ""425-450"": 0.0, ""450-475"": 0.0, ""475-500"": 0.0}",0.00,0.00,0.00,0.00,0.00,0.00,0.00,2026-02-03,,settlement_export
2026-02-03 10:00:00,2026/2/3 23:59:59 CT,2027-06-09,350-375,,,,,0.00,"{""325-350"": 0.0, ""350-375"": 0.0, ""375-400"": 0.0, ""400-425"": 0.0, ""425-450"": 0.0, ""450-475"": 0.0, ""475-500"": 0.0}",0.00,0.00,0.00,0.00,0.00,0.00,0.00,2026-02-03,,settlement_export
2026-02-03 10:00:00,2026/2/3 23:59:59 CT,2027-07-28,350-375,,,,,0.00,"{""325-350"": 0.0, ""350-375"": 0.0, ""375-400"": 0.0, ""400-425"": 0.0, ""425-450"": 0.0, ""450-475"": 0.0, ""475-500"": 0.0}",0.00,0.00,0.00,0.00,0.00,0.00,0.00,2026-02-03,,settlement_export
2026-02-03 10:00:00,2026/2/3 23:59:59 CT,2027-09-15,350-375,,,,,0.00,"{""325-350"": 0.0, ""350-375"": 0.0, ""375-400"": 0.0, ""400-425"": 0.0, ""425-450"": 0.0, ""450-475"": 0.0, ""475-500"": 0.0}",0.00,0.00,0.00,0.00,0.00,0.00,0.00,2026-02-03,,settlement_export
2026-02-03 10:00:00,2026/2/3 23:59:59 CT,2027-10-27,350-375,,,,,0.00,"{""325-350"": 0.0, ""350-375"": 0.0, ""375-400"": 0.0, ""400-425"": 0.0, ""425-450"": 0.0, ""450-475"": 0.0, ""475-500"": 0.0}",0.00,0.00,0.00,0.00,0.00,0.00,0.00,2026-02-03,,settlement_export
2026-02-03 10:00:00,2026/2/3 23:59:59 CT,2027-12-08,350-375,,,,,0.00,"{""325-350"": 0.0, ""350-375"": 0.0, ""375-400"": 0.0, ""400-425"": 0.0, ""425-450"": 0.0, ""450-475"": 0.0, ""475-500"": 0.0}",0.00,0.00,0.00,0.00,0.00,0.00,0.00,2026-02-03,,settlement_export
2026-02-04 10:00:00,2026/2/4 23:59:59 CT,2026-09-16,350-375,,,,325-350,37.08,"{""325-350"": 0.370839, ""350-375"": 0.151894, ""375-400"": 0.0, ""400-425"": 0.0, ""425-450"": 0.0, ""450-475"": 0.0, ""475-500"": 0.0}",37.08,15.19,0.00,0.00,0.00,0.00,0.00,2026-02-04,,settlement_export
2026-02-04 10:00:00,2026/2/4 23:59:59 CT,2026-10-28,350-375,,,,300-325,33.90,"{""325-350"": 0.31751, ""350-375"": 0.114897, ""375-400"": 0.0, ""400-425"": 0.0, ""425-450"": 0.0, ""450-475"": 0.0, ""475-500"": 0.0}",31.75,11.49,0.00,0.00,0.00,0.00,0.00,2026-02-04,,settlement_export
2026-02-04 10:00:00,2026/2/4 23:59:59 CT,2026-12-09,350-375,,,,300-325,33.38,"{""325-350"": 0.268883, ""350-375"": 0.087322, ""375-400"": 0.0, ""400-425"": 0.0, ""425-450"": 0.0, ""450-475"": 0.0, ""475-500"": 0.0}",26.89,8.73,0.00,0.00,0.00,0.00,0.00,2026-02-04,,settlement_export
2026-02-04 10:00:00,2026/2/4 23:59:59 CT,2027-01-27,350-375,,,,300-325,33.38,"{""325-350"": 0.268883, ""350-375"": 0.087322, ""375-400"": 0.0, ""400-425"": 0.0, ""425-450"": 0.0, ""450-475"": 0.0, ""475-500"": 0.0}",26.89,8.73,0.00,0.00,0.00,0.00,0.00,2026-02-04,,settlement_export
2026-02-04 10:00:00,2026/2/4 23:59:59 CT,2027-03-17,350-375,,,,300-325,33.38,"{""325-350"": 0.268883, ""350-375"": 0.087322, ""375-400"": 0.0, ""400-425"": 0.0, ""425-450"": 0.0, ""450-475"": 0.0, ""475-500"": 0.0}",26.89,8.73,0.00,0.00,0.00,0.00,0.00,2026-02-04,,settlement_export
2026-02-04 10:00:00,2026/2/4 23:59:59 CT,2027-04-28,350-375,,,,,0.00,"{""325-350"": 0.0, ""350-375"": 0.0, ""375-400"": 0.0, ""400-425"": 0.0, ""425-450"": 0.0, ""450-475"": 0.0, ""475-500"": 0.0}",0.00,0.00,0.00,0.00,0.00,0.00,0.00,2026-02-04,,settlement_export
2026-02-04 10:00:00,2026/2/4 23:59:59 CT,2027-06-09,350-375,,,,,0.00,"{""325-350"": 0.0, ""350-375"": 0.0, ""375-400"": 0.0, ""400-425"": 0.0, ""425-450"": 0.0, ""450-475"": 0.0, ""475-500"": 0.0}",0.00,0.00,0.00,0.00,0.00,0.00,0.00,2026-02-04,,settlement_export
2026-02-04 10:00:00,2026/2/4 23:59:59 CT,2027-07-28,350-375,,,,,0.00,"{""325-350"": 0.0, ""350-375"": 0.0, ""375-400"": 0.0, ""400-425"": 0.0, ""425-450"": 0.0, ""450-475"": 0.0, ""475-500"": 0.0}",0.00,0.00,0.00,0.00,0.00,0.00,0.00,2026-02-04,,settlement_export
2026-02-04 10:00:00,2026/2/4 23:59:59 CT,2027-09-15,350-375,,,,,0.00,"{""325-350"": 0.0, ""350-375"": 0.0, ""375-400"": 0.0, ""400-425"": 0.0, ""425-450"": 0.0, ""450-475"": 0.0, ""475-500"": 0.0}",0.00,0.00,0.00,0.00,0.00,0.00,0.00,2026-02-04,,settlement_export
2026-02-04 10:00:00,2026/2/4 23:59:59 CT,2027-10-27,350-375,,,,,0.00,"{""325-350"": 0.0, ""350-375"": 0.0, ""375-400"": 0.0, ""400-425"": 0.0, ""425-450"": 0.0, ""450-475"": 0.0, ""475-500"": 0.0}",0.00,0.00,0.00,0.00,0.00,0.00,0.00,2026-02-04,,settlement_export
2026-02-04 10:00:00,2026/2/4 23:59:59 CT,2027-12-08,350-375,,,,,0.00,"{""325-350"": 0.0, ""350-375"": 0.0, ""375-400"": 0.0, ""400-425"": 0.0, ""425-450"": 0.0, ""450-475"": 0.0, ""475-500"": 0.0}",0.00,0.00,0.00,0.00,0.00,0.00,0.00,2026-02-04,,settlement_export
2026-02-05 10:00:00,2026/2/5 23:59:59 CT,2026-09-16,350-375,,,,300-325,35.96,"{""325-350"": 0.297687, ""350-375"": 0.089495, ""375-400"": 0.0, ""400-425"": 0.0, ""425-450"": 0.0, ""450-475"": 0.0, ""475-500"": 0.0}",29.77,8.95,0.00,0.00,0.00,0.00,0.00,2026-02-05,,settlement_export
2026-02-05 10:00:00,2026/2/5 23:59:59 CT,2026-10-28,350-375,,,,300-325,34.45,"{""325-350"": 0.246978, ""350-375"": 0.067696, ""375-400"": 0.0, ""400-425"": 0.0, ""425-450"": 0.0, ""450-475"": 0.0, ""475-500"": 0.0}",24.70,6.77,0.00,0.00,0.00,0.00,0.00,2026-02-05,,settlement_export
2026-02-05 10:00:00,2026/2/5 23:59:59 CT,2026-12-09,350-375,,,,300-325,32.50,"{""325-350"": 0.211121, ""350-375"": 0.054157, ""375-400"": 0.0, ""400-425"": 0.0, ""425-450"": 0.0, ""450-475"": 0.0, ""475-500"": 0.0}",21.11,5.42,0.00,0.00,0.00,0.00,0.00,2026-02-05,,settlement_export
2026-02-05 10:00:00,2026/2/5 23:59:59 CT,2027-01-27,350-375,,,,300-325,32.50,"{""325-350"": 0.211121, ""350-375"": 0.054157, ""375-400"": 0.0, ""400-425"": 0.0, ""425-450"": 0.0, ""450-475"": 0.0, ""475-500"": 0.0}",21.11,5.42,0.00,0.00,0.00,0.00,0.00,2026-02-05,,settlement_export
2026-02-05 10:00:00,2026/2/5 23:59:59 CT,2027-03-17,350-375,,,,300-325,32.50,"{""325-350"": 0.211121, ""350-375"": 0.054157, ""375-400"": 0.0, ""400-425"": 0.0, ""425-450"": 0.0, ""450-475"": 0.0, ""475-500"": 0.0}",21.11,5.42,0.00,0.00,0.00,0.00,0.00,2026-02-05,,settlement_export
2026-02-05 10:00:00,2026/2/5 23:59:59 CT,2027-04-28,350-375,,,,,0.00,"{""325-350"": 0.0, ""350-375"": 0.0, ""375-400"": 0.0, ""400-425"": 0.0, ""425-450"": 0.0, ""450-475"": 0.0, ""475-500"": 0.0}",0.00,0.00,0.00,0.00,0.00,0.00,0.00,2026-02-05,,settlement_export
2026-02-05 10:00:00,2026/2/5 23:59:59 CT,2027-06-09,350-375,,,,,0.00,"{""325-350"": 0.0, ""350-375"": 0.0, ""375-400"": 0.0, ""400-425"": 0.0, ""425-450"": 0.0, ""450-475"": 0.0, ""475-500"": 0.0}",0.00,0.00,0.00,0.00,0.00,0.00,0.00,2026-02-05,,settlement_export
2026-02-05 10:00:00,2026/2/5 23:59:59 CT,2027-07-28,350-375,,,,,0.00,"{""325-350"": 0.0, ""350-375"": 0.0, ""375-400"": 0.0, ""400-425"": 0.0, ""425-450"": 0.0, ""450-475"": 0.0, ""475-500"": 0.0}",0.00,0.00,0.00,0.00,0.00,0.00,0.00,2026-02-05,,settlement_export
2026-02-05 10:00:00,2026/2/5 23:59:59 CT,2027-09-15,350-375,,,,,0.00,"{""325-350"": 0.0, ""350-375"": 0.0, ""375-400"": 0.0, ""400-425"": 0.0, ""425-450"": 0.0, ""450-475"": 0.0, ""475-500"": 0.0}",0.00,0.00,0.00,0.00,0.00,0.00,0.00,2026-02-05,,settlement_export
2026-02-05 10:00:00,2026/2/5 23:59:59 CT,2027-10-27,350-375,,,,,0.00,"{""325-350"": 0.0, ""350-375"": 0.0, ""375-400"": 0.0, ""400-425"": 0.0, ""425-450"": 0.0, ""450-475"": 0.0, ""475-500"": 0.0}",0.00,0.00,0.00,0.00,0.00,0.00,0.00,2026-02-05,,settlement_export
2026-02-05 10:00:00,2026/2/5 23:59:59 CT,2027-12-08,350-375,,,,,0.00,"{""325-350"": 0.0, ""350-375"": 0.0, ""375-400"": 0.0, ""400-425"": 0.0, ""425-450"": 0.0, ""450-475"": 0.0, ""475-500"": 0.0}",0.00,0.00,0.00,0.00,0.00,0.00,0.00,2026-02-05,,settlement_export
2026-02-06 10:00:00,2026/2/6 23:59:59 CT,2026-09-16,350-375,,,,300-325,36.13,"{""325-350"": 0.313444, ""350-375"": 0.096937, ""375-400"": 0.0, ""400-425"": 0.0, ""425-450"": 0.0, ""450-475"": 0.0, ""475-500"": 0.0}",31.34,9.69,0.00,0.00,0.00,0.00,0.00,2026-02-06,,settlement_export
2026-02-06 10:00:00,2026/2/6 23:59:59 CT,2026-10-28,350-375,,,,300-325,35.07,"{""325-350"": 0.265504, ""350-375"": 0.075472, ""375-400"": 0.0, ""400-425"": 0.0, ""425-450"": 0.0, ""450-475"": 0.0, ""475-500"": 0.0}",26.55,7.55,0.00,0.00,0.00,0.00,0.00,2026-02-06,,settlement_export
2026-02-06 10:00:00,2026/2/6 23:59:59 CT,2026-12-09,350-375,,,,300-325,33.20,"{""325-350"": 0.223697, ""350-375"": 0.058868, ""375-400"": 0.0, ""400-425"": 0.0, ""425-450"": 0.0, ""450-475"": 0.0, ""475-500"": 0.0}",22.37,5.89,0.00,0.00,0.00,0.00,0.00,2026-02-06,,settlement_export
2026-02-06 10:00:00,2026/2/6 23:59:59 CT,2027-01-27,350-375,,,,300-325,33.20,"{""325-350"": 0.223697, ""350-375"": 0.058868, ""375-400"": 0.0, ""400-425"": 0.0, ""425-450"": 0.0, ""450-475"": 0.0, ""475-500"": 0.0}",22.37,5.89,0.00,0.00,0.00,0.00,0.00,2026-02-06,,settlement_export
2026-02-06 10:00:00,2026/2/6 23:59:59 CT,2027-03-17,350-375,,,,300-325,33.20,"{""325-350"": 0.223697, ""350-375"": 0.058868, ""375-400"": 0.0, ""400-425"": 0.0, ""425-450"": 0.0, ""450-475"": 0.0, ""475-500"": 0.0}",22.37,5.89,0.00,0.00,0.00,0.00,0.00,2026-02-06,,settlement_export
2026-02-06 10:00:00,2026/2/6 23:59:59 CT,2027-04-28,350-375,,,,,0.00,"{""325-350"": 0.0, ""350-375"": 0.0, ""375-400"": 0.0, ""400-425"": 0.0, ""425-450"": 0.0, ""450-475"": 0.0, ""475-500"": 0.0}",0.00,0.00,0.00,0.00,0.00,0.00,0.00,2026-02-06,,settlement_export
2026-02-06 10:00:00,2026/2/6 23:59:59 CT,2027-06-09,350-375,,,,,0.00,"{""325-350"": 0.0, ""350-375"": 0.0, ""375-400"": 0.0, ""400-425"": 0.0, ""425-450"": 0.0, ""450-475"": 0.0, ""475-500"": 0.0}",0.00,0.00,0.00,0.00,0.00,0.00,0.00,2026-02-06,,settlement_export
2026-02-06 10:00:00,2026/2/6 23:59:59 CT,2027-07-28,350-375,,,,,0.00,"{""325-350"": 0.0, ""350-375"": 0.0, ""375-400"": 0.0, ""400-425"": 0.0, ""425-450"": 0.0, ""450-475"": 0.0, ""475-500"": 0.0}",0.00,0.00,0.00,0.00,0.00,0.00,0.00,2026-02-06,,settlement_export
2026-02-06 10:00:00,2026/2/6 23:59:59 CT,2027-09-15,350-375,,,,,0.00,"{""325-350"": 0.0, ""350-375"": 0.0, ""375-400"": 0.0, ""400-425"": 0.0, ""425-450"": 0.0, ""450-475"": 0.0, ""475-500"": 0.0}",0.00,0.00,0.00,0.00,0.00,0.00,0.00,2026-02-06,,settlement_export
2026-02-06 10:00:00,2026/2/6 23:59:59 CT,2027-10-27,350-375,,,,,0.00,"{""325-350"": 0.0, ""350-375"": 0.0, ""375-400"": 0.0, ""400-425"": 0.0, ""425-450"": 0.0, ""450-475"": 0.0, ""475-500"": 0.0}",0.00,0.00,0.00,0.00,0.00,0.00,0.00,2026-02-06,,settlement_export
2026-02-06 10:00:00,2026/2/6 23:59:59 CT,2027-12-08,350-375,,,,,0.00,"{""325-350"": 0.0, ""350-375"": 0.0, ""375-400"": 0.0, ""400-425"": 0.0, ""425-450"": 0.0, ""450-475"": 0.0, ""475-500"": 0.0}",0.00,0.00,0.00,0.00,0.00,0.00,0.00,2026-02-06,,settlement_export
2026-02-09 10:00:00,2026/2/9 23:59:59 CT,2026-09-16,350-375,,,,300-325,36.43,"{""325-350"": 0.296195, ""350-375"": 0.08711, ""375-400"": 0.0, ""400-425"": 0.0, ""425-450"": 0.0, ""450-475"": 0.0, ""475-500"": 0.0}",29.62,8.71,0.00,0.00,0.00,0.00,0.00,2026-02-09,,settlement_export
2026-02-09 10:00:00,2026/2/9 23:59:59 CT,2026-10-28,350-375,,,,300-325,34.92,"{""325-350"": 0.249897, ""350-375"": 0.067821, ""375-400"": 0.0, ""400-425"": 0.0, ""425-450"": 0.0, ""450-475"": 0.0, ""475-500"": 0.0}",24.99,6.78,0.00,0.00,0.00,0.00,0.00,2026-02-09,,settlement_export
2026-02-09 10:00:00,2026/2/9 23:59:59 CT,2026-12-09,350-375,,,,300-325,32.74,"{""325-350"": 0.209841, ""350-375"": 0.052901, ""375-400"": 0.0, ""400-425"": 0.0, ""425-450"": 0.0, ""450-475"": 0.0, ""475-500"": 0.0}",20.98,5.29,0.00,0.00,0.00,0.00,0.00,2026-02-09,,settlement_export
2026-02-09 10:00:00,2026/2/9 23:59:59 CT,2027-01-27,350-375,,,,300-325,32.74,"{""325-350"": 0.209841, ""350-375"": 0.052901, ""375-400"": 0.0, ""400-425"": 0.0, ""425-450"": 0.0, ""450-475"": 0.0, ""475-500"": 0.0}",20.98,5.29,0.00,0.00,0.00,0.00,0.00,2026-02-09,,settlement_export
2026-02-09 10:00:00,2026/2/9 23:59:59 CT,2027-03-17,350-375,,,,300-325,32.74,"{""325-350"": 0.209841, ""350-375"": 0.052901, ""375-400"": 0.0, ""400-425"": 0.0, ""425-450"": 0.0, ""450-475"": 0.0, ""475-500"": 0.0}",20.98,5.29,0.00,0.00,0.00,0.00,0.00,2026-02-09,,settlement_export
2026-02-09 10:00:00,2026/2/9 23:59:59 CT,2027-04-28,350-375,,,,,0.00,"{""325-350"": 0.0, ""350-375"": 0.0, ""375-400"": 0.0, ""400-425"": 0.0, ""425-450"": 0.0, ""450-475"": 0.0, ""475-500"": 0.0}",0.00,0.00,0.00,0.00,0.00,0.00,0.00,2026-02-09,,settlement_export
2026-02-09 10:00:00,2026/2/9 23:59:59 CT,2027-06-09,350-375,,,,,0.00,"{""325-350"": 0.0, ""350-375"": 0.0, ""375-400"": 0.0, ""400-425"": 0.0, ""425-450"": 0.0, ""450-475"": 0.0, ""475-500"": 0.0}",0.00,0.00,0.00,0.00,0.00,0.00,0.00,2026-02-09,,settlement_export
2026-02-09 10:00:00,2026/2/9 23:59:59 CT,2027-07-28,350-375,,,,,0.00,"{""325-350"": 0.0, ""350-375"": 0.0, ""375-400"": 0.0, ""400-425"": 0.0, ""425-450"": 0.0, ""450-475"": 0.0, ""475-500"": 0.0}",0.00,0.00,0.00,0.00,0.00,0.00,0.00,2026-02-09,,settlement_export
2026-02-09 10:00:00,2026/2/9 23:59:59 CT,2027-09-15,350-375,,,,,0.00,"{""325-350"": 0.0, ""350-375"": 0.0, ""375-400"": 0.0, ""400-425"": 0.0, ""425-450"": 0.0, ""450-475"": 0.0, ""475-500"": 0.0}",0.00,0.00,0.00,0.00,0.00,0.00,0.00,2026-02-09,,settlement_export
2026-02-09 10:00:00,2026/2/9 23:59:59 CT,2027-10-27,350-375,,,,,0.00,"{""325-350"": 0.0, ""350-375"": 0.0, ""375-400"": 0.0, ""400-425"": 0.0, ""425-450"": 0.0, ""450-475"": 0.0, ""475-500"": 0.0}",0.00,0.00,0.00,0.00,0.00,0.00,0.00,2026-02-09,,settlement_export
2026-02-09 10:00:00,2026/2/9 23:59:59 CT,2027-12-08,350-375,,,,,0.00,"{""325-350"": 0.0, ""350-375"": 0.0, ""375-400"": 0.0, ""400-425"": 0.0, ""425-450"": 0.0, ""450-475"": 0.0, ""475-500"": 0.0}",0.00,0.00,0.00,0.00,0.00,0.00,0.00,2026-02-09,,settlement_export
2026-02-10 10:00:00,2026/2/10 23:59:59 CT,2026-09-16,350-375,,,,300-325,36.08,"{""325-350"": 0.285315, ""350-375"": 0.082972, ""375-400"": 0.0, ""400-425"": 0.0, ""425-450"": 0.0, ""450-475"": 0.0, ""475-500"": 0.0}",28.53,8.30,0.00,0.00,0.00,0.00,0.00,2026-02-10,,settlement_export
2026-02-10 10:00:00,2026/2/10 23:59:59 CT,2026-10-28,350-375,,,,300-325,34.24,"{""325-350"": 0.23603, ""350-375"": 0.062762, ""375-400"": 0.0, ""400-425"": 0.0, ""425-450"": 0.0, ""450-475"": 0.0, ""475-500"": 0.0}",23.60,6.28,0.00,0.00,0.00,0.00,0.00,2026-02-10,,settlement_export
2026-02-10 10:00:00,2026/2/10 23:59:59 CT,2026-12-09,350-375,,,,300-325,31.72,"{""325-350"": 0.194959, ""350-375"": 0.047885, ""375-400"": 0.0, ""400-425"": 0.0, ""425-450"": 0.0, ""450-475"": 0.0, ""475-500"": 0.0}",19.50,4.79,0.00,0.00,0.00,0.00,0.00,2026-02-10,,settlement_export
2026-02-10 10:00:00,2026/2/10 23:59:59 CT,2027-01-27,350-375,,,,300-325,31.44,"{""325-350"": 0.191582, ""350-375"": 0.046786, ""375-400"": 0.0, ""400-425"": 0.0, ""425-450"": 0.0, ""450-475"": 0.0, ""475-500"": 0.0}",19.16,4.68,0.00,0.00,0.00,0.00,0.00,2026-02-10,,settlement_export
2026-02-10 10:00:00,2026/2/10 23:59:59 CT,2027-03-17,350-375,,,,300-325,30.89,"{""325-350"": 0.185169, ""350-375"": 0.044714, ""375-400"": 0.0, ""400-425"": 0.0, ""425-450"": 0.0, ""450-475"": 0.0, ""475-500"": 0.0}",18.52,4.47,0.00,0.00,0.00,0.00,0.00,2026-02-10,,settlement_export
2026-02-10 10:00:00,2026/2/10 23:59:59 CT,2027-04-28,350-375,,,,,0.00,"{""325-350"": 0.0, ""350-375"": 0.0, ""375-400"": 0.0, ""400-425"": 0.0, ""425-450"": 0.0, ""450-475"": 0.0, ""475-500"": 0.0}",0.00,0.00,0.00,0.00,0.00,0.00,0.00,2026-02-10,,settlement_export
2026-02-10 10:00:00,2026/2/10 23:59:59 CT,2027-06-09,350-375,,,,,0.00,"{""325-350"": 0.0, ""350-375"": 0.0, ""375-400"": 0.0, ""400-425"": 0.0, ""425-450"": 0.0, ""450-475"": 0.0, ""475-500"": 0.0}",0.00,0.00,0.00,0.00,0.00,0.00,0.00,2026-02-10,,settlement_export
2026-02-10 10:00:00,2026/2/10 23:59:59 CT,2027-07-28,350-375,,,,,0.00,"{""325-350"": 0.0, ""350-375"": 0.0, ""375-400"": 0.0, ""400-425"": 0.0, ""425-450"": 0.0, ""450-475"": 0.0, ""475-500"": 0.0}",0.00,0.00,0.00,0.00,0.00,0.00,0.00,2026-02-10,,settlement_export
2026-02-10 10:00:00,2026/2/10 23:59:59 CT,2027-09-15,350-375,,,,,0.00,"{""325-350"": 0.0, ""350-375"": 0.0, ""375-400"": 0.0, ""400-425"": 0.0, ""425-450"": 0.0, ""450-475"": 0.0, ""475-500"": 0.0}",0.00,0.00,0.00,0.00,0.00,0.00,0.00,2026-02-10,,settlement_export
2026-02-10 10:00:00,2026/2/10 23:59:59 CT,2027-10-27,350-375,,,,,0.00,"{""325-350"": 0.0, ""350-375"": 0.0, ""375-400"": 0.0, ""400-425"": 0.0, ""425-450"": 0.0, ""450-475"": 0.0, ""475-500"": 0.0}",0.00,0.00,0.00,0.00,0.00,0.00,0.00,2026-02-10,,settlement_export
2026-02-10 10:00:00,2026/2/10 23:59:59 CT,2027-12-08,350-375,,,,,0.00,"{""325-350"": 0.0, ""350-375"": 0.0, ""375-400"": 0.0, ""400-425"": 0.0, ""425-450"": 0.0, ""450-475"": 0.0, ""475-500"": 0.0}",0.00,0.00,0.00,0.00,0.00,0.00,0.00,2026-02-10,,settlement_export
2026-02-11 10:00:00,2026/2/11 23:59:59 CT,2026-09-16,350-375,,,,325-350,35.90,"{""325-350"": 0.35904, ""350-375"": 0.131172, ""375-400"": 0.0, ""400-425"": 0.0, ""425-450"": 0.0, ""450-475"": 0.0, ""475-500"": 0.0}",35.90,13.12,0.00,0.00,0.00,0.00,0.00,2026-02-11,,settlement_export
2026-02-11 10:00:00,2026/2/11 23:59:59 CT,2026-10-28,350-375,,,,300-325,35.04,"{""325-350"": 0.298492, ""350-375"": 0.096318, ""375-400"": 0.0, ""400-425"": 0.0, ""425-450"": 0.0, ""450-475"": 0.0, ""475-500"": 0.0}",29.85,9.63,0.00,0.00,0.00,0.00,0.00,2026-02-11,,settlement_export
2026-02-11 10:00:00,2026/2/11 23:59:59 CT,2026-12-09,350-375,,,,300-325,33.63,"{""325-350"": 0.243681, ""350-375"": 0.070205, ""375-400"": 0.0, ""400-425"": 0.0, ""425-450"": 0.0, ""450-475"": 0.0, ""475-500"": 0.0}",24.37,7.02,0.00,0.00,0.00,0.00,0.00,2026-02-11,,settlement_export
2026-02-11 10:00:00,2026/2/11 23:59:59 CT,2027-01-27,350-375,,,,300-325,33.00,"{""325-350"": 0.23173, ""350-375"": 0.065369, ""375-400"": 0.0, ""400-425"": 0.0, ""425-450"": 0.0, ""450-475"": 0.0, ""475-500"": 0.0}",23.17,6.54,0.00,0.00,0.00,0.00,0.00,2026-02-11,,settlement_export
2026-02-11 10:00:00,2026/2/11 23:59:59 CT,2027-03-17,350-375,,,,300-325,32.56,"{""325-350"": 0.224363, ""350-375"": 0.062474, ""375-400"": 0.0, ""400-425"": 0.0, ""425-450"": 0.0, ""450-475"": 0.0, ""475-500"": 0.0}",22.44,6.25,0.00,0.00,0.00,0.00,0.00,2026-02-11,,settlement_export
2026-02-11 10:00:00,2026/2/11 23:59:59 CT,2027-04-28,350-375,,,,,0.00,"{""325-350"": 0.0, ""350-375"": 0.0, ""375-400"": 0.0, ""400-425"": 0.0, ""425-450"": 0.0, ""450-475"": 0.0, ""475-500"": 0.0}",0.00,0.00,0.00,0.00,0.00,0.00,0.00,2026-02-11,,settlement_export
2026-02-11 10:00:00,2026/2/11 23:59:59 CT,2027-06-09,350-375,,,,,0.00,"{""325-350"": 0.0, ""350-375"": 0.0, ""375-400"": 0.0, ""400-425"": 0.0, ""425-450"": 0.0, ""450-475"": 0.0, ""475-500"": 0.0}",0.00,0.00,0.00,0.00,0.00,0.00,0.00,2026-02-11,,settlement_export
2026-02-11 10:00:00,2026/2/11 23:59:59 CT,2027-07-28,350-375,,,,,0.00,"{""325-350"": 0.0, ""350-375"": 0.0, ""375-400"": 0.0, ""400-425"": 0.0, ""425-450"": 0.0, ""450-475"": 0.0, ""475-500"": 0.0}",0.00,0.00,0.00,0.00,0.00,0.00,0.00,2026-02-11,,settlement_export
2026-02-11 10:00:00,2026/2/11 23:59:59 CT,2027-09-15,350-375,,,,,0.00,"{""325-350"": 0.0, ""350-375"": 0.0, ""375-400"": 0.0, ""400-425"": 0.0, ""425-450"": 0.0, ""450-475"": 0.0, ""475-500"": 0.0}",0.00,0.00,0.00,0.00,0.00,0.00,0.00,2026-02-11,,settlement_export
2026-02-11 10:00:00,2026/2/11 23:59:59 CT,2027-10-27,350-375,,,,,0.00,"{""325-350"": 0.0, ""350-375"": 0.0, ""375-400"": 0.0, ""400-425"": 0.0, ""425-450"": 0.0, ""450-475"": 0.0, ""475-500"": 0.0}",0.00,0.00,0.00,0.00,0.00,0.00,0.00,2026-02-11,,settlement_export
2026-02-11 10:00:00,2026/2/11 23:59:59 CT,2027-12-08,350-375,,,,,0.00,"{""325-350"": 0.0, ""350-375"": 0.0, ""375-400"": 0.0, ""400-425"": 0.0, ""425-450"": 0.0, ""450-475"": 0.0, ""475-500"": 0.0}",0.00,0.00,0.00,0.00,0.00,0.00,0.00,2026-02-11,,settlement_export
2026-02-12 10:00:00,2026/2/12 23:59:59 CT,2026-09-16,350-375,,,,300-325,36.40,"{""325-350"": 0.326854, ""350-375"": 0.104854, ""375-400"": 0.0, ""400-425"": 0.0, ""425-450"": 0.0, ""450-475"": 0.0, ""475-500"": 0.0}",32.69,10.49,0.00,0.00,0.00,0.00,0.00,2026-02-12,,settlement_export
2026-02-12 10:00:00,2026/2/12 23:59:59 CT,2026-10-28,350-375,,,,300-325,35.33,"{""325-350"": 0.26295, ""350-375"": 0.074671, ""375-400"": 0.0, ""400-425"": 0.0, ""425-450"": 0.0, ""450-475"": 0.0, ""475-500"": 0.0}",26.30,7.47,0.00,0.00,0.00,0.00,0.00,2026-02-12,,settlement_export
2026-02-12 10:00:00,2026/2/12 23:59:59 CT,2026-12-09,350-375,,,,300-325,32.52,"{""325-350"": 0.204374, ""350-375"": 0.05144, ""375-400"": 0.0, ""400-425"": 0.0, ""425-450"": 0.0, ""450-475"": 0.0, ""475-500"": 0.0}",20.44,5.14,0.00,0.00,0.00,0.00,0.00,2026-02-12,,settlement_export
2026-02-12 10:00:00,2026/2/12 23:59:59 CT,2027-01-27,350-375,,,,300-325,31.69,"{""325-350"": 0.193839, ""350-375"": 0.047896, ""375-400"": 0.0, ""400-425"": 0.0, ""425-450"": 0.0, ""450-475"": 0.0, ""475-500"": 0.0}",19.38,4.79,0.00,0.00,0.00,0.00,0.00,2026-02-12,,settlement_export
2026-02-12 10:00:00,2026/2/12 23:59:59 CT,2027-03-17,350-375,,,,300-325,31.14,"{""325-350"": 0.187376, ""350-375"": 0.045775, ""375-400"": 0.0, ""400-425"": 0.0, ""425-450"": 0.0, ""450-475"": 0.0, ""475-500"": 0.0}",18.74,4.58,0.00,0.00,0.00,0.00,0.00,2026-02-12,,settlement_export
2026-02-12 10:00:00,2026/2/12 23:59:59 CT,2027-04-28,350-375,,,,,0.00,"{""325-350"": 0.0, ""350-375"": 0.0, ""375-400"": 0.0, ""400-425"": 0.0, ""425-450"": 0.0, ""450-475"": 0.0, ""475-500"": 0.0}",0.00,0.00,0.00,0.00,0.00,0.00,0.00,2026-02-12,,settlement_export
2026-02-12 10:00:00,2026/2/12 23:59:59 CT,2027-06-09,350-375,,,,,0.00,"{""325-350"": 0.0, ""350-375"": 0.0, ""375-400"": 0.0, ""400-425"": 0.0, ""425-450"": 0.0, ""450-475"": 0.0, ""475-500"": 0.0}",0.00,0.00,0.00,0.00,0.00,0.00,0.00,2026-02-12,,settlement_export
2026-02-12 10:00:00,2026/2/12 23:59:59 CT,2027-07-28,350-375,,,,,0.00,"{""325-350"": 0.0, ""350-375"": 0.0, ""375-400"": 0.0, ""400-425"": 0.0, ""425-450"": 0.0, ""450-475"": 0.0, ""475-500"": 0.0}",0.00,0.00,0.00,0.00,0.00,0.00,0.00,2026-02-12,,settlement_export
2026-02-12 10:00:00,2026/2/12 23:59:59 CT,2027-09-15,350-375,,,,,0.00,"{""325-350"": 0.0, ""350-375"": 0.0, ""375-400"": 0.0, ""400-425"": 0.0, ""425-450"": 0.0, ""450-475"": 0.0, ""475-500"": 0.0}",0.00,0.00,0.00,0.00,0.00,0.00,0.00,2026-02-12,,settlement_export
2026-02-12 10:00:00,2026/2/12 23:59:59 CT,2027-10-27,350-375,,,,,0.00,"{""325-350"": 0.0, ""350-375"": 0.0, ""375-400"": 0.0, ""400-425"": 0.0, ""425-450"": 0.0, ""450-475"": 0.0, ""475-500"": 0.0}",0.00,0.00,0.00,0.00,0.00,0.00,0.00,2026-02-12,,settlement_export
2026-02-12 10:00:00,2026/2/12 23:59:59 CT,2027-12-08,350-375,,,,,0.00,"{""325-350"": 0.0, ""350-375"": 0.0, ""375-400"": 0.0, ""400-425"": 0.0, ""425-450"": 0.0, ""450-475"": 0.0, ""475-500"": 0.0}",0.00,0.00,0.00,0.00,0.00,0.00,0.00,2026-02-12,,settlement_export
2026-02-13 10:00:00,2026/2/13 23:59:59 CT,2026-09-16,350-375,,,,300-325,37.71,"{""325-350"": 0.287067, ""350-375"": 0.078001, ""375-400"": 0.0, ""400-425"": 0.0, ""425-450"": 0.0, ""450-475"": 0.0, ""475-500"": 0.0}",28.71,7.80,0.00,0.00,0.00,0.00,0.00,2026-02-13,,settlement_export
2026-02-13 10:00:00,2026/2/13 23:59:59 CT,2026-10-28,350-375,,,,300-325,34.52,"{""325-350"": 0.212998, ""350-375"": 0.050366, ""375-400"": 0.0, ""400-425"": 0.0, ""425-450"": 0.0, ""450-475"": 0.0, ""475-500"": 0.0}",21.30,5.04,0.00,0.00,0.00,0.00,0.00,2026-02-13,,settlement_export
2026-02-13 10:00:00,2026/2/13 23:59:59 CT,2026-12-09,350-375,,,,300-325,30.22,"{""325-350"": 0.160112, ""350-375"": 0.033988, ""375-400"": 0.0, ""400-425"": 0.0, ""425-450"": 0.0, ""450-475"": 0.0, ""475-500"": 0.0}",16.01,3.40,0.00,0.00,0.00,0.00,0.00,2026-02-13,,settlement_export
2026-02-13 10:00:00,2026/2/13 23:59:59 CT,2027-01-27,350-375,,,,275-300,29.47,"{""325-350"": 0.145631, ""350-375"": 0.030086, ""375-400"": 0.0, ""400-425"": 0.0, ""425-450"": 0.0, ""450-475"": 0.0, ""475-500"": 0.0}",14.56,3.01,0.00,0.00,0.00,0.00,0.00,2026-02-13,,settlement_export
2026-02-13 10:00:00,2026/2/13 23:59:59 CT,2027-03-17,350-375,,,,275-300,29.40,"{""325-350"": 0.135397, ""350-375"": 0.027421, ""375-400"": 0.0, ""400-425"": 0.0, ""425-450"": 0.0, ""450-475"": 0.0, ""475-500"": 0.0}",13.54,2.74,0.00,0.00,0.00,0.00,0.00,2026-02-13,,settlement_export
2026-02-13 10:00:00,2026/2/13 23:59:59 CT,2027-04-28,350-375,,,,,0.00,"{""325-350"": 0.0, ""350-375"": 0.0, ""375-400"": 0.0, ""400-425"": 0.0, ""425-450"": 0.0, ""450-475"": 0.0, ""475-500"": 0.0}",0.00,0.00,0.00,0.00,0.00,0.00,0.00,2026-02-13,,settlement_export
2026-02-13 10:00:00,2026/2/13 23:59:59 CT,2027-06-09,350-375,,,,,0.00,"{""325-350"": 0.0, ""350-375"": 0.0, ""375-400"": 0.0, ""400-425"": 0.0, ""425-450"": 0.0, ""450-475"": 0.0, ""475-500"": 0.0}",0.00,0.00,0.00,0.00,0.00,0.00,0.00,2026-02-13,,settlement_export
2026-02-13 10:00:00,2026/2/13 23:59:59 CT,2027-07-28,350-375,,,,,0.00,"{""325-350"": 0.0, ""350-375"": 0.0, ""375-400"": 0.0, ""400-425"": 0.0, ""425-450"": 0.0, ""450-475"": 0.0, ""475-500"": 0.0}",0.00,0.00,0.00,0.00,0.00,0.00,0.00,2026-02-13,,settlement_export
2026-02-13 10:00:00,2026/2/13 23:59:59 CT,2027-09-15,350-375,,,,,0.00,"{""325-350"": 0.0, ""350-375"": 0.0, ""375-400"": 0.0, ""400-425"": 0.0, ""425-450"": 0.0, ""450-475"": 0.0, ""475-500"": 0.0}",0.00,0.00,0.00,0.00,0.00,0.00,0.00,2026-02-13,,settlement_export
2026-02-13 10:00:00,2026/2/13 23:59:59 CT,2027-10-27,350-375,,,,,0.00,"{""325-350"": 0.0, ""350-375"": 0.0, ""375-400"": 0.0, ""400-425"": 0.0, ""425-450"": 0.0, ""450-475"": 0.0, ""475-500"": 0.0}",0.00,0.00,0.00,0.00,0.00,0.00,0.00,2026-02-13,,settlement_export
2026-02-13 10:00:00,2026/2/13 23:59:59 CT,2027-12-08,350-375,,,,,0.00,"{""325-350"": 0.0, ""350-375"": 0.0, ""375-400"": 0.0, ""400-425"": 0.0, ""425-450"": 0.0, ""450-475"": 0.0, ""475-500"": 0.0}",0.00,0.00,0.00,0.00,0.00,0.00,0.00,2026-02-13,,settlement_export
2026-02-17 10:00:00,2026/2/17 23:59:59 CT,2026-09-16,350-375,,,,300-325,36.67,"{""325-350"": 0.325419, ""350-375"": 0.102743, ""375-400"": 0.0, ""400-425"": 0.0, ""425-450"": 0.0, ""450-475"": 0.0, ""475-500"": 0.0}",32.54,10.27,0.00,0.00,0.00,0.00,0.00,2026-02-17,,settlement_export
2026-02-17 10:00:00,2026/2/17 23:59:59 CT,2026-10-28,350-375,,,,300-325,35.30,"{""325-350"": 0.251459, ""350-375"": 0.068618, ""375-400"": 0.0, ""400-425"": 0.0, ""425-450"": 0.0, ""450-475"": 0.0, ""475-500"": 0.0}",25.15,6.86,0.00,0.00,0.00,0.00,0.00,2026-02-17,,settlement_export
2026-02-17 10:00:00,2026/2/17 23:59:59 CT,2026-12-09,350-375,,,,300-325,31.80,"{""325-350"": 0.188345, ""350-375"": 0.044932, ""375-400"": 0.0, ""400-425"": 0.0, ""425-450"": 0.0, ""450-475"": 0.0, ""475-500"": 0.0}",18.83,4.49,0.00,0.00,0.00,0.00,0.00,2026-02-17,,settlement_export
2026-02-17 10:00:00,2026/2/17 23:59:59 CT,2027-01-27,350-375,,,,300-325,30.31,"{""325-350"": 0.171879, ""350-375"": 0.039773, ""375-400"": 0.0, ""400-425"": 0.0, ""425-450"": 0.0, ""450-475"": 0.0, ""475-500"": 0.0}",17.19,3.98,0.00,0.00,0.00,0.00,0.00,2026-02-17,,settlement_export
2026-02-17 10:00:00,2026/2/17 23:59:59 CT,2027-03-17,350-375,,,,300-325,29.14,"{""325-350"": 0.160178, ""350-375"": 0.03625, ""375-400"": 0.0, ""400-425"": 0.0, ""425-450"": 0.0, ""450-475"": 0.0, ""475-500"": 0.0}",16.02,3.62,0.00,0.00,0.00,0.00,0.00,2026-02-17,,settlement_export
2026-02-17 10:00:00,2026/2/17 23:59:59 CT,2027-04-28,350-375,,,,,0.00,"{""325-350"": 0.0, ""350-375"": 0.0, ""375-400"": 0.0, ""400-425"": 0.0, ""425-450"": 0.0, ""450-475"": 0.0, ""475-500"": 0.0}",0.00,0.00,0.00,0.00,0.00,0.00,0.00,2026-02-17,,settlement_export
2026-02-17 10:00:00,2026/2/17 23:59:59 CT,2027-06-09,350-375,,,,,0.00,"{""325-350"": 0.0, ""350-375"": 0.0, ""375-400"": 0.0, ""400-425"": 0.0, ""425-450"": 0.0, ""450-475"": 0.0, ""475-500"": 0.0}",0.00,0.00,0.00,0.00,0.00,0.00,0.00,2026-02-17,,settlement_export
2026-02-17 10:00:00,2026/2/17 23:59:59 CT,2027-07-28,350-375,,,,,0.00,"{""325-350"": 0.0, ""350-375"": 0.0, ""375-400"": 0.0, ""400-425"": 0.0, ""425-450"": 0.0, ""450-475"": 0.0, ""475-500"": 0.0}",0.00,0.00,0.00,0.00,0.00,0.00,0.00,2026-02-17,,settlement_export
2026-02-17 10:00:00,2026/2/17 23:59:59 CT,2027-09-15,350-375,,,,,0.00,"{""325-350"": 0.0, ""350-375"": 0.0, ""375-400"": 0.0, ""400-425"": 0.0, ""425-450"": 0.0, ""450-475"": 0.0, ""475-500"": 0.0}",0.00,0.00,0.00,0.00,0.00,0.00,0.00,2026-02-17,,settlement_export
2026-02-17 10:00:00,2026/2/17 23:59:59 CT,2027-10-27,350-375,,,,,0.00,"{""325-350"": 0.0, ""350-375"": 0.0, ""375-400"": 0.0, ""400-425"": 0.0, ""425-450"": 0.0, ""450-475"": 0.0, ""475-500"": 0.0}",0.00,0.00,0.00,0.00,0.00,0.00,0.00,2026-02-17,,settlement_export
2026-02-17 10:00:00,2026/2/17 23:59:59 CT,2027-12-08,350-375,,,,,0.00,"{""325-350"": 0.0, ""350-375"": 0.0, ""375-400"": 0.0, ""400-425"": 0.0, ""425-450"": 0.0, ""450-475"": 0.0, ""475-500"": 0.0}",0.00,0.00,0.00,0.00,0.00,0.00,0.00,2026-02-17,,settlement_export
2026-02-18 10:00:00,2026/2/18 23:59:59 CT,2026-09-16,350-375,,,,300-325,36.49,"{""325-350"": 0.337393, ""350-375"": 0.109434, ""375-400"": 0.0, ""400-425"": 0.0, ""425-450"": 0.0, ""450-475"": 0.0, ""475-500"": 0.0}",33.74,10.94,0.00,0.00,0.00,0.00,0.00,2026-02-18,,settlement_export
2026-02-18 10:00:00,2026/2/18 23:59:59 CT,2026-10-28,350-375,,,,300-325,35.64,"{""325-350"": 0.266726, ""350-375"": 0.075509, ""375-400"": 0.0, ""400-425"": 0.0, ""425-450"": 0.0, ""450-475"": 0.0, ""475-500"": 0.0}",26.67,7.55,0.00,0.00,0.00,0.00,0.00,2026-02-18,,settlement_export
2026-02-18 10:00:00,2026/2/18 23:59:59 CT,2026-12-09,350-375,,,,300-325,32.52,"{""325-350"": 0.200154, ""350-375"": 0.049221, ""375-400"": 0.0, ""400-425"": 0.0, ""425-450"": 0.0, ""450-475"": 0.0, ""475-500"": 0.0}",20.02,4.92,0.00,0.00,0.00,0.00,0.00,2026-02-18,,settlement_export
2026-02-18 10:00:00,2026/2/18 23:59:59 CT,2027-01-27,350-375,,,,300-325,31.37,"{""325-350"": 0.186291, ""350-375"": 0.0447, ""375-400"": 0.0, ""400-425"": 0.0, ""425-450"": 0.0, ""450-475"": 0.0, ""475-500"": 0.0}",18.63,4.47,0.00,0.00,0.00,0.00,0.00,2026-02-18,,settlement_export
2026-02-18 10:00:00,2026/2/18 23:59:59 CT,2027-03-17,350-375,,,,300-325,30.24,"{""325-350"": 0.17375, ""350-375"": 0.040741, ""375-400"": 0.0, ""400-425"": 0.0, ""425-450"": 0.0, ""450-475"": 0.0, ""475-500"": 0.0}",17.38,4.07,0.00,0.00,0.00,0.00,0.00,2026-02-18,,settlement_export
2026-02-18 10:00:00,2026/2/18 23:59:59 CT,2027-04-28,350-375,,,,,0.00,"{""325-350"": 0.0, ""350-375"": 0.0, ""375-400"": 0.0, ""400-425"": 0.0, ""425-450"": 0.0, ""450-475"": 0.0, ""475-500"": 0.0}",0.00,0.00,0.00,0.00,0.00,0.00,0.00,2026-02-18,,settlement_export
2026-02-18 10:00:00,2026/2/18 23:59:59 CT,2027-06-09,350-375,,,,,0.00,"{""325-350"": 0.0, ""350-375"": 0.0, ""375-400"": 0.0, ""400-425"": 0.0, ""425-450"": 0.0, ""450-475"": 0.0, ""475-500"": 0.0}",0.00,0.00,0.00,0.00,0.00,0.00,0.00,2026-02-18,,settlement_export
2026-02-18 10:00:00,2026/2/18 23:59:59 CT,2027-07-28,350-375,,,,,0.00,"{""325-350"": 0.0, ""350-375"": 0.0, ""375-400"": 0.0, ""400-425"": 0.0, ""425-450"": 0.0, ""450-475"": 0.0, ""475-500"": 0.0}",0.00,0.00,0.00,0.00,0.00,0.00,0.00,2026-02-18,,settlement_export
2026-02-18 10:00:00,2026/2/18 23:59:59 CT,2027-09-15,350-375,,,,,0.00,"{""325-350"": 0.0, ""350-375"": 0.0, ""375-400"": 0.0, ""400-425"": 0.0, ""425-450"": 0.0, ""450-475"": 0.0, ""475-500"": 0.0}",0.00,0.00,0.00,0.00,0.00,0.00,0.00,2026-02-18,,settlement_export
2026-02-18 10:00:00,2026/2/18 23:59:59 CT,2027-10-27,350-375,,,,,0.00,"{""325-350"": 0.0, ""350-375"": 0.0, ""375-400"": 0.0, ""400-425"": 0.0, ""425-450"": 0.0, ""450-475"": 0.0, ""475-500"": 0.0}",0.00,0.00,0.00,0.00,0.00,0.00,0.00,2026-02-18,,settlement_export
2026-02-18 10:00:00,2026/2/18 23:59:59 CT,2027-12-08,350-375,,,,,0.00,"{""325-350"": 0.0, ""350-375"": 0.0, ""375-400"": 0.0, ""400-425"": 0.0, ""425-450"": 0.0, ""450-475"": 0.0, ""475-500"": 0.0}",0.00,0.00,0.00,0.00,0.00,0.00,0.00,2026-02-18,,settlement_export
2026-02-19 10:00:00,2026/2/19 23:59:59 CT,2026-09-16,350-375,,,,300-325,35.65,"{""325-350"": 0.349818, ""350-375"": 0.12082, ""375-400"": 0.0, ""400-425"": 0.0, ""425-450"": 0.0, ""450-475"": 0.0, ""475-500"": 0.0}",34.98,12.08,0.00,0.00,0.00,0.00,0.00,2026-02-19,,settlement_export
2026-02-19 10:00:00,2026/2/19 23:59:59 CT,2026-10-28,350-375,,,,300-325,35.41,"{""325-350"": 0.268687, ""350-375"": 0.078015, ""375-400"": 0.0, ""400-425"": 0.0, ""425-450"": 0.0, ""450-475"": 0.0, ""475-500"": 0.0}",26.87,7.80,0.00,0.00,0.00,0.00,0.00,2026-02-19,,settlement_export
2026-02-19 10:00:00,2026/2/19 23:59:59 CT,2026-12-09,350-375,,,,300-325,32.63,"{""325-350"": 0.206684, ""350-375"": 0.052646, ""375-400"": 0.0, ""400-425"": 0.0, ""425-450"": 0.0, ""450-475"": 0.0, ""475-500"": 0.0}",20.67,5.26,0.00,0.00,0.00,0.00,0.00,2026-02-19,,settlement_export
2026-02-19 10:00:00,2026/2/19 23:59:59 CT,2027-01-27,350-375,,,,300-325,31.26,"{""325-350"": 0.188998, ""350-375"": 0.046601, ""375-400"": 0.0, ""400-425"": 0.0, ""425-450"": 0.0, ""450-475"": 0.0, ""475-500"": 0.0}",18.90,4.66,0.00,0.00,0.00,0.00,0.00,2026-02-19,,settlement_export
2026-02-19 10:00:00,2026/2/19 23:59:59 CT,2027-03-17,350-375,,,,300-325,30.16,"{""325-350"": 0.176386, ""350-375"": 0.042474, ""375-400"": 0.0, ""400-425"": 0.0, ""425-450"": 0.0, ""450-475"": 0.0, ""475-500"": 0.0}",17.64,4.25,0.00,0.00,0.00,0.00,0.00,2026-02-19,,settlement_export
2026-02-19 10:00:00,2026/2/19 23:59:59 CT,2027-04-28,350-375,,,,,0.00,"{""325-350"": 0.0, ""350-375"": 0.0, ""375-400"": 0.0, ""400-425"": 0.0, ""425-450"": 0.0, ""450-475"": 0.0, ""475-500"": 0.0}",0.00,0.00,0.00,0.00,0.00,0.00,0.00,2026-02-19,,settlement_export
2026-02-19 10:00:00,2026/2/19 23:59:59 CT,2027-06-09,350-375,,,,,0.00,"{""325-350"": 0.0, ""350-375"": 0.0, ""375-400"": 0.0, ""400-425"": 0.0, ""425-450"": 0.0, ""450-475"": 0.0, ""475-500"": 0.0}",0.00,0.00,0.00,0.00,0.00,0.00,0.00,2026-02-19,,settlement_export
2026-02-19 10:00:00,2026/2/19 23:59:59 CT,2027-07-28,350-375,,,,,0.00,"{""325-350"": 0.0, ""350-375"": 0.0, ""375-400"": 0.0, ""400-425"": 0.0, ""425-450"": 0.0, ""450-475"": 0.0, ""475-500"": 0.0}",0.00,0.00,0.00,0.00,0.00,0.00,0.00,2026-02-19,,settlement_export
2026-02-19 10:00:00,2026/2/19 23:59:59 CT,2027-09-15,350-375,,,,,0.00,"{""325-350"": 0.0, ""350-375"": 0.0, ""375-400"": 0.0, ""400-425"": 0.0, ""425-450"": 0.0, ""450-475"": 0.0, ""475-500"": 0.0}",0.00,0.00,0.00,0.00,0.00,0.00,0.00,2026-02-19,,settlement_export
2026-02-19 10:00:00,2026/2/19 23:59:59 CT,2027-10-27,350-375,,,,,0.00,"{""325-350"": 0.0, ""350-375"": 0.0, ""375-400"": 0.0, ""400-425"": 0.0, ""425-450"": 0.0, ""450-475"": 0.0, ""475-500"": 0.0}",0.00,0.00,0.00,0.00,0.00,0.00,0.00,2026-02-19,,settlement_export
2026-02-19 10:00:00,2026/2/19 23:59:59 CT,2027-12-08,350-375,,,,,0.00,"{""325-350"": 0.0, ""350-375"": 0.0, ""375-400"": 0.0, ""400-425"": 0.0, ""425-450"": 0.0, ""450-475"": 0.0, ""475-500"": 0.0}",0.00,0.00,0.00,0.00,0.00,0.00,0.00,2026-02-19,,settlement_export
2026-02-20 10:00:00,2026/2/20 23:59:59 CT,2026-09-16,350-375,,,,325-350,36.97,"{""325-350"": 0.369732, ""350-375"": 0.133803, ""375-400"": 0.0, ""400-425"": 0.0, ""425-450"": 0.0, ""450-475"": 0.0, ""475-500"": 0.0}",36.97,13.38,0.00,0.00,0.00,0.00,0.00,2026-02-20,,settlement_export
2026-02-20 10:00:00,2026/2/20 23:59:59 CT,2026-10-28,350-375,,,,300-325,35.56,"{""325-350"": 0.29137, ""350-375"": 0.089361, ""375-400"": 0.0, ""400-425"": 0.0, ""425-450"": 0.0, ""450-475"": 0.0, ""475-500"": 0.0}",29.14,8.94,0.00,0.00,0.00,0.00,0.00,2026-02-20,,settlement_export
2026-02-20 10:00:00,2026/2/20 23:59:59 CT,2026-12-09,350-375,,,,300-325,33.22,"{""325-350"": 0.217599, ""350-375"": 0.056728, ""375-400"": 0.0, ""400-425"": 0.0, ""425-450"": 0.0, ""450-475"": 0.0, ""475-500"": 0.0}",21.76,5.67,0.00,0.00,0.00,0.00,0.00,2026-02-20,,settlement_export
2026-02-20 10:00:00,2026/2/20 23:59:59 CT,2027-01-27,350-375,,,,300-325,31.90,"{""325-350"": 0.199129, ""350-375"": 0.050215, ""375-400"": 0.0, ""400-425"": 0.0, ""425-450"": 0.0, ""450-475"": 0.0, ""475-500"": 0.0}",19.91,5.02,0.00,0.00,0.00,0.00,0.00,2026-02-20,,settlement_export
2026-02-20 10:00:00,2026/2/20 23:59:59 CT,2027-03-17,350-375,,,,300-325,30.84,"{""325-350"": 0.185939, ""350-375"": 0.045767, ""375-400"": 0.0, ""400-425"": 0.0, ""425-450"": 0.0, ""450-475"": 0.0, ""475-500"": 0.0}",18.59,4.58,0.00,0.00,0.00,0.00,0.00,2026-02-20,,settlement_export
2026-02-20 10:00:00,2026/2/20 23:59:59 CT,2027-04-28,350-375,,,,,0.00,"{""325-350"": 0.0, ""350-375"": 0.0, ""375-400"": 0.0, ""400-425"": 0.0, ""425-450"": 0.0, ""450-475"": 0.0, ""475-500"": 0.0}",0.00,0.00,0.00,0.00,0.00,0.00,0.00,2026-02-20,,settlement_export
2026-02-20 10:00:00,2026/2/20 23:59:59 CT,2027-06-09,350-375,,,,,0.00,"{""325-350"": 0.0, ""350-375"": 0.0, ""375-400"": 0.0, ""400-425"": 0.0, ""425-450"": 0.0, ""450-475"": 0.0, ""475-500"": 0.0}",0.00,0.00,0.00,0.00,0.00,0.00,0.00,2026-02-20,,settlement_export
2026-02-20 10:00:00,2026/2/20 23:59:59 CT,2027-07-28,350-375,,,,,0.00,"{""325-350"": 0.0, ""350-375"": 0.0, ""375-400"": 0.0, ""400-425"": 0.0, ""425-450"": 0.0, ""450-475"": 0.0, ""475-500"": 0.0}",0.00,0.00,0.00,0.00,0.00,0.00,0.00,2026-02-20,,settlement_export
2026-02-20 10:00:00,2026/2/20 23:59:59 CT,2027-09-15,350-375,,,,,0.00,"{""325-350"": 0.0, ""350-375"": 0.0, ""375-400"": 0.0, ""400-425"": 0.0, ""425-450"": 0.0, ""450-475"": 0.0, ""475-500"": 0.0}",0.00,0.00,0.00,0.00,0.00,0.00,0.00,2026-02-20,,settlement_export
2026-02-20 10:00:00,2026/2/20 23:59:59 CT,2027-10-27,350-375,,,,,0.00,"{""325-350"": 0.0, ""350-375"": 0.0, ""375-400"": 0.0, ""400-425"": 0.0, ""425-450"": 0.0, ""450-475"": 0.0, ""475-500"": 0.0}",0.00,0.00,0.00,0.00,0.00,0.00,0.00,2026-02-20,,settlement_export
2026-02-20 10:00:00,2026/2/20 23:59:59 CT,2027-12-08,350-375,,,,,0.00,"{""325-350"": 0.0, ""350-375"": 0.0, ""375-400"": 0.0, ""400-425"": 0.0, ""425-450"": 0.0, ""450-475"": 0.0, ""475-500"": 0.0}",0.00,0.00,0.00,0.00,0.00,0.00,0.00,2026-02-20,,settlement_export
2026-02-23 10:00:00,2026/2/23 23:59:59 CT,2026-09-16,350-375,,,,300-325,36.03,"{""325-350"": 0.351244, ""350-375"": 0.117393, ""375-400"": 0.0, ""400-425"": 0.0, ""425-450"": 0.0, ""450-475"": 0.0, ""475-500"": 0.0}",35.12,11.74,0.00,0.00,0.00,0.00,0.00,2026-02-23,,settlement_export
2026-02-23 10:00:00,2026/2/23 23:59:59 CT,2026-10-28,350-375,,,,300-325,35.73,"{""325-350"": 0.273572, ""350-375"": 0.078402, ""375-400"": 0.0, ""400-425"": 0.0, ""425-450"": 0.0, ""450-475"": 0.0, ""475-500"": 0.0}",27.36,7.84,0.00,0.00,0.00,0.00,0.00,2026-02-23,,settlement_export
2026-02-23 10:00:00,2026/2/23 23:59:59 CT,2026-12-09,350-375,,,,300-325,32.19,"{""325-350"": 0.191167, ""350-375"": 0.045299, ""375-400"": 0.0, ""400-425"": 0.0, ""425-450"": 0.0, ""450-475"": 0.0, ""475-500"": 0.0}",19.12,4.53,0.00,0.00,0.00,0.00,0.00,2026-02-23,,settlement_export
2026-02-23 10:00:00,2026/2/23 23:59:59 CT,2027-01-27,350-375,,,,300-325,30.39,"{""325-350"": 0.17107, ""350-375"": 0.039058, ""375-400"": 0.0, ""400-425"": 0.0, ""425-450"": 0.0, ""450-475"": 0.0, ""475-500"": 0.0}",17.11,3.91,0.00,0.00,0.00,0.00,0.00,2026-02-23,,settlement_export
2026-02-23 10:00:00,2026/2/23 23:59:59 CT,2027-03-17,350-375,,,,275-300,28.72,"{""325-350"": 0.147685, ""350-375"": 0.032139, ""375-400"": 0.0, ""400-425"": 0.0, ""425-450"": 0.0, ""450-475"": 0.0, ""475-500"": 0.0}",14.77,3.21,0.00,0.00,0.00,0.00,0.00,2026-02-23,,settlement_export
2026-02-23 10:00:00,2026/2/23 23:59:59 CT,2027-04-28,350-375,,,,,0.00,"{""325-350"": 0.0, ""350-375"": 0.0, ""375-400"": 0.0, ""400-425"": 0.0, ""425-450"": 0.0, ""450-475"": 0.0, ""475-500"": 0.0}",0.00,0.00,0.00,0.00,0.00,0.00,0.00,2026-02-23,,settlement_export
2026-02-23 10:00:00,2026/2/23 23:59:59 CT,2027-06-09,350-375,,,,,0.00,"{""325-350"": 0.0, ""350-375"": 0.0, ""375-400"": 0.0, ""400-425"": 0.0, ""425-450"": 0.0, ""450-475"": 0.0, ""475-500"": 0.0}",0.00,0.00,0.00,0.00,0.00,0.00,0.00,2026-02-23,,settlement_export
2026-02-23 10:00:00,2026/2/23 23:59:59 CT,2027-07-28,350-375,,,,,0.00,"{""325-350"": 0.0, ""350-375"": 0.0, ""375-400"": 0.0, ""400-425"": 0.0, ""425-450"": 0.0, ""450-475"": 0.0, ""475-500"": 0.0}",0.00,0.00,0.00,0.00,0.00,0.00,0.00,2026-02-23,,settlement_export
2026-02-23 10:00:00,2026/2/23 23:59:59 CT,2027-09-15,350-375,,,,,0.00,"{""325-350"": 0.0, ""350-375"": 0.0, ""375-400"": 0.0, ""400-425"": 0.0, ""425-450"": 0.0, ""450-475"": 0.0, ""475-500"": 0.0}",0.00,0.00,0.00,0.00,0.00,0.00,0.00,2026-02-23,,settlement_export
2026-02-23 10:00:00,2026/2/23 23:59:59 CT,2027-10-27,350-375,,,,,0.00,"{""325-350"": 0.0, ""350-375"": 0.0, ""375-400"": 0.0, ""400-425"": 0.0, ""425-450"": 0.0, ""450-475"": 0.0, ""475-500"": 0.0}",0.00,0.00,0.00,0.00,0.00,0.00,0.00,2026-02-23,,settlement_export
2026-02-23 10:00:00,2026/2/23 23:59:59 CT,2027-12-08,350-375,,,,,0.00,"{""325-350"": 0.0, ""350-375"": 0.0, ""375-400"": 0.0, ""400-425"": 0.0, ""425-450"": 0.0, ""450-475"": 0.0, ""475-500"": 0.0}",0.00,0.00,0.00,0.00,0.00,0.00,0.00,2026-02-23,,settlement_export
2026-02-24 10:00:00,2026/2/24 23:59:59 CT,2026-09-16,350-375,,,,325-350,37.96,"{""325-350"": 0.379608, ""350-375"": 0.146448, ""375-400"": 0.0, ""400-425"": 0.0, ""425-450"": 0.0, ""450-475"": 0.0, ""475-500"": 0.0}",37.96,14.64,0.00,0.00,0.00,0.00,0.00,2026-02-24,,settlement_export
2026-02-24 10:00:00,2026/2/24 23:59:59 CT,2026-10-28,350-375,,,,300-325,35.21,"{""325-350"": 0.302166, ""350-375"": 0.097806, ""375-400"": 0.0, ""400-425"": 0.0, ""425-450"": 0.0, ""450-475"": 0.0, ""475-500"": 0.0}",30.22,9.78,0.00,0.00,0.00,0.00,0.00,2026-02-24,,settlement_export
2026-02-24 10:00:00,2026/2/24 23:59:59 CT,2026-12-09,350-375,,,,300-325,33.20,"{""325-350"": 0.219968, ""350-375"": 0.058466, ""375-400"": 0.0, ""400-425"": 0.0, ""425-450"": 0.0, ""450-475"": 0.0, ""475-500"": 0.0}",22.00,5.85,0.00,0.00,0.00,0.00,0.00,2026-02-24,,settlement_export
2026-02-24 10:00:00,2026/2/24 23:59:59 CT,2027-01-27,350-375,,,,300-325,31.66,"{""325-350"": 0.197717, ""350-375"": 0.050411, ""375-400"": 0.0, ""400-425"": 0.0, ""425-450"": 0.0, ""450-475"": 0.0, ""475-500"": 0.0}",19.77,5.04,0.00,0.00,0.00,0.00,0.00,2026-02-24,,settlement_export
2026-02-24 10:00:00,2026/2/24 23:59:59 CT,2027-03-17,350-375,,,,300-325,29.55,"{""325-350"": 0.171622, ""350-375"": 0.041481, ""375-400"": 0.0, ""400-425"": 0.0, ""425-450"": 0.0, ""450-475"": 0.0, ""475-500"": 0.0}",17.16,4.15,0.00,0.00,0.00,0.00,0.00,2026-02-24,,settlement_export
2026-02-24 10:00:00,2026/2/24 23:59:59 CT,2027-04-28,350-375,,,,,0.00,"{""325-350"": 0.0, ""350-375"": 0.0, ""375-400"": 0.0, ""400-425"": 0.0, ""425-450"": 0.0, ""450-475"": 0.0, ""475-500"": 0.0}",0.00,0.00,0.00,0.00,0.00,0.00,0.00,2026-02-24,,settlement_export
2026-02-24 10:00:00,2026/2/24 23:59:59 CT,2027-06-09,350-375,,,,,0.00,"{""325-350"": 0.0, ""350-375"": 0.0, ""375-400"": 0.0, ""400-425"": 0.0, ""425-450"": 0.0, ""450-475"": 0.0, ""475-500"": 0.0}",0.00,0.00,0.00,0.00,0.00,0.00,0.00,2026-02-24,,settlement_export
2026-02-24 10:00:00,2026/2/24 23:59:59 CT,2027-07-28,350-375,,,,,0.00,"{""325-350"": 0.0, ""350-375"": 0.0, ""375-400"": 0.0, ""400-425"": 0.0, ""425-450"": 0.0, ""450-475"": 0.0, ""475-500"": 0.0}",0.00,0.00,0.00,0.00,0.00,0.00,0.00,2026-02-24,,settlement_export
2026-02-24 10:00:00,2026/2/24 23:59:59 CT,2027-09-15,350-375,,,,,0.00,"{""325-350"": 0.0, ""350-375"": 0.0, ""375-400"": 0.0, ""400-425"": 0.0, ""425-450"": 0.0, ""450-475"": 0.0, ""475-500"": 0.0}",0.00,0.00,0.00,0.00,0.00,0.00,0.00,2026-02-24,,settlement_export
2026-02-24 10:00:00,2026/2/24 23:59:59 CT,2027-10-27,350-375,,,,,0.00,"{""325-350"": 0.0, ""350-375"": 0.0, ""375-400"": 0.0, ""400-425"": 0.0, ""425-450"": 0.0, ""450-475"": 0.0, ""475-500"": 0.0}",0.00,0.00,0.00,0.00,0.00,0.00,0.00,2026-02-24,,settlement_export
2026-02-24 10:00:00,2026/2/24 23:59:59 CT,2027-12-08,350-375,,,,,0.00,"{""325-350"": 0.0, ""350-375"": 0.0, ""375-400"": 0.0, ""400-425"": 0.0, ""425-450"": 0.0, ""450-475"": 0.0, ""475-500"": 0.0}",0.00,0.00,0.00,0.00,0.00,0.00,0.00,2026-02-24,,settlement_export
2026-02-25 10:00:00,2026/2/25 23:59:59 CT,2026-09-16,350-375,,,,325-350,39.53,"{""325-350"": 0.395299, ""350-375"": 0.162562, ""375-400"": 0.0, ""400-425"": 0.0, ""425-450"": 0.0, ""450-475"": 0.0, ""475-500"": 0.0}",39.53,16.26,0.00,0.00,0.00,0.00,0.00,2026-02-25,,settlement_export
2026-02-25 10:00:00,2026/2/25 23:59:59 CT,2026-10-28,350-375,,,,300-325,34.61,"{""325-350"": 0.323151, ""350-375"": 0.112168, ""375-400"": 0.0, ""400-425"": 0.0, ""425-450"": 0.0, ""450-475"": 0.0, ""475-500"": 0.0}",32.32,11.22,0.00,0.00,0.00,0.00,0.00,2026-02-25,,settlement_export
2026-02-25 10:00:00,2026/2/25 23:59:59 CT,2026-12-09,350-375,,,,300-325,33.68,"{""325-350"": 0.237664, ""350-375"": 0.066719, ""375-400"": 0.0, ""400-425"": 0.0, ""425-450"": 0.0, ""450-475"": 0.0, ""475-500"": 0.0}",23.77,6.67,0.00,0.00,0.00,0.00,0.00,2026-02-25,,settlement_export
2026-02-25 10:00:00,2026/2/25 23:59:59 CT,2027-01-27,350-375,,,,300-325,32.54,"{""325-350"": 0.218037, ""350-375"": 0.059059, ""375-400"": 0.0, ""400-425"": 0.0, ""425-450"": 0.0, ""450-475"": 0.0, ""475-500"": 0.0}",21.80,5.91,0.00,0.00,0.00,0.00,0.00,2026-02-25,,settlement_export
2026-02-25 10:00:00,2026/2/25 23:59:59 CT,2027-03-17,350-375,,,,300-325,31.12,"{""325-350"": 0.196915, ""350-375"": 0.051212, ""375-400"": 0.0, ""400-425"": 0.0, ""425-450"": 0.0, ""450-475"": 0.0, ""475-500"": 0.0}",19.69,5.12,0.00,0.00,0.00,0.00,0.00,2026-02-25,,settlement_export
2026-02-25 10:00:00,2026/2/25 23:59:59 CT,2027-04-28,350-375,,,,,0.00,"{""325-350"": 0.0, ""350-375"": 0.0, ""375-400"": 0.0, ""400-425"": 0.0, ""425-450"": 0.0, ""450-475"": 0.0, ""475-500"": 0.0}",0.00,0.00,0.00,0.00,0.00,0.00,0.00,2026-02-25,,settlement_export
2026-02-25 10:00:00,2026/2/25 23:59:59 CT,2027-06-09,350-375,,,,,0.00,"{""325-350"": 0.0, ""350-375"": 0.0, ""375-400"": 0.0, ""400-425"": 0.0, ""425-450"": 0.0, ""450-475"": 0.0, ""475-500"": 0.0}",0.00,0.00,0.00,0.00,0.00,0.00,0.00,2026-02-25,,settlement_export
2026-02-25 10:00:00,2026/2/25 23:59:59 CT,2027-07-28,350-375,,,,,0.00,"{""325-350"": 0.0, ""350-375"": 0.0, ""375-400"": 0.0, ""400-425"": 0.0, ""425-450"": 0.0, ""450-475"": 0.0, ""475-500"": 0.0}",0.00,0.00,0.00,0.00,0.00,0.00,0.00,2026-02-25,,settlement_export
2026-02-25 10:00:00,2026/2/25 23:59:59 CT,2027-09-15,350-375,,,,,0.00,"{""325-350"": 0.0, ""350-375"": 0.0, ""375-400"": 0.0, ""400-425"": 0.0, ""425-450"": 0.0, ""450-475"": 0.0, ""475-500"": 0.0}",0.00,0.00,0.00,0.00,0.00,0.00,0.00,2026-02-25,,settlement_export
2026-02-25 10:00:00,2026/2/25 23:59:59 CT,2027-10-27,350-375,,,,,0.00,"{""325-350"": 0.0, ""350-375"": 0.0, ""375-400"": 0.0, ""400-425"": 0.0, ""425-450"": 0.0, ""450-475"": 0.0, ""475-500"": 0.0}",0.00,0.00,0.00,0.00,0.00,0.00,0.00,2026-02-25,,settlement_export
2026-02-25 10:00:00,2026/2/25 23:59:59 CT,2027-12-08,350-375,,,,,0.00,"{""325-350"": 0.0, ""350-375"": 0.0, ""375-400"": 0.0, ""400-425"": 0.0, ""425-450"": 0.0, ""450-475"": 0.0, ""475-500"": 0.0}",0.00,0.00,0.00,0.00,0.00,0.00,0.00,2026-02-25,,settlement_export
2026-02-26 10:00:00,2026/2/26 23:59:59 CT,2026-09-16,350-375,,,,325-350,38.84,"{""325-350"": 0.388411, ""350-375"": 0.157906, ""375-400"": 0.0, ""400-425"": 0.0, ""425-450"": 0.0, ""450-475"": 0.0, ""475-500"": 0.0}",38.84,15.79,0.00,0.00,0.00,0.00,0.00,2026-02-26,,settlement_export
2026-02-26 10:00:00,2026/2/26 23:59:59 CT,2026-10-28,350-375,,,,300-325,34.71,"{""325-350"": 0.311851, ""350-375"": 0.105459, ""375-400"": 0.0, ""400-425"": 0.0, ""425-450"": 0.0, ""450-475"": 0.0, ""475-500"": 0.0}",31.19,10.55,0.00,0.00,0.00,0.00,0.00,2026-02-26,,settlement_export
2026-02-26 10:00:00,2026/2/26 23:59:59 CT,2026-12-09,350-375,,,,300-325,33.14,"{""325-350"": 0.219968, ""350-375"": 0.05851, ""375-400"": 0.0, ""400-425"": 0.0, ""425-450"": 0.0, ""450-475"": 0.0, ""475-500"": 0.0}",22.00,5.85,0.00,0.00,0.00,0.00,0.00,2026-02-26,,settlement_export
2026-02-26 10:00:00,2026/2/26 23:59:59 CT,2027-01-27,350-375,,,,300-325,31.86,"{""325-350"": 0.20143, ""350-375"": 0.051792, ""375-400"": 0.0, ""400-425"": 0.0, ""425-450"": 0.0, ""450-475"": 0.0, ""475-500"": 0.0}",20.14,5.18,0.00,0.00,0.00,0.00,0.00,2026-02-26,,settlement_export
2026-02-26 10:00:00,2026/2/26 23:59:59 CT,2027-03-17,350-375,,,,300-325,30.31,"{""325-350"": 0.18155, ""350-375"": 0.044911, ""375-400"": 0.0, ""400-425"": 0.0, ""425-450"": 0.0, ""450-475"": 0.0, ""475-500"": 0.0}",18.15,4.49,0.00,0.00,0.00,0.00,0.00,2026-02-26,,settlement_export
2026-02-26 10:00:00,2026/2/26 23:59:59 CT,2027-04-28,350-375,,,,,0.00,"{""325-350"": 0.0, ""350-375"": 0.0, ""375-400"": 0.0, ""400-425"": 0.0, ""425-450"": 0.0, ""450-475"": 0.0, ""475-500"": 0.0}",0.00,0.00,0.00,0.00,0.00,0.00,0.00,2026-02-26,,settlement_export
2026-02-26 10:00:00,2026/2/26 23:59:59 CT,2027-06-09,350-375,,,,,0.00,"{""325-350"": 0.0, ""350-375"": 0.0, ""375-400"": 0.0, ""400-425"": 0.0, ""425-450"": 0.0, ""450-475"": 0.0, ""475-500"": 0.0}",0.00,0.00,0.00,0.00,0.00,0.00,0.00,2026-02-26,,settlement_export
2026-02-26 10:00:00,2026/2/26 23:59:59 CT,2027-07-28,350-375,,,,,0.00,"{""325-350"": 0.0, ""350-375"": 0.0, ""375-400"": 0.0, ""400-425"": 0.0, ""425-450"": 0.0, ""450-475"": 0.0, ""475-500"": 0.0}",0.00,0.00,0.00,0.00,0.00,0.00,0.00,2026-02-26,,settlement_export
2026-02-26 10:00:00,2026/2/26 23:59:59 CT,2027-09-15,350-375,,,,,0.00,"{""325-350"": 0.0, ""350-375"": 0.0, ""375-400"": 0.0, ""400-425"": 0.0, ""425-450"": 0.0, ""450-475"": 0.0, ""475-500"": 0.0}",0.00,0.00,0.00,0.00,0.00,0.00,0.00,2026-02-26,,settlement_export
2026-02-26 10:00:00,2026/2/26 23:59:59 CT,2027-10-27,350-375,,,,,0.00,"{""325-350"": 0.0, ""350-375"": 0.0, ""375-400"": 0.0, ""400-425"": 0.0, ""425-450"": 0.0, ""450-475"": 0.0, ""475-500"": 0.0}",0.00,0.00,0.00,0.00,0.00,0.00,0.00,2026-02-26,,settlement_export
2026-02-26 10:00:00,2026/2/26 23:59:59 CT,2027-12-08,350-375,,,,,0.00,"{""325-350"": 0.0, ""350-375"": 0.0, ""375-400"": 0.0, ""400-425"": 0.0, ""425-450"": 0.0, ""450-475"": 0.0, ""475-500"": 0.0}",0.00,0.00,0.00,0.00,0.00,0.00,0.00,2026-02-26,,settlement_export
2026-02-27 10:00:00,2026/2/27 23:59:59 CT,2026-09-16,350-375,,,,300-325,36.06,"{""325-350"": 0.337327, ""350-375"": 0.110598, ""375-400"": 0.0, ""400-425"": 0.0, ""425-450"": 0.0, ""450-475"": 0.0, ""475-500"": 0.0}",33.73,11.06,0.00,0.00,0.00,0.00,0.00,2026-02-27,,settlement_export
2026-02-27 10:00:00,2026/2/27 23:59:59 CT,2026-10-28,350-375,,,,300-325,35.19,"{""325-350"": 0.251979, ""350-375"": 0.068965, ""375-400"": 0.0, ""400-425"": 0.0, ""425-450"": 0.0, ""450-475"": 0.0, ""475-500"": 0.0}",25.20,6.90,0.00,0.00,0.00,0.00,0.00,2026-02-27,,settlement_export
2026-02-27 10:00:00,2026/2/27 23:59:59 CT,2026-12-09,350-375,,,,300-325,30.80,"{""325-350"": 0.171589, ""350-375"": 0.038672, ""375-400"": 0.0, ""400-425"": 0.0, ""425-450"": 0.0, ""450-475"": 0.0, ""475-500"": 0.0}",17.16,3.87,0.00,0.00,0.00,0.00,0.00,2026-02-27,,settlement_export
2026-02-27 10:00:00,2026/2/27 23:59:59 CT,2027-01-27,350-375,,,,275-300,29.07,"{""325-350"": 0.150224, ""350-375"": 0.032456, ""375-400"": 0.0, ""400-425"": 0.0, ""425-450"": 0.0, ""450-475"": 0.0, ""475-500"": 0.0}",15.02,3.25,0.00,0.00,0.00,0.00,0.00,2026-02-27,,settlement_export
2026-02-27 10:00:00,2026/2/27 23:59:59 CT,2027-03-17,350-375,,,,275-300,28.99,"{""325-350"": 0.129362, ""350-375"": 0.026706, ""375-400"": 0.0, ""400-425"": 0.0, ""425-450"": 0.0, ""450-475"": 0.0, ""475-500"": 0.0}",12.94,2.67,0.00,0.00,0.00,0.00,0.00,2026-02-27,,settlement_export
2026-02-27 10:00:00,2026/2/27 23:59:59 CT,2027-04-28,350-375,,,,,0.00,"{""325-350"": 0.0, ""350-375"": 0.0, ""375-400"": 0.0, ""400-425"": 0.0, ""425-450"": 0.0, ""450-475"": 0.0, ""475-500"": 0.0}",0.00,0.00,0.00,0.00,0.00,0.00,0.00,2026-02-27,,settlement_export
2026-02-27 10:00:00,2026/2/27 23:59:59 CT,2027-06-09,350-375,,,,,0.00,"{""325-350"": 0.0, ""350-375"": 0.0, ""375-400"": 0.0, ""400-425"": 0.0, ""425-450"": 0.0, ""450-475"": 0.0, ""475-500"": 0.0}",0.00,0.00,0.00,0.00,0.00,0.00,0.00,2026-02-27,,settlement_export
2026-02-27 10:00:00,2026/2/27 23:59:59 CT,2027-07-28,350-375,,,,,0.00,"{""325-350"": 0.0, ""350-375"": 0.0, ""375-400"": 0.0, ""400-425"": 0.0, ""425-450"": 0.0, ""450-475"": 0.0, ""475-500"": 0.0}",0.00,0.00,0.00,0.00,0.00,0.00,0.00,2026-02-27,,settlement_export
2026-02-27 10:00:00,2026/2/27 23:59:59 CT,2027-09-15,350-375,,,,,0.00,"{""325-350"": 0.0, ""350-375"": 0.0, ""375-400"": 0.0, ""400-425"": 0.0, ""425-450"": 0.0, ""450-475"": 0.0, ""475-500"": 0.0}",0.00,0.00,0.00,0.00,0.00,0.00,0.00,2026-02-27,,settlement_export
2026-02-27 10:00:00,2026/2/27 23:59:59 CT,2027-10-27,350-375,,,,,0.00,"{""325-350"": 0.0, ""350-375"": 0.0, ""375-400"": 0.0, ""400-425"": 0.0, ""425-450"": 0.0, ""450-475"": 0.0, ""475-500"": 0.0}",0.00,0.00,0.00,0.00,0.00,0.00,0.00,2026-02-27,,settlement_export
2026-02-27 10:00:00,2026/2/27 23:59:59 CT,2027-12-08,350-375,,,,,0.00,"{""325-350"": 0.0, ""350-375"": 0.0, ""375-400"": 0.0, ""400-425"": 0.0, ""425-450"": 0.0, ""450-475"": 0.0, ""475-500"": 0.0}",0.00,0.00,0.00,0.00,0.00,0.00,0.00,2026-02-27,,settlement_export
2026-03-02 10:00:00,2026/3/2 23:59:59 CT,2026-09-16,350-375,,,,325-350,40.72,"{""325-350"": 0.407233, ""350-375"": 0.187439, ""375-400"": 0.0, ""400-425"": 0.0, ""425-450"": 0.0, ""450-475"": 0.0, ""475-500"": 0.0}",40.72,18.74,0.00,0.00,0.00,0.00,0.00,2026-03-02,,settlement_export
2026-03-02 10:00:00,2026/3/2 23:59:59 CT,2026-10-28,350-375,,,,325-350,33.91,"{""325-350"": 0.339097, ""350-375"": 0.129333, ""375-400"": 0.0, ""400-425"": 0.0, ""425-450"": 0.0, ""450-475"": 0.0, ""475-500"": 0.0}",33.91,12.93,0.00,0.00,0.00,0.00,0.00,2026-03-02,,settlement_export
2026-03-02 10:00:00,2026/3/2 23:59:59 CT,2026-12-09,350-375,,,,300-325,33.70,"{""325-350"": 0.258299, ""350-375"": 0.079516, ""375-400"": 0.0, ""400-425"": 0.0, ""425-450"": 0.0, ""450-475"": 0.0, ""475-500"": 0.0}",25.83,7.95,0.00,0.00,0.00,0.00,0.00,2026-03-02,,settlement_export
2026-03-02 10:00:00,2026/3/2 23:59:59 CT,2027-01-27,350-375,,,,300-325,32.79,"{""325-350"": 0.237772, ""350-375"": 0.070386, ""375-400"": 0.0, ""400-425"": 0.0, ""425-450"": 0.0, ""450-475"": 0.0, ""475-500"": 0.0}",23.78,7.04,0.00,0.00,0.00,0.00,0.00,2026-03-02,,settlement_export
2026-03-02 10:00:00,2026/3/2 23:59:59 CT,2027-03-17,350-375,,,,300-325,31.20,"{""325-350"": 0.208121, ""350-375"": 0.057918, ""375-400"": 0.0, ""400-425"": 0.0, ""425-450"": 0.0, ""450-475"": 0.0, ""475-500"": 0.0}",20.81,5.79,0.00,0.00,0.00,0.00,0.00,2026-03-02,,settlement_export
2026-03-02 10:00:00,2026/3/2 23:59:59 CT,2027-04-28,350-375,,,,,0.00,"{""325-350"": 0.0, ""350-375"": 0.0, ""375-400"": 0.0, ""400-425"": 0.0, ""425-450"": 0.0, ""450-475"": 0.0, ""475-500"": 0.0}",0.00,0.00,0.00,0.00,0.00,0.00,0.00,2026-03-02,,settlement_export
2026-03-02 10:00:00,2026/3/2 23:59:59 CT,2027-06-09,350-375,,,,,0.00,"{""325-350"": 0.0, ""350-375"": 0.0, ""375-400"": 0.0, ""400-425"": 0.0, ""425-450"": 0.0, ""450-475"": 0.0, ""475-500"": 0.0}",0.00,0.00,0.00,0.00,0.00,0.00,0.00,2026-03-02,,settlement_export
2026-03-02 10:00:00,2026/3/2 23:59:59 CT,2027-07-28,350-375,,,,,0.00,"{""325-350"": 0.0, ""350-375"": 0.0, ""375-400"": 0.0, ""400-425"": 0.0, ""425-450"": 0.0, ""450-475"": 0.0, ""475-500"": 0.0}",0.00,0.00,0.00,0.00,0.00,0.00,0.00,2026-03-02,,settlement_export
2026-03-02 10:00:00,2026/3/2 23:59:59 CT,2027-09-15,350-375,,,,,0.00,"{""325-350"": 0.0, ""350-375"": 0.0, ""375-400"": 0.0, ""400-425"": 0.0, ""425-450"": 0.0, ""450-475"": 0.0, ""475-500"": 0.0}",0.00,0.00,0.00,0.00,0.00,0.00,0.00,2026-03-02,,settlement_export
2026-03-02 10:00:00,2026/3/2 23:59:59 CT,2027-10-27,350-375,,,,,0.00,"{""325-350"": 0.0, ""350-375"": 0.0, ""375-400"": 0.0, ""400-425"": 0.0, ""425-450"": 0.0, ""450-475"": 0.0, ""475-500"": 0.0}",0.00,0.00,0.00,0.00,0.00,0.00,0.00,2026-03-02,,settlement_export
2026-03-02 10:00:00,2026/3/2 23:59:59 CT,2027-12-08,350-375,,,,,0.00,"{""325-350"": 0.0, ""350-375"": 0.0, ""375-400"": 0.0, ""400-425"": 0.0, ""425-450"": 0.0, ""450-475"": 0.0, ""475-500"": 0.0}",0.00,0.00,0.00,0.00,0.00,0.00,0.00,2026-03-02,,settlement_export
2026-03-03 10:00:00,2026/3/3 23:59:59 CT,2026-09-16,350-375,,,,325-350,41.43,"{""325-350"": 0.414288, ""350-375"": 0.214406, ""375-400"": 0.0, ""400-425"": 0.0, ""425-450"": 0.0, ""450-475"": 0.0, ""475-500"": 0.0}",41.43,21.44,0.00,0.00,0.00,0.00,0.00,2026-03-03,,settlement_export
2026-03-03 10:00:00,2026/3/3 23:59:59 CT,2026-10-28,350-375,,,,325-350,36.12,"{""325-350"": 0.361177, ""350-375"": 0.157436, ""375-400"": 0.0, ""400-425"": 0.0, ""425-450"": 0.0, ""450-475"": 0.0, ""475-500"": 0.0}",36.12,15.74,0.00,0.00,0.00,0.00,0.00,2026-03-03,,settlement_export
2026-03-03 10:00:00,2026/3/3 23:59:59 CT,2026-12-09,350-375,,,,300-325,33.36,"{""325-350"": 0.28617, ""350-375"": 0.099476, ""375-400"": 0.0, ""400-425"": 0.0, ""425-450"": 0.0, ""450-475"": 0.0, ""475-500"": 0.0}",28.62,9.95,0.00,0.00,0.00,0.00,0.00,2026-03-03,,settlement_export
2026-03-03 10:00:00,2026/3/3 23:59:59 CT,2027-01-27,350-375,,,,300-325,32.93,"{""325-350"": 0.269022, ""350-375"": 0.090339, ""375-400"": 0.0, ""400-425"": 0.0, ""425-450"": 0.0, ""450-475"": 0.0, ""475-500"": 0.0}",26.90,9.03,0.00,0.00,0.00,0.00,0.00,2026-03-03,,settlement_export
2026-03-03 10:00:00,2026/3/3 23:59:59 CT,2027-03-17,350-375,,,,300-325,31.86,"{""325-350"": 0.237369, ""350-375"": 0.074336, ""375-400"": 0.0, ""400-425"": 0.0, ""425-450"": 0.0, ""450-475"": 0.0, ""475-500"": 0.0}",23.74,7.43,0.00,0.00,0.00,0.00,0.00,2026-03-03,,settlement_export
2026-03-03 10:00:00,2026/3/3 23:59:59 CT,2027-04-28,350-375,,,,,0.00,"{""325-350"": 0.0, ""350-375"": 0.0, ""375-400"": 0.0, ""400-425"": 0.0, ""425-450"": 0.0, ""450-475"": 0.0, ""475-500"": 0.0}",0.00,0.00,0.00,0.00,0.00,0.00,0.00,2026-03-03,,settlement_export
2026-03-03 10:00:00,2026/3/3 23:59:59 CT,2027-06-09,350-375,,,,,0.00,"{""325-350"": 0.0, ""350-375"": 0.0, ""375-400"": 0.0, ""400-425"": 0.0, ""425-450"": 0.0, ""450-475"": 0.0, ""475-500"": 0.0}",0.00,0.00,0.00,0.00,0.00,0.00,0.00,2026-03-03,,settlement_export
2026-03-03 10:00:00,2026/3/3 23:59:59 CT,2027-07-28,350-375,,,,,0.00,"{""325-350"": 0.0, ""350-375"": 0.0, ""375-400"": 0.0, ""400-425"": 0.0, ""425-450"": 0.0, ""450-475"": 0.0, ""475-500"": 0.0}",0.00,0.00,0.00,0.00,0.00,0.00,0.00,2026-03-03,,settlement_export
2026-03-03 10:00:00,2026/3/3 23:59:59 CT,2027-09-15,350-375,,,,,0.00,"{""325-350"": 0.0, ""350-375"": 0.0, ""375-400"": 0.0, ""400-425"": 0.0, ""425-450"": 0.0, ""450-475"": 0.0, ""475-500"": 0.0}",0.00,0.00,0.00,0.00,0.00,0.00,0.00,2026-03-03,,settlement_export
2026-03-03 10:00:00,2026/3/3 23:59:59 CT,2027-10-27,350-375,,,,,0.00,"{""325-350"": 0.0, ""350-375"": 0.0, ""375-400"": 0.0, ""400-425"": 0.0, ""425-450"": 0.0, ""450-475"": 0.0, ""475-500"": 0.0}",0.00,0.00,0.00,0.00,0.00,0.00,0.00,2026-03-03,,settlement_export
2026-03-03 10:00:00,2026/3/3 23:59:59 CT,2027-12-08,350-375,,,,,0.00,"{""325-350"": 0.0, ""350-375"": 0.0, ""375-400"": 0.0, ""400-425"": 0.0, ""425-450"": 0.0, ""450-475"": 0.0, ""475-500"": 0.0}",0.00,0.00,0.00,0.00,0.00,0.00,0.00,2026-03-03,,settlement_export
2026-03-04 10:00:00,2026/3/4 23:59:59 CT,2026-09-16,350-375,,,,325-350,43.79,"{""325-350"": 0.437911, ""350-375"": 0.272981, ""375-400"": 0.0, ""400-425"": 0.0, ""425-450"": 0.0, ""450-475"": 0.0, ""475-500"": 0.0}",43.79,27.30,0.00,0.00,0.00,0.00,0.00,2026-03-04,,settlement_export
2026-03-04 10:00:00,2026/3/4 23:59:59 CT,2026-10-28,350-375,,,,325-350,39.41,"{""325-350"": 0.394087, ""350-375"": 0.200446, ""375-400"": 0.0, ""400-425"": 0.0, ""425-450"": 0.0, ""450-475"": 0.0, ""475-500"": 0.0}",39.41,20.04,0.00,0.00,0.00,0.00,0.00,2026-03-04,,settlement_export
2026-03-04 10:00:00,2026/3/4 23:59:59 CT,2026-12-09,350-375,,,,300-325,32.75,"{""325-350"": 0.322798, ""350-375"": 0.126652, ""375-400"": 0.0, ""400-425"": 0.0, ""425-450"": 0.0, ""450-475"": 0.0, ""475-500"": 0.0}",32.28,12.67,0.00,0.00,0.00,0.00,0.00,2026-03-04,,settlement_export
2026-03-04 10:00:00,2026/3/4 23:59:59 CT,2027-01-27,350-375,,,,300-325,32.71,"{""325-350"": 0.304782, ""350-375"": 0.115019, ""375-400"": 0.0, ""400-425"": 0.0, ""425-450"": 0.0, ""450-475"": 0.0, ""475-500"": 0.0}",30.48,11.50,0.00,0.00,0.00,0.00,0.00,2026-03-04,,settlement_export
2026-03-04 10:00:00,2026/3/4 23:59:59 CT,2027-03-17,350-375,,,,300-325,32.32,"{""325-350"": 0.271167, ""350-375"": 0.094644, ""375-400"": 0.0, ""400-425"": 0.0, ""425-450"": 0.0, ""450-475"": 0.0, ""475-500"": 0.0}",27.12,9.46,0.00,0.00,0.00,0.00,0.00,2026-03-04,,settlement_export
2026-03-04 10:00:00,2026/3/4 23:59:59 CT,2027-04-28,350-375,,,,,0.00,"{""325-350"": 0.0, ""350-375"": 0.0, ""375-400"": 0.0, ""400-425"": 0.0, ""425-450"": 0.0, ""450-475"": 0.0, ""475-500"": 0.0}",0.00,0.00,0.00,0.00,0.00,0.00,0.00,2026-03-04,,settlement_export
2026-03-04 10:00:00,2026/3/4 23:59:59 CT,2027-06-09,350-375,,,,,0.00,"{""325-350"": 0.0, ""350-375"": 0.0, ""375-400"": 0.0, ""400-425"": 0.0, ""425-450"": 0.0, ""450-475"": 0.0, ""475-500"": 0.0}",0.00,0.00,0.00,0.00,0.00,0.00,0.00,2026-03-04,,settlement_export
2026-03-04 10:00:00,2026/3/4 23:59:59 CT,2027-07-28,350-375,,,,,0.00,"{""325-350"": 0.0, ""350-375"": 0.0, ""375-400"": 0.0, ""400-425"": 0.0, ""425-450"": 0.0, ""450-475"": 0.0, ""475-500"": 0.0}",0.00,0.00,0.00,0.00,0.00,0.00,0.00,2026-03-04,,settlement_export
2026-03-04 10:00:00,2026/3/4 23:59:59 CT,2027-09-15,350-375,,,,,0.00,"{""325-350"": 0.0, ""350-375"": 0.0, ""375-400"": 0.0, ""400-425"": 0.0, ""425-450"": 0.0, ""450-475"": 0.0, ""475-500"": 0.0}",0.00,0.00,0.00,0.00,0.00,0.00,0.00,2026-03-04,,settlement_export
2026-03-04 10:00:00,2026/3/4 23:59:59 CT,2027-10-27,350-375,,,,,0.00,"{""325-350"": 0.0, ""350-375"": 0.0, ""375-400"": 0.0, ""400-425"": 0.0, ""425-450"": 0.0, ""450-475"": 0.0, ""475-500"": 0.0}",0.00,0.00,0.00,0.00,0.00,0.00,0.00,2026-03-04,,settlement_export
2026-03-04 10:00:00,2026/3/4 23:59:59 CT,2027-12-08,350-375,,,,,0.00,"{""325-350"": 0.0, ""350-375"": 0.0, ""375-400"": 0.0, ""400-425"": 0.0, ""425-450"": 0.0, ""450-475"": 0.0, ""475-500"": 0.0}",0.00,0.00,0.00,0.00,0.00,0.00,0.00,2026-03-04,,settlement_export
2026-03-05 10:00:00,2026/3/5 23:59:59 CT,2026-09-16,350-375,,,,325-350,43.17,"{""325-350"": 0.431723, ""350-375"": 0.327159, ""375-400"": 0.0, ""400-425"": 0.0, ""425-450"": 0.0, ""450-475"": 0.0, ""475-500"": 0.0}",43.17,32.72,0.00,0.00,0.00,0.00,0.00,2026-03-05,,settlement_export
2026-03-05 10:00:00,2026/3/5 23:59:59 CT,2026-10-28,350-375,,,,325-350,40.86,"{""325-350"": 0.40857, ""350-375"": 0.254717, ""375-400"": 0.0, ""400-425"": 0.0, ""425-450"": 0.0, ""450-475"": 0.0, ""475-500"": 0.0}",40.86,25.47,0.00,0.00,0.00,0.00,0.00,2026-03-05,,settlement_export
2026-03-05 10:00:00,2026/3/5 23:59:59 CT,2026-12-09,350-375,,,,325-350,35.72,"{""325-350"": 0.357171, ""350-375"": 0.169622, ""375-400"": 0.0, ""400-425"": 0.0, ""425-450"": 0.0, ""450-475"": 0.0, ""475-500"": 0.0}",35.72,16.96,0.00,0.00,0.00,0.00,0.00,2026-03-05,,settlement_export
2026-03-05 10:00:00,2026/3/5 23:59:59 CT,2027-01-27,350-375,,,,325-350,34.86,"{""325-350"": 0.348558, ""350-375"": 0.161832, ""375-400"": 0.0, ""400-425"": 0.0, ""425-450"": 0.0, ""450-475"": 0.0, ""475-500"": 0.0}",34.86,16.18,0.00,0.00,0.00,0.00,0.00,2026-03-05,,settlement_export
2026-03-05 10:00:00,2026/3/5 23:59:59 CT,2027-03-17,350-375,,,,325-350,32.38,"{""325-350"": 0.32375, ""350-375"": 0.140332, ""375-400"": 0.0, ""400-425"": 0.0, ""425-450"": 0.0, ""450-475"": 0.0, ""475-500"": 0.0}",32.38,14.03,0.00,0.00,0.00,0.00,0.00,2026-03-05,,settlement_export
2026-03-05 10:00:00,2026/3/5 23:59:59 CT,2027-04-28,350-375,,,,,0.00,"{""325-350"": 0.0, ""350-375"": 0.0, ""375-400"": 0.0, ""400-425"": 0.0, ""425-450"": 0.0, ""450-475"": 0.0, ""475-500"": 0.0}",0.00,0.00,0.00,0.00,0.00,0.00,0.00,2026-03-05,,settlement_export
2026-03-05 10:00:00,2026/3/5 23:59:59 CT,2027-06-09,350-375,,,,,0.00,"{""325-350"": 0.0, ""350-375"": 0.0, ""375-400"": 0.0, ""400-425"": 0.0, ""425-450"": 0.0, ""450-475"": 0.0, ""475-500"": 0.0}",0.00,0.00,0.00,0.00,0.00,0.00,0.00,2026-03-05,,settlement_export
2026-03-05 10:00:00,2026/3/5 23:59:59 CT,2027-07-28,350-375,,,,,0.00,"{""325-350"": 0.0, ""350-375"": 0.0, ""375-400"": 0.0, ""400-425"": 0.0, ""425-450"": 0.0, ""450-475"": 0.0, ""475-500"": 0.0}",0.00,0.00,0.00,0.00,0.00,0.00,0.00,2026-03-05,,settlement_export
2026-03-05 10:00:00,2026/3/5 23:59:59 CT,2027-09-15,350-375,,,,,0.00,"{""325-350"": 0.0, ""350-375"": 0.0, ""375-400"": 0.0, ""400-425"": 0.0, ""425-450"": 0.0, ""450-475"": 0.0, ""475-500"": 0.0}",0.00,0.00,0.00,0.00,0.00,0.00,0.00,2026-03-05,,settlement_export
2026-03-05 10:00:00,2026/3/5 23:59:59 CT,2027-10-27,350-375,,,,,0.00,"{""325-350"": 0.0, ""350-375"": 0.0, ""375-400"": 0.0, ""400-425"": 0.0, ""425-450"": 0.0, ""450-475"": 0.0, ""475-500"": 0.0}",0.00,0.00,0.00,0.00,0.00,0.00,0.00,2026-03-05,,settlement_export
2026-03-05 10:00:00,2026/3/5 23:59:59 CT,2027-12-08,350-375,,,,,0.00,"{""325-350"": 0.0, ""350-375"": 0.0, ""375-400"": 0.0, ""400-425"": 0.0, ""425-450"": 0.0, ""450-475"": 0.0, ""475-500"": 0.0}",0.00,0.00,0.00,0.00,0.00,0.00,0.00,2026-03-05,,settlement_export
2026-03-06 10:00:00,2026/3/6 23:59:59 CT,2026-09-16,350-375,,,,325-350,41.84,"{""325-350"": 0.418372, ""350-375"": 0.244055, ""375-400"": 0.0, ""400-425"": 0.0, ""425-450"": 0.0, ""450-475"": 0.0, ""475-500"": 0.0}",41.84,24.41,0.00,0.00,0.00,0.00,0.00,2026-03-06,,settlement_export
2026-03-06 10:00:00,2026/3/6 23:59:59 CT,2026-10-28,350-375,,,,325-350,37.98,"{""325-350"": 0.379774, ""350-375"": 0.190015, ""375-400"": 0.0, ""400-425"": 0.0, ""425-450"": 0.0, ""450-475"": 0.0, ""475-500"": 0.0}",37.98,19.00,0.00,0.00,0.00,0.00,0.00,2026-03-06,,settlement_export
2026-03-06 10:00:00,2026/3/6 23:59:59 CT,2026-12-09,350-375,,,,325-350,32.45,"{""325-350"": 0.324533, ""350-375"": 0.134699, ""375-400"": 0.0, ""400-425"": 0.0, ""425-450"": 0.0, ""450-475"": 0.0, ""475-500"": 0.0}",32.45,13.47,0.00,0.00,0.00,0.00,0.00,2026-03-06,,settlement_export
2026-03-06 10:00:00,2026/3/6 23:59:59 CT,2027-01-27,350-375,,,,300-325,32.02,"{""325-350"": 0.311455, ""350-375"": 0.12542, ""375-400"": 0.0, ""400-425"": 0.0, ""425-450"": 0.0, ""450-475"": 0.0, ""475-500"": 0.0}",31.15,12.54,0.00,0.00,0.00,0.00,0.00,2026-03-06,,settlement_export
2026-03-06 10:00:00,2026/3/6 23:59:59 CT,2027-03-17,350-375,,,,300-325,31.94,"{""325-350"": 0.294978, ""350-375"": 0.114311, ""375-400"": 0.0, ""400-425"": 0.0, ""425-450"": 0.0, ""450-475"": 0.0, ""475-500"": 0.0}",29.50,11.43,0.00,0.00,0.00,0.00,0.00,2026-03-06,,settlement_export
2026-03-06 10:00:00,2026/3/6 23:59:59 CT,2027-04-28,350-375,,,,,0.00,"{""325-350"": 0.0, ""350-375"": 0.0, ""375-400"": 0.0, ""400-425"": 0.0, ""425-450"": 0.0, ""450-475"": 0.0, ""475-500"": 0.0}",0.00,0.00,0.00,0.00,0.00,0.00,0.00,2026-03-06,,settlement_export
2026-03-06 10:00:00,2026/3/6 23:59:59 CT,2027-06-09,350-375,,,,,0.00,"{""325-350"": 0.0, ""350-375"": 0.0, ""375-400"": 0.0, ""400-425"": 0.0, ""425-450"": 0.0, ""450-475"": 0.0, ""475-500"": 0.0}",0.00,0.00,0.00,0.00,0.00,0.00,0.00,2026-03-06,,settlement_export
2026-03-06 10:00:00,2026/3/6 23:59:59 CT,2027-07-28,350-375,,,,,0.00,"{""325-350"": 0.0, ""350-375"": 0.0, ""375-400"": 0.0, ""400-425"": 0.0, ""425-450"": 0.0, ""450-475"": 0.0, ""475-500"": 0.0}",0.00,0.00,0.00,0.00,0.00,0.00,0.00,2026-03-06,,settlement_export
2026-03-06 10:00:00,2026/3/6 23:59:59 CT,2027-09-15,350-375,,,,,0.00,"{""325-350"": 0.0, ""350-375"": 0.0, ""375-400"": 0.0, ""400-425"": 0.0, ""425-450"": 0.0, ""450-475"": 0.0, ""475-500"": 0.0}",0.00,0.00,0.00,0.00,0.00,0.00,0.00,2026-03-06,,settlement_export
2026-03-06 10:00:00,2026/3/6 23:59:59 CT,2027-10-27,350-375,,,,,0.00,"{""325-350"": 0.0, ""350-375"": 0.0, ""375-400"": 0.0, ""400-425"": 0.0, ""425-450"": 0.0, ""450-475"": 0.0, ""475-500"": 0.0}",0.00,0.00,0.00,0.00,0.00,0.00,0.00,2026-03-06,,settlement_export
2026-03-06 10:00:00,2026/3/6 23:59:59 CT,2027-12-08,350-375,,,,,0.00,"{""325-350"": 0.0, ""350-375"": 0.0, ""375-400"": 0.0, ""400-425"": 0.0, ""425-450"": 0.0, ""450-475"": 0.0, ""475-500"": 0.0}",0.00,0.00,0.00,0.00,0.00,0.00,0.00,2026-03-06,,settlement_export
2026-03-09 10:00:00,2026/3/9 23:59:59 CT,2026-09-16,350-375,,,,325-350,43.03,"{""325-350"": 0.430337, ""350-375"": 0.30967, ""375-400"": 0.0, ""400-425"": 0.0, ""425-450"": 0.0, ""450-475"": 0.0, ""475-500"": 0.0}",43.03,30.97,0.00,0.00,0.00,0.00,0.00,2026-03-09,,settlement_export
2026-03-09 10:00:00,2026/3/9 23:59:59 CT,2026-10-28,350-375,,,,325-350,40.63,"{""325-350"": 0.40629, ""350-375"": 0.247957, ""375-400"": 0.0, ""400-425"": 0.0, ""425-450"": 0.0, ""450-475"": 0.0, ""475-500"": 0.0}",40.63,24.80,0.00,0.00,0.00,0.00,0.00,2026-03-09,,settlement_export
2026-03-09 10:00:00,2026/3/9 23:59:59 CT,2026-12-09,350-375,,,,325-350,36.02,"{""325-350"": 0.360197, ""350-375"": 0.175774, ""375-400"": 0.0, ""400-425"": 0.0, ""425-450"": 0.0, ""450-475"": 0.0, ""475-500"": 0.0}",36.02,17.58,0.00,0.00,0.00,0.00,0.00,2026-03-09,,settlement_export
2026-03-09 10:00:00,2026/3/9 23:59:59 CT,2027-01-27,350-375,,,,325-350,34.75,"{""325-350"": 0.347493, ""350-375"": 0.163665, ""375-400"": 0.0, ""400-425"": 0.0, ""425-450"": 0.0, ""450-475"": 0.0, ""475-500"": 0.0}",34.75,16.37,0.00,0.00,0.00,0.00,0.00,2026-03-09,,settlement_export
2026-03-09 10:00:00,2026/3/9 23:59:59 CT,2027-03-17,350-375,,,,325-350,33.12,"{""325-350"": 0.331211, ""350-375"": 0.149169, ""375-400"": 0.0, ""400-425"": 0.0, ""425-450"": 0.0, ""450-475"": 0.0, ""475-500"": 0.0}",33.12,14.92,0.00,0.00,0.00,0.00,0.00,2026-03-09,,settlement_export
2026-03-09 10:00:00,2026/3/9 23:59:59 CT,2027-04-28,350-375,,,,,0.00,"{""325-350"": 0.0, ""350-375"": 0.0, ""375-400"": 0.0, ""400-425"": 0.0, ""425-450"": 0.0, ""450-475"": 0.0, ""475-500"": 0.0}",0.00,0.00,0.00,0.00,0.00,0.00,0.00,2026-03-09,,settlement_export
2026-03-09 10:00:00,2026/3/9 23:59:59 CT,2027-06-09,350-375,,,,,0.00,"{""325-350"": 0.0, ""350-375"": 0.0, ""375-400"": 0.0, ""400-425"": 0.0, ""425-450"": 0.0, ""450-475"": 0.0, ""475-500"": 0.0}",0.00,0.00,0.00,0.00,0.00,0.00,0.00,2026-03-09,,settlement_export
2026-03-09 10:00:00,2026/3/9 23:59:59 CT,2027-07-28,350-375,,,,,0.00,"{""325-350"": 0.0, ""350-375"": 0.0, ""375-400"": 0.0, ""400-425"": 0.0, ""425-450"": 0.0, ""450-475"": 0.0, ""475-500"": 0.0}",0.00,0.00,0.00,0.00,0.00,0.00,0.00,2026-03-09,,settlement_export
2026-03-09 10:00:00,2026/3/9 23:59:59 CT,2027-09-15,350-375,,,,,0.00,"{""325-350"": 0.0, ""350-375"": 0.0, ""375-400"": 0.0, ""400-425"": 0.0, ""425-450"": 0.0, ""450-475"": 0.0, ""475-500"": 0.0}",0.00,0.00,0.00,0.00,0.00,0.00,0.00,2026-03-09,,settlement_export
2026-03-09 10:00:00,2026/3/9 23:59:59 CT,2027-10-27,350-375,,,,,0.00,"{""325-350"": 0.0, ""350-375"": 0.0, ""375-400"": 0.0, ""400-425"": 0.0, ""425-450"": 0.0, ""450-475"": 0.0, ""475-500"": 0.0}",0.00,0.00,0.00,0.00,0.00,0.00,0.00,2026-03-09,,settlement_export
2026-03-09 10:00:00,2026/3/9 23:59:59 CT,2027-12-08,350-375,,,,,0.00,"{""325-350"": 0.0, ""350-375"": 0.0, ""375-400"": 0.0, ""400-425"": 0.0, ""425-450"": 0.0, ""450-475"": 0.0, ""475-500"": 0.0}",0.00,0.00,0.00,0.00,0.00,0.00,0.00,2026-03-09,,settlement_export
2026-03-10 10:00:00,2026/3/10 23:59:59 CT,2026-09-16,350-375,,,,325-350,42.84,"{""325-350"": 0.42844, ""350-375"": 0.269423, ""375-400"": 0.0, ""400-425"": 0.0, ""425-450"": 0.0, ""450-475"": 0.0, ""475-500"": 0.0}",42.84,26.94,0.00,0.00,0.00,0.00,0.00,2026-03-10,,settlement_export
2026-03-10 10:00:00,2026/3/10 23:59:59 CT,2026-10-28,350-375,,,,325-350,39.32,"{""325-350"": 0.393229, ""350-375"": 0.209765, ""375-400"": 0.0, ""400-425"": 0.0, ""425-450"": 0.0, ""450-475"": 0.0, ""475-500"": 0.0}",39.32,20.98,0.00,0.00,0.00,0.00,0.00,2026-03-10,,settlement_export
2026-03-10 10:00:00,2026/3/10 23:59:59 CT,2026-12-09,350-375,,,,325-350,33.98,"{""325-350"": 0.339821, ""350-375"": 0.1487, ""375-400"": 0.0, ""400-425"": 0.0, ""425-450"": 0.0, ""450-475"": 0.0, ""475-500"": 0.0}",33.98,14.87,0.00,0.00,0.00,0.00,0.00,2026-03-10,,settlement_export
2026-03-10 10:00:00,2026/3/10 23:59:59 CT,2027-01-27,350-375,,,,325-350,32.67,"{""325-350"": 0.326654, ""350-375"": 0.138456, ""375-400"": 0.0, ""400-425"": 0.0, ""425-450"": 0.0, ""450-475"": 0.0, ""475-500"": 0.0}",32.67,13.85,0.00,0.00,0.00,0.00,0.00,2026-03-10,,settlement_export
2026-03-10 10:00:00,2026/3/10 23:59:59 CT,2027-03-17,350-375,,,,300-325,31.74,"{""325-350"": 0.309986, ""350-375"": 0.126193, ""375-400"": 0.0, ""400-425"": 0.0, ""425-450"": 0.0, ""450-475"": 0.0, ""475-500"": 0.0}",31.00,12.62,0.00,0.00,0.00,0.00,0.00,2026-03-10,,settlement_export
2026-03-10 10:00:00,2026/3/10 23:59:59 CT,2027-04-28,350-375,,,,,0.00,"{""325-350"": 0.0, ""350-375"": 0.0, ""375-400"": 0.0, ""400-425"": 0.0, ""425-450"": 0.0, ""450-475"": 0.0, ""475-500"": 0.0}",0.00,0.00,0.00,0.00,0.00,0.00,0.00,2026-03-10,,settlement_export
2026-03-10 10:00:00,2026/3/10 23:59:59 CT,2027-06-09,350-375,,,,,0.00,"{""325-350"": 0.0, ""350-375"": 0.0, ""375-400"": 0.0, ""400-425"": 0.0, ""425-450"": 0.0, ""450-475"": 0.0, ""475-500"": 0.0}",0.00,0.00,0.00,0.00,0.00,0.00,0.00,2026-03-10,,settlement_export
2026-03-10 10:00:00,2026/3/10 23:59:59 CT,2027-07-28,350-375,,,,,0.00,"{""325-350"": 0.0, ""350-375"": 0.0, ""375-400"": 0.0, ""400-425"": 0.0, ""425-450"": 0.0, ""450-475"": 0.0, ""475-500"": 0.0}",0.00,0.00,0.00,0.00,0.00,0.00,0.00,2026-03-10,,settlement_export
2026-03-10 10:00:00,2026/3/10 23:59:59 CT,2027-09-15,350-375,,,,,0.00,"{""325-350"": 0.0, ""350-375"": 0.0, ""375-400"": 0.0, ""400-425"": 0.0, ""425-450"": 0.0, ""450-475"": 0.0, ""475-500"": 0.0}",0.00,0.00,0.00,0.00,0.00,0.00,0.00,2026-03-10,,settlement_export
2026-03-10 10:00:00,2026/3/10 23:59:59 CT,2027-10-27,350-375,,,,,0.00,"{""325-350"": 0.0, ""350-375"": 0.0, ""375-400"": 0.0, ""400-425"": 0.0, ""425-450"": 0.0, ""450-475"": 0.0, ""475-500"": 0.0}",0.00,0.00,0.00,0.00,0.00,0.00,0.00,2026-03-10,,settlement_export
2026-03-10 10:00:00,2026/3/10 23:59:59 CT,2027-12-08,350-375,,,,,0.00,"{""325-350"": 0.0, ""350-375"": 0.0, ""375-400"": 0.0, ""400-425"": 0.0, ""425-450"": 0.0, ""450-475"": 0.0, ""475-500"": 0.0}",0.00,0.00,0.00,0.00,0.00,0.00,0.00,2026-03-10,,settlement_export
2026-03-11 10:00:00,2026/3/11 23:59:59 CT,2026-09-16,350-375,,,,325-350,42.31,"{""325-350"": 0.423073, ""350-375"": 0.372851, ""375-400"": 0.0, ""400-425"": 0.0, ""425-450"": 0.0, ""450-475"": 0.0, ""475-500"": 0.0}",42.31,37.29,0.00,0.00,0.00,0.00,0.00,2026-03-11,,settlement_export
2026-03-11 10:00:00,2026/3/11 23:59:59 CT,2026-10-28,350-375,,,,325-350,41.53,"{""325-350"": 0.415288, ""350-375"": 0.315059, ""375-400"": 0.0, ""400-425"": 0.0, ""425-450"": 0.0, ""450-475"": 0.0, ""475-500"": 0.0}",41.53,31.51,0.00,0.00,0.00,0.00,0.00,2026-03-11,,settlement_export
2026-03-11 10:00:00,2026/3/11 23:59:59 CT,2026-12-09,350-375,,,,325-350,38.98,"{""325-350"": 0.389823, ""350-375"": 0.235011, ""375-400"": 0.0, ""400-425"": 0.0, ""425-450"": 0.0, ""450-475"": 0.0, ""475-500"": 0.0}",38.98,23.50,0.00,0.00,0.00,0.00,0.00,2026-03-11,,settlement_export
2026-03-11 10:00:00,2026/3/11 23:59:59 CT,2027-01-27,350-375,,,,325-350,38.27,"{""325-350"": 0.382713, ""350-375"": 0.224218, ""375-400"": 0.0, ""400-425"": 0.0, ""425-450"": 0.0, ""450-475"": 0.0, ""475-500"": 0.0}",38.27,22.42,0.00,0.00,0.00,0.00,0.00,2026-03-11,,settlement_export
2026-03-11 10:00:00,2026/3/11 23:59:59 CT,2027-03-17,350-375,,,,325-350,36.87,"{""325-350"": 0.368675, ""350-375"": 0.204358, ""375-400"": 0.0, ""400-425"": 0.0, ""425-450"": 0.0, ""450-475"": 0.0, ""475-500"": 0.0}",36.87,20.44,0.00,0.00,0.00,0.00,0.00,2026-03-11,,settlement_export
2026-03-11 10:00:00,2026/3/11 23:59:59 CT,2027-04-28,350-375,,,,,0.00,"{""325-350"": 0.0, ""350-375"": 0.0, ""375-400"": 0.0, ""400-425"": 0.0, ""425-450"": 0.0, ""450-475"": 0.0, ""475-500"": 0.0}",0.00,0.00,0.00,0.00,0.00,0.00,0.00,2026-03-11,,settlement_export
2026-03-11 10:00:00,2026/3/11 23:59:59 CT,2027-06-09,350-375,,,,,0.00,"{""325-350"": 0.0, ""350-375"": 0.0, ""375-400"": 0.0, ""400-425"": 0.0, ""425-450"": 0.0, ""450-475"": 0.0, ""475-500"": 0.0}",0.00,0.00,0.00,0.00,0.00,0.00,0.00,2026-03-11,,settlement_export
2026-03-11 10:00:00,2026/3/11 23:59:59 CT,2027-07-28,350-375,,,,,0.00,"{""325-350"": 0.0, ""350-375"": 0.0, ""375-400"": 0.0, ""400-425"": 0.0, ""425-450"": 0.0, ""450-475"": 0.0, ""475-500"": 0.0}",0.00,0.00,0.00,0.00,0.00,0.00,0.00,2026-03-11,,settlement_export
2026-03-11 10:00:00,2026/3/11 23:59:59 CT,2027-09-15,350-375,,,,,0.00,"{""325-350"": 0.0, ""350-375"": 0.0, ""375-400"": 0.0, ""400-425"": 0.0, ""425-450"": 0.0, ""450-475"": 0.0, ""475-500"": 0.0}",0.00,0.00,0.00,0.00,0.00,0.00,0.00,2026-03-11,,settlement_export
2026-03-11 10:00:00,2026/3/11 23:59:59 CT,2027-10-27,350-375,,,,,0.00,"{""325-350"": 0.0, ""350-375"": 0.0, ""375-400"": 0.0, ""400-425"": 0.0, ""425-450"": 0.0, ""450-475"": 0.0, ""475-500"": 0.0}",0.00,0.00,0.00,0.00,0.00,0.00,0.00,2026-03-11,,settlement_export
2026-03-11 10:00:00,2026/3/11 23:59:59 CT,2027-12-08,350-375,,,,,0.00,"{""325-350"": 0.0, ""350-375"": 0.0, ""375-400"": 0.0, ""400-425"": 0.0, ""425-450"": 0.0, ""450-475"": 0.0, ""475-500"": 0.0}",0.00,0.00,0.00,0.00,0.00,0.00,0.00,2026-03-11,,settlement_export
2026-03-12 10:00:00,2026/3/12 23:59:59 CT,2026-09-16,350-375,,,,350-375,61.31,"{""325-350"": 0.322217, ""350-375"": 0.613141, ""375-400"": 0.000846, ""400-425"": 0.0, ""425-450"": 0.0, ""450-475"": 0.0, ""475-500"": 0.0}",32.22,61.31,0.08,0.00,0.00,0.00,0.00,2026-03-12,,settlement_export
2026-03-12 10:00:00,2026/3/12 23:59:59 CT,2026-10-28,350-375,,,,350-375,57.25,"{""325-350"": 0.341543, ""350-375"": 0.572467, ""375-400"": 0.00079, ""400-425"": 0.0, ""425-450"": 0.0, ""450-475"": 0.0, ""475-500"": 0.0}",34.15,57.25,0.08,0.00,0.00,0.00,0.00,2026-03-12,,settlement_export
2026-03-12 10:00:00,2026/3/12 23:59:59 CT,2026-12-09,350-375,,,,350-375,46.96,"{""325-350"": 0.383109, ""350-375"": 0.469565, ""375-400"": 0.000648, ""400-425"": 0.0, ""425-450"": 0.0, ""450-475"": 0.0, ""475-500"": 0.0}",38.31,46.96,0.06,0.00,0.00,0.00,0.00,2026-03-12,,settlement_export
2026-03-12 10:00:00,2026/3/12 23:59:59 CT,2027-01-27,350-375,,,,350-375,46.96,"{""325-350"": 0.383109, ""350-375"": 0.469565, ""375-400"": 0.000648, ""400-425"": 0.0, ""425-450"": 0.0, ""450-475"": 0.0, ""475-500"": 0.0}",38.31,46.96,0.06,0.00,0.00,0.00,0.00,2026-03-12,,settlement_export
2026-03-12 10:00:00,2026/3/12 23:59:59 CT,2027-03-17,350-375,,,,350-375,44.88,"{""325-350"": 0.386938, ""350-375"": 0.448799, ""375-400"": 0.000619, ""400-425"": 0.0, ""425-450"": 0.0, ""450-475"": 0.0, ""475-500"": 0.0}",38.69,44.88,0.06,0.00,0.00,0.00,0.00,2026-03-12,,settlement_export
2026-03-12 10:00:00,2026/3/12 23:59:59 CT,2027-04-28,350-375,,,,,0.00,"{""325-350"": 0.0, ""350-375"": 0.0, ""375-400"": 0.0, ""400-425"": 0.0, ""425-450"": 0.0, ""450-475"": 0.0, ""475-500"": 0.0}",0.00,0.00,0.00,0.00,0.00,0.00,0.00,2026-03-12,,settlement_export
2026-03-12 10:00:00,2026/3/12 23:59:59 CT,2027-06-09,350-375,,,,,0.00,"{""325-350"": 0.0, ""350-375"": 0.0, ""375-400"": 0.0, ""400-425"": 0.0, ""425-450"": 0.0, ""450-475"": 0.0, ""475-500"": 0.0}",0.00,0.00,0.00,0.00,0.00,0.00,0.00,2026-03-12,,settlement_export
2026-03-12 10:00:00,2026/3/12 23:59:59 CT,2027-07-28,350-375,,,,,0.00,"{""325-350"": 0.0, ""350-375"": 0.0, ""375-400"": 0.0, ""400-425"": 0.0, ""425-450"": 0.0, ""450-475"": 0.0, ""475-500"": 0.0}",0.00,0.00,0.00,0.00,0.00,0.00,0.00,2026-03-12,,settlement_export
2026-03-12 10:00:00,2026/3/12 23:59:59 CT,2027-09-15,350-375,,,,,0.00,"{""325-350"": 0.0, ""350-375"": 0.0, ""375-400"": 0.0, ""400-425"": 0.0, ""425-450"": 0.0, ""450-475"": 0.0, ""475-500"": 0.0}",0.00,0.00,0.00,0.00,0.00,0.00,0.00,2026-03-12,,settlement_export
2026-03-12 10:00:00,2026/3/12 23:59:59 CT,2027-10-27,350-375,,,,,0.00,"{""325-350"": 0.0, ""350-375"": 0.0, ""375-400"": 0.0, ""400-425"": 0.0, ""425-450"": 0.0, ""450-475"": 0.0, ""475-500"": 0.0}",0.00,0.00,0.00,0.00,0.00,0.00,0.00,2026-03-12,,settlement_export
2026-03-12 10:00:00,2026/3/12 23:59:59 CT,2027-12-08,350-375,,,,,0.00,"{""325-350"": 0.0, ""350-375"": 0.0, ""375-400"": 0.0, ""400-425"": 0.0, ""425-450"": 0.0, ""450-475"": 0.0, ""475-500"": 0.0}",0.00,0.00,0.00,0.00,0.00,0.00,0.00,2026-03-12,,settlement_export
2026-03-13 10:00:00,2026/3/13 23:59:59 CT,2026-09-16,350-375,,,,350-375,54.96,"{""325-350"": 0.358179, ""350-375"": 0.549626, ""375-400"": 0.0, ""400-425"": 0.0, ""425-450"": 0.0, ""450-475"": 0.0, ""475-500"": 0.0}",35.82,54.96,0.00,0.00,0.00,0.00,0.00,2026-03-13,,settlement_export
2026-03-13 10:00:00,2026/3/13 23:59:59 CT,2026-10-28,350-375,,,,350-375,50.09,"{""325-350"": 0.375136, ""350-375"": 0.500945, ""375-400"": 0.0, ""400-425"": 0.0, ""425-450"": 0.0, ""450-475"": 0.0, ""475-500"": 0.0}",37.51,50.09,0.00,0.00,0.00,0.00,0.00,2026-03-13,,settlement_export
2026-03-13 10:00:00,2026/3/13 23:59:59 CT,2026-12-09,350-375,,,,325-350,40.28,"{""325-350"": 0.402814, ""350-375"": 0.390737, ""375-400"": 0.0, ""400-425"": 0.0, ""425-450"": 0.0, ""450-475"": 0.0, ""475-500"": 0.0}",40.28,39.07,0.00,0.00,0.00,0.00,0.00,2026-03-13,,settlement_export
2026-03-13 10:00:00,2026/3/13 23:59:59 CT,2027-01-27,350-375,,,,325-350,40.28,"{""325-350"": 0.402814, ""350-375"": 0.390737, ""375-400"": 0.0, ""400-425"": 0.0, ""425-450"": 0.0, ""450-475"": 0.0, ""475-500"": 0.0}",40.28,39.07,0.00,0.00,0.00,0.00,0.00,2026-03-13,,settlement_export
2026-03-13 10:00:00,2026/3/13 23:59:59 CT,2027-03-17,350-375,,,,325-350,40.23,"{""325-350"": 0.402279, ""350-375"": 0.373433, ""375-400"": 0.0, ""400-425"": 0.0, ""425-450"": 0.0, ""450-475"": 0.0, ""475-500"": 0.0}",40.23,37.34,0.00,0.00,0.00,0.00,0.00,2026-03-13,,settlement_export
2026-03-13 10:00:00,2026/3/13 23:59:59 CT,2027-04-28,350-375,,,,,0.00,"{""325-350"": 0.0, ""350-375"": 0.0, ""375-400"": 0.0, ""400-425"": 0.0, ""425-450"": 0.0, ""450-475"": 0.0, ""475-500"": 0.0}",0.00,0.00,0.00,0.00,0.00,0.00,0.00,2026-03-13,,settlement_export
2026-03-13 10:00:00,2026/3/13 23:59:59 CT,2027-06-09,350-375,,,,,0.00,"{""325-350"": 0.0, ""350-375"": 0.0, ""375-400"": 0.0, ""400-425"": 0.0, ""425-450"": 0.0, ""450-475"": 0.0, ""475-500"": 0.0}",0.00,0.00,0.00,0.00,0.00,0.00,0.00,2026-03-13,,settlement_export
2026-03-13 10:00:00,2026/3/13 23:59:59 CT,2027-07-28,350-375,,,,,0.00,"{""325-350"": 0.0, ""350-375"": 0.0, ""375-400"": 0.0, ""400-425"": 0.0, ""425-450"": 0.0, ""450-475"": 0.0, ""475-500"": 0.0}",0.00,0.00,0.00,0.00,0.00,0.00,0.00,2026-03-13,,settlement_export
2026-03-13 10:00:00,2026/3/13 23:59:59 CT,2027-09-15,350-375,,,,,0.00,"{""325-350"": 0.0, ""350-375"": 0.0, ""375-400"": 0.0, ""400-425"": 0.0, ""425-450"": 0.0, ""450-475"": 0.0, ""475-500"": 0.0}",0.00,0.00,0.00,0.00,0.00,0.00,0.00,2026-03-13,,settlement_export
2026-03-13 10:00:00,2026/3/13 23:59:59 CT,2027-10-27,350-375,,,,,0.00,"{""325-350"": 0.0, ""350-375"": 0.0, ""375-400"": 0.0, ""400-425"": 0.0, ""425-450"": 0.0, ""450-475"": 0.0, ""475-500"": 0.0}",0.00,0.00,0.00,0.00,0.00,0.00,0.00,2026-03-13,,settlement_export
2026-03-13 10:00:00,2026/3/13 23:59:59 CT,2027-12-08,350-375,,,,,0.00,"{""325-350"": 0.0, ""350-375"": 0.0, ""375-400"": 0.0, ""400-425"": 0.0, ""425-450"": 0.0, ""450-475"": 0.0, ""475-500"": 0.0}",0.00,0.00,0.00,0.00,0.00,0.00,0.00,2026-03-13,,settlement_export
2026-03-16 10:00:00,2026/3/16 23:59:59 CT,2026-09-16,350-375,,,,350-375,49.96,"{""325-350"": 0.385301, ""350-375"": 0.499589, ""375-400"": 0.0, ""400-425"": 0.0, ""425-450"": 0.0, ""450-475"": 0.0, ""475-500"": 0.0}",38.53,49.96,0.00,0.00,0.00,0.00,0.00,2026-03-16,,settlement_export
2026-03-16 10:00:00,2026/3/16 23:59:59 CT,2026-10-28,350-375,,,,350-375,43.32,"{""325-350"": 0.400485, ""350-375"": 0.433215, ""375-400"": 0.0, ""400-425"": 0.0, ""425-450"": 0.0, ""450-475"": 0.0, ""475-500"": 0.0}",40.05,43.32,0.00,0.00,0.00,0.00,0.00,2026-03-16,,settlement_export
2026-03-16 10:00:00,2026/3/16 23:59:59 CT,2026-12-09,350-375,,,,325-350,40.87,"{""325-350"": 0.408704, ""350-375"": 0.32443, ""375-400"": 0.0, ""400-425"": 0.0, ""425-450"": 0.0, ""450-475"": 0.0, ""475-500"": 0.0}",40.87,32.44,0.00,0.00,0.00,0.00,0.00,2026-03-16,,settlement_export
2026-03-16 10:00:00,2026/3/16 23:59:59 CT,2027-01-27,350-375,,,,325-350,40.29,"{""325-350"": 0.402899, ""350-375"": 0.30208, ""375-400"": 0.0, ""400-425"": 0.0, ""425-450"": 0.0, ""450-475"": 0.0, ""475-500"": 0.0}",40.29,30.21,0.00,0.00,0.00,0.00,0.00,2026-03-16,,settlement_export
2026-03-16 10:00:00,2026/3/16 23:59:59 CT,2027-03-17,350-375,,,,325-350,39.84,"{""325-350"": 0.398434, ""350-375"": 0.288703, ""375-400"": 0.0, ""400-425"": 0.0, ""425-450"": 0.0, ""450-475"": 0.0, ""475-500"": 0.0}",39.84,28.87,0.00,0.00,0.00,0.00,0.00,2026-03-16,,settlement_export
2026-03-16 10:00:00,2026/3/16 23:59:59 CT,2027-04-28,350-375,,,,,0.00,"{""325-350"": 0.0, ""350-375"": 0.0, ""375-400"": 0.0, ""400-425"": 0.0, ""425-450"": 0.0, ""450-475"": 0.0, ""475-500"": 0.0}",0.00,0.00,0.00,0.00,0.00,0.00,0.00,2026-03-16,,settlement_export
2026-03-16 10:00:00,2026/3/16 23:59:59 CT,2027-06-09,350-375,,,,,0.00,"{""325-350"": 0.0, ""350-375"": 0.0, ""375-400"": 0.0, ""400-425"": 0.0, ""425-450"": 0.0, ""450-475"": 0.0, ""475-500"": 0.0}",0.00,0.00,0.00,0.00,0.00,0.00,0.00,2026-03-16,,settlement_export
2026-03-16 10:00:00,2026/3/16 23:59:59 CT,2027-07-28,350-375,,,,,0.00,"{""325-350"": 0.0, ""350-375"": 0.0, ""375-400"": 0.0, ""400-425"": 0.0, ""425-450"": 0.0, ""450-475"": 0.0, ""475-500"": 0.0}",0.00,0.00,0.00,0.00,0.00,0.00,0.00,2026-03-16,,settlement_export
2026-03-16 10:00:00,2026/3/16 23:59:59 CT,2027-09-15,350-375,,,,,0.00,"{""325-350"": 0.0, ""350-375"": 0.0, ""375-400"": 0.0, ""400-425"": 0.0, ""425-450"": 0.0, ""450-475"": 0.0, ""475-500"": 0.0}",0.00,0.00,0.00,0.00,0.00,0.00,0.00,2026-03-16,,settlement_export
2026-03-16 10:00:00,2026/3/16 23:59:59 CT,2027-10-27,350-375,,,,,0.00,"{""325-350"": 0.0, ""350-375"": 0.0, ""375-400"": 0.0, ""400-425"": 0.0, ""425-450"": 0.0, ""450-475"": 0.0, ""475-500"": 0.0}",0.00,0.00,0.00,0.00,0.00,0.00,0.00,2026-03-16,,settlement_export
2026-03-16 10:00:00,2026/3/16 23:59:59 CT,2027-12-08,350-375,,,,,0.00,"{""325-350"": 0.0, ""350-375"": 0.0, ""375-400"": 0.0, ""400-425"": 0.0, ""425-450"": 0.0, ""450-475"": 0.0, ""475-500"": 0.0}",0.00,0.00,0.00,0.00,0.00,0.00,0.00,2026-03-16,,settlement_export
2026-03-17 10:00:00,2026/3/17 23:59:59 CT,2026-09-16,350-375,,,,350-375,48.37,"{""325-350"": 0.39576, ""350-375"": 0.483665, ""375-400"": 0.000334, ""400-425"": 0.0, ""425-450"": 0.0, ""450-475"": 0.0, ""475-500"": 0.0}",39.58,48.37,0.03,0.00,0.00,0.00,0.00,2026-03-17,,settlement_export
2026-03-17 10:00:00,2026/3/17 23:59:59 CT,2026-10-28,350-375,,,,350-375,41.95,"{""325-350"": 0.407439, ""350-375"": 0.419451, ""375-400"": 0.000289, ""400-425"": 0.0, ""425-450"": 0.0, ""450-475"": 0.0, ""475-500"": 0.0}",40.74,41.95,0.03,0.00,0.00,0.00,0.00,2026-03-17,,settlement_export
2026-03-17 10:00:00,2026/3/17 23:59:59 CT,2026-12-09,350-375,,,,325-350,41.07,"{""325-350"": 0.410731, ""350-375"": 0.30457, ""375-400"": 0.00021, ""400-425"": 0.0, ""425-450"": 0.0, ""450-475"": 0.0, ""475-500"": 0.0}",41.07,30.46,0.02,0.00,0.00,0.00,0.00,2026-03-17,,settlement_export
2026-03-17 10:00:00,2026/3/17 23:59:59 CT,2027-01-27,350-375,,,,325-350,40.59,"{""325-350"": 0.405855, ""350-375"": 0.290592, ""375-400"": 0.0002, ""400-425"": 0.0, ""425-450"": 0.0, ""450-475"": 0.0, ""475-500"": 0.0}",40.59,29.06,0.02,0.00,0.00,0.00,0.00,2026-03-17,,settlement_export
2026-03-17 10:00:00,2026/3/17 23:59:59 CT,2027-03-17,350-375,,,,325-350,39.56,"{""325-350"": 0.395646, ""350-375"": 0.264871, ""375-400"": 0.000183, ""400-425"": 0.0, ""425-450"": 0.0, ""450-475"": 0.0, ""475-500"": 0.0}",39.56,26.49,0.02,0.00,0.00,0.00,0.00,2026-03-17,,settlement_export
2026-03-17 10:00:00,2026/3/17 23:59:59 CT,2027-04-28,350-375,,,,,0.00,"{""325-350"": 0.0, ""350-375"": 0.0, ""375-400"": 0.0, ""400-425"": 0.0, ""425-450"": 0.0, ""450-475"": 0.0, ""475-500"": 0.0}",0.00,0.00,0.00,0.00,0.00,0.00,0.00,2026-03-17,,settlement_export
2026-03-17 10:00:00,2026/3/17 23:59:59 CT,2027-06-09,350-375,,,,,0.00,"{""325-350"": 0.0, ""350-375"": 0.0, ""375-400"": 0.0, ""400-425"": 0.0, ""425-450"": 0.0, ""450-475"": 0.0, ""475-500"": 0.0}",0.00,0.00,0.00,0.00,0.00,0.00,0.00,2026-03-17,,settlement_export
2026-03-17 10:00:00,2026/3/17 23:59:59 CT,2027-07-28,350-375,,,,,0.00,"{""325-350"": 0.0, ""350-375"": 0.0, ""375-400"": 0.0, ""400-425"": 0.0, ""425-450"": 0.0, ""450-475"": 0.0, ""475-500"": 0.0}",0.00,0.00,0.00,0.00,0.00,0.00,0.00,2026-03-17,,settlement_export
2026-03-17 10:00:00,2026/3/17 23:59:59 CT,2027-09-15,350-375,,,,,0.00,"{""325-350"": 0.0, ""350-375"": 0.0, ""375-400"": 0.0, ""400-425"": 0.0, ""425-450"": 0.0, ""450-475"": 0.0, ""475-500"": 0.0}",0.00,0.00,0.00,0.00,0.00,0.00,0.00,2026-03-17,,settlement_export
2026-03-17 10:00:00,2026/3/17 23:59:59 CT,2027-10-27,350-375,,,,,0.00,"{""325-350"": 0.0, ""350-375"": 0.0, ""375-400"": 0.0, ""400-425"": 0.0, ""425-450"": 0.0, ""450-475"": 0.0, ""475-500"": 0.0}",0.00,0.00,0.00,0.00,0.00,0.00,0.00,2026-03-17,,settlement_export
2026-03-17 10:00:00,2026/3/17 23:59:59 CT,2027-12-08,350-375,,,,,0.00,"{""325-350"": 0.0, ""350-375"": 0.0, ""375-400"": 0.0, ""400-425"": 0.0, ""425-450"": 0.0, ""450-475"": 0.0, ""475-500"": 0.0}",0.00,0.00,0.00,0.00,0.00,0.00,0.00,2026-03-17,,settlement_export
2026-03-18 10:00:00,2026/3/18 23:59:59 CT,2026-09-16,350-375,,,,350-375,65.71,"{""325-350"": 0.29659, ""350-375"": 0.657076, ""375-400"": 0.0, ""400-425"": 0.0, ""425-450"": 0.0, ""450-475"": 0.0, ""475-500"": 0.0}",29.66,65.71,0.00,0.00,0.00,0.00,0.00,2026-03-18,,settlement_export
2026-03-18 10:00:00,2026/3/18 23:59:59 CT,2026-10-28,350-375,,,,350-375,59.89,"{""325-350"": 0.328519, ""350-375"": 0.598877, ""375-400"": 0.0, ""400-425"": 0.0, ""425-450"": 0.0, ""450-475"": 0.0, ""475-500"": 0.0}",32.85,59.89,0.00,0.00,0.00,0.00,0.00,2026-03-18,,settlement_export
2026-03-18 10:00:00,2026/3/18 23:59:59 CT,2026-12-09,350-375,,,,350-375,47.07,"{""325-350"": 0.386396, ""350-375"": 0.470673, ""375-400"": 0.0, ""400-425"": 0.0, ""425-450"": 0.0, ""450-475"": 0.0, ""475-500"": 0.0}",38.64,47.07,0.00,0.00,0.00,0.00,0.00,2026-03-18,,settlement_export
2026-03-18 10:00:00,2026/3/18 23:59:59 CT,2027-01-27,350-375,,,,350-375,44.91,"{""325-350"": 0.390266, ""350-375"": 0.449057, ""375-400"": 0.0, ""400-425"": 0.0, ""425-450"": 0.0, ""450-475"": 0.0, ""475-500"": 0.0}",39.03,44.91,0.00,0.00,0.00,0.00,0.00,2026-03-18,,settlement_export
2026-03-18 10:00:00,2026/3/18 23:59:59 CT,2027-03-17,350-375,,,,350-375,40.93,"{""325-350"": 0.395474, ""350-375"": 0.409284, ""375-400"": 0.0, ""400-425"": 0.0, ""425-450"": 0.0, ""450-475"": 0.0, ""475-500"": 0.0}",39.55,40.93,0.00,0.00,0.00,0.00,0.00,2026-03-18,,settlement_export
2026-03-18 10:00:00,2026/3/18 23:59:59 CT,2027-04-28,350-375,,,,,0.00,"{""325-350"": 0.0, ""350-375"": 0.0, ""375-400"": 0.0, ""400-425"": 0.0, ""425-450"": 0.0, ""450-475"": 0.0, ""475-500"": 0.0}",0.00,0.00,0.00,0.00,0.00,0.00,0.00,2026-03-18,,settlement_export
2026-03-18 10:00:00,2026/3/18 23:59:59 CT,2027-06-09,350-375,,,,,0.00,"{""325-350"": 0.0, ""350-375"": 0.0, ""375-400"": 0.0, ""400-425"": 0.0, ""425-450"": 0.0, ""450-475"": 0.0, ""475-500"": 0.0}",0.00,0.00,0.00,0.00,0.00,0.00,0.00,2026-03-18,,settlement_export
2026-03-18 10:00:00,2026/3/18 23:59:59 CT,2027-07-28,350-375,,,,,0.00,"{""325-350"": 0.0, ""350-375"": 0.0, ""375-400"": 0.0, ""400-425"": 0.0, ""425-450"": 0.0, ""450-475"": 0.0, ""475-500"": 0.0}",0.00,0.00,0.00,0.00,0.00,0.00,0.00,2026-03-18,,settlement_export
2026-03-18 10:00:00,2026/3/18 23:59:59 CT,2027-09-15,350-375,,,,,0.00,"{""325-350"": 0.0, ""350-375"": 0.0, ""375-400"": 0.0, ""400-425"": 0.0, ""425-450"": 0.0, ""450-475"": 0.0, ""475-500"": 0.0}",0.00,0.00,0.00,0.00,0.00,0.00,0.00,2026-03-18,,settlement_export
2026-03-18 10:00:00,2026/3/18 23:59:59 CT,2027-10-27,350-375,,,,,0.00,"{""325-350"": 0.0, ""350-375"": 0.0, ""375-400"": 0.0, ""400-425"": 0.0, ""425-450"": 0.0, ""450-475"": 0.0, ""475-500"": 0.0}",0.00,0.00,0.00,0.00,0.00,0.00,0.00,2026-03-18,,settlement_export
2026-03-18 10:00:00,2026/3/18 23:59:59 CT,2027-12-08,350-375,,,,,0.00,"{""325-350"": 0.0, ""350-375"": 0.0, ""375-400"": 0.0, ""400-425"": 0.0, ""425-450"": 0.0, ""450-475"": 0.0, ""475-500"": 0.0}",0.00,0.00,0.00,0.00,0.00,0.00,0.00,2026-03-18,,settlement_export
2026-03-19 10:00:00,2026/3/19 23:59:59 CT,2026-09-16,350-375,,,,350-375,92.04,"{""325-350"": 0.018759, ""350-375"": 0.920414, ""375-400"": 0.060828, ""400-425"": 0.0, ""425-450"": 0.0, ""450-475"": 0.0, ""475-500"": 0.0}",1.88,92.04,6.08,0.00,0.00,0.00,0.00,2026-03-19,,settlement_export
2026-03-19 10:00:00,2026/3/19 23:59:59 CT,2026-10-28,350-375,,,,350-375,92.04,"{""325-350"": 0.018759, ""350-375"": 0.920414, ""375-400"": 0.060828, ""400-425"": 0.0, ""425-450"": 0.0, ""450-475"": 0.0, ""475-500"": 0.0}",1.88,92.04,6.08,0.00,0.00,0.00,0.00,2026-03-19,,settlement_export
2026-03-19 10:00:00,2026/3/19 23:59:59 CT,2026-12-09,350-375,,,,350-375,80.26,"{""325-350"": 0.142319, ""350-375"": 0.802619, ""375-400"": 0.052492, ""400-425"": 0.0, ""425-450"": 0.0, ""450-475"": 0.0, ""475-500"": 0.0}",14.23,80.26,5.25,0.00,0.00,0.00,0.00,2026-03-19,,settlement_export
2026-03-19 10:00:00,2026/3/19 23:59:59 CT,2027-01-27,350-375,,,,350-375,78.54,"{""325-350"": 0.157481, ""350-375"": 0.785394, ""375-400"": 0.051287, ""400-425"": 0.0, ""425-450"": 0.0, ""450-475"": 0.0, ""475-500"": 0.0}",15.75,78.54,5.13,0.00,0.00,0.00,0.00,2026-03-19,,settlement_export
2026-03-19 10:00:00,2026/3/19 23:59:59 CT,2027-03-17,350-375,,,,350-375,74.34,"{""325-350"": 0.193362, ""350-375"": 0.743445, ""375-400"": 0.048356, ""400-425"": 0.0, ""425-450"": 0.0, ""450-475"": 0.0, ""475-500"": 0.0}",19.34,74.34,4.84,0.00,0.00,0.00,0.00,2026-03-19,,settlement_export
2026-03-19 10:00:00,2026/3/19 23:59:59 CT,2027-04-28,350-375,,,,350-375,71.37,"{""325-350"": 0.216937, ""350-375"": 0.713655, ""375-400"": 0.046284, ""400-425"": 0.0, ""425-450"": 0.0, ""450-475"": 0.0, ""475-500"": 0.0}",21.69,71.37,4.63,0.00,0.00,0.00,0.00,2026-03-19,,settlement_export
2026-03-19 10:00:00,2026/3/19 23:59:59 CT,2027-06-09,350-375,,,,,0.00,"{""325-350"": 0.0, ""350-375"": 0.0, ""375-400"": 0.0, ""400-425"": 0.0, ""425-450"": 0.0, ""450-475"": 0.0, ""475-500"": 0.0}",0.00,0.00,0.00,0.00,0.00,0.00,0.00,2026-03-19,,settlement_export
2026-03-19 10:00:00,2026/3/19 23:59:59 CT,2027-07-28,350-375,,,,,0.00,"{""325-350"": 0.0, ""350-375"": 0.0, ""375-400"": 0.0, ""400-425"": 0.0, ""425-450"": 0.0, ""450-475"": 0.0, ""475-500"": 0.0}",0.00,0.00,0.00,0.00,0.00,0.00,0.00,2026-03-19,,settlement_export
2026-03-19 10:00:00,2026/3/19 23:59:59 CT,2027-09-15,350-375,,,,,0.00,"{""325-350"": 0.0, ""350-375"": 0.0, ""375-400"": 0.0, ""400-425"": 0.0, ""425-450"": 0.0, ""450-475"": 0.0, ""475-500"": 0.0}",0.00,0.00,0.00,0.00,0.00,0.00,0.00,2026-03-19,,settlement_export
2026-03-19 10:00:00,2026/3/19 23:59:59 CT,2027-10-27,350-375,,,,,0.00,"{""325-350"": 0.0, ""350-375"": 0.0, ""375-400"": 0.0, ""400-425"": 0.0, ""425-450"": 0.0, ""450-475"": 0.0, ""475-500"": 0.0}",0.00,0.00,0.00,0.00,0.00,0.00,0.00,2026-03-19,,settlement_export
2026-03-19 10:00:00,2026/3/19 23:59:59 CT,2027-12-08,350-375,,,,,0.00,"{""325-350"": 0.0, ""350-375"": 0.0, ""375-400"": 0.0, ""400-425"": 0.0, ""425-450"": 0.0, ""450-475"": 0.0, ""475-500"": 0.0}",0.00,0.00,0.00,0.00,0.00,0.00,0.00,2026-03-19,,settlement_export
2026-03-20 10:00:00,2026/3/20 23:59:59 CT,2026-09-16,350-375,,,,350-375,72.85,"{""325-350"": 0.0, ""350-375"": 0.728517, ""375-400"": 0.24592, ""400-425"": 0.0249, ""425-450"": 0.000663, ""450-475"": 0.0, ""475-500"": 0.0}",0.00,72.85,24.59,2.49,0.07,0.00,0.00,2026-03-20,,settlement_export
2026-03-20 10:00:00,2026/3/20 23:59:59 CT,2026-10-28,350-375,,,,350-375,68.01,"{""325-350"": 0.0, ""350-375"": 0.680123, ""375-400"": 0.277978, ""400-425"": 0.039582, ""425-450"": 0.002273, ""450-475"": 4.4e-05, ""475-500"": 0.0}",0.00,68.01,27.80,3.96,0.23,0.00,0.00,2026-03-20,,settlement_export
2026-03-20 10:00:00,2026/3/20 23:59:59 CT,2026-12-09,350-375,,,,350-375,63.99,"{""325-350"": 0.068012, ""350-375"": 0.639908, ""375-400"": 0.254138, ""400-425"": 0.035851, ""425-450"": 0.00205, ""450-475"": 4e-05, ""475-500"": 0.0}",6.80,63.99,25.41,3.59,0.21,0.00,0.00,2026-03-20,,settlement_export
2026-03-20 10:00:00,2026/3/20 23:59:59 CT,2027-01-27,350-375,,,,350-375,63.99,"{""325-350"": 0.068012, ""350-375"": 0.639908, ""375-400"": 0.254138, ""400-425"": 0.035851, ""425-450"": 0.00205, ""450-475"": 4e-05, ""475-500"": 0.0}",6.80,63.99,25.41,3.59,0.21,0.00,0.00,2026-03-20,,settlement_export
2026-03-20 10:00:00,2026/3/20 23:59:59 CT,2027-03-17,350-375,,,,350-375,62.56,"{""325-350"": 0.089254, ""350-375"": 0.62558, ""375-400"": 0.246031, ""400-425"": 0.034596, ""425-450"": 0.001976, ""450-475"": 3.8e-05, ""475-500"": 0.0}",8.93,62.56,24.60,3.46,0.20,0.00,0.00,2026-03-20,,settlement_export
2026-03-20 10:00:00,2026/3/20 23:59:59 CT,2027-04-28,350-375,,,,350-375,60.93,"{""325-350"": 0.112239, ""350-375"": 0.609313, ""375-400"": 0.236969, ""400-425"": 0.033198, ""425-450"": 0.001893, ""450-475"": 3.7e-05, ""475-500"": 0.0}",11.22,60.93,23.70,3.32,0.19,0.00,0.00,2026-03-20,,settlement_export
2026-03-20 10:00:00,2026/3/20 23:59:59 CT,2027-06-09,350-375,,,,,0.00,"{""325-350"": 0.0, ""350-375"": 0.0, ""375-400"": 0.0, ""400-425"": 0.0, ""425-450"": 0.0, ""450-475"": 0.0, ""475-500"": 0.0}",0.00,0.00,0.00,0.00,0.00,0.00,0.00,2026-03-20,,settlement_export
2026-03-20 10:00:00,2026/3/20 23:59:59 CT,2027-07-28,350-375,,,,,0.00,"{""325-350"": 0.0, ""350-375"": 0.0, ""375-400"": 0.0, ""400-425"": 0.0, ""425-450"": 0.0, ""450-475"": 0.0, ""475-500"": 0.0}",0.00,0.00,0.00,0.00,0.00,0.00,0.00,2026-03-20,,settlement_export
2026-03-20 10:00:00,2026/3/20 23:59:59 CT,2027-09-15,350-375,,,,,0.00,"{""325-350"": 0.0, ""350-375"": 0.0, ""375-400"": 0.0, ""400-425"": 0.0, ""425-450"": 0.0, ""450-475"": 0.0, ""475-500"": 0.0}",0.00,0.00,0.00,0.00,0.00,0.00,0.00,2026-03-20,,settlement_export
2026-03-20 10:00:00,2026/3/20 23:59:59 CT,2027-10-27,350-375,,,,,0.00,"{""325-350"": 0.0, ""350-375"": 0.0, ""375-400"": 0.0, ""400-425"": 0.0, ""425-450"": 0.0, ""450-475"": 0.0, ""475-500"": 0.0}",0.00,0.00,0.00,0.00,0.00,0.00,0.00,2026-03-20,,settlement_export
2026-03-20 10:00:00,2026/3/20 23:59:59 CT,2027-12-08,350-375,,,,,0.00,"{""325-350"": 0.0, ""350-375"": 0.0, ""375-400"": 0.0, ""400-425"": 0.0, ""425-450"": 0.0, ""450-475"": 0.0, ""475-500"": 0.0}",0.00,0.00,0.00,0.00,0.00,0.00,0.00,2026-03-20,,settlement_export
2026-03-23 10:00:00,2026/3/23 23:59:59 CT,2026-09-16,350-375,,,,350-375,86.23,"{""325-350"": 0.038324, ""350-375"": 0.862262, ""375-400"": 0.096323, ""400-425"": 0.003062, ""425-450"": 3e-05, ""450-475"": 0.0, ""475-500"": 0.0}",3.83,86.23,9.63,0.31,0.00,0.00,0.00,2026-03-23,,settlement_export
2026-03-23 10:00:00,2026/3/23 23:59:59 CT,2026-10-28,350-375,,,,350-375,84.53,"{""325-350"": 0.056568, ""350-375"": 0.845302, ""375-400"": 0.094258, ""400-425"": 0.002995, ""425-450"": 2.9e-05, ""450-475"": 0.0, ""475-500"": 0.0}",5.66,84.53,9.43,0.30,0.00,0.00,0.00,2026-03-23,,settlement_export
2026-03-23 10:00:00,2026/3/23 23:59:59 CT,2026-12-09,350-375,,,,350-375,74.24,"{""325-350"": 0.164654, ""350-375"": 0.742381, ""375-400"": 0.081751, ""400-425"": 0.002588, ""425-450"": 2.5e-05, ""450-475"": 0.0, ""475-500"": 0.0}",16.47,74.24,8.18,0.26,0.00,0.00,0.00,2026-03-23,,settlement_export
2026-03-23 10:00:00,2026/3/23 23:59:59 CT,2027-01-27,350-375,,,,350-375,72.72,"{""325-350"": 0.17792, ""350-375"": 0.727211, ""375-400"": 0.079933, ""400-425"": 0.002529, ""425-450"": 2.5e-05, ""450-475"": 0.0, ""475-500"": 0.0}",17.79,72.72,7.99,0.25,0.00,0.00,0.00,2026-03-23,,settlement_export
2026-03-23 10:00:00,2026/3/23 23:59:59 CT,2027-03-17,350-375,,,,350-375,70.32,"{""325-350"": 0.198323, ""350-375"": 0.703169, ""375-400"": 0.077058, ""400-425"": 0.002436, ""425-450"": 2.4e-05, ""450-475"": 0.0, ""475-500"": 0.0}",19.83,70.32,7.71,0.24,0.00,0.00,0.00,2026-03-23,,settlement_export
2026-03-23 10:00:00,2026/3/23 23:59:59 CT,2027-04-28,350-375,,,,350-375,67.63,"{""325-350"": 0.219959, ""350-375"": 0.676336, ""375-400"": 0.07386, ""400-425"": 0.002333, ""425-450"": 2.3e-05, ""450-475"": 0.0, ""475-500"": 0.0}",22.00,67.63,7.39,0.23,0.00,0.00,0.00,2026-03-23,,settlement_export
2026-03-23 10:00:00,2026/3/23 23:59:59 CT,2027-06-09,350-375,,,,,0.00,"{""325-350"": 0.0, ""350-375"": 0.0, ""375-400"": 0.0, ""400-425"": 0.0, ""425-450"": 0.0, ""450-475"": 0.0, ""475-500"": 0.0}",0.00,0.00,0.00,0.00,0.00,0.00,0.00,2026-03-23,,settlement_export
2026-03-23 10:00:00,2026/3/23 23:59:59 CT,2027-07-28,350-375,,,,,0.00,"{""325-350"": 0.0, ""350-375"": 0.0, ""375-400"": 0.0, ""400-425"": 0.0, ""425-450"": 0.0, ""450-475"": 0.0, ""475-500"": 0.0}",0.00,0.00,0.00,0.00,0.00,0.00,0.00,2026-03-23,,settlement_export
2026-03-23 10:00:00,2026/3/23 23:59:59 CT,2027-09-15,350-375,,,,,0.00,"{""325-350"": 0.0, ""350-375"": 0.0, ""375-400"": 0.0, ""400-425"": 0.0, ""425-450"": 0.0, ""450-475"": 0.0, ""475-500"": 0.0}",0.00,0.00,0.00,0.00,0.00,0.00,0.00,2026-03-23,,settlement_export
2026-03-23 10:00:00,2026/3/23 23:59:59 CT,2027-10-27,350-375,,,,,0.00,"{""325-350"": 0.0, ""350-375"": 0.0, ""375-400"": 0.0, ""400-425"": 0.0, ""425-450"": 0.0, ""450-475"": 0.0, ""475-500"": 0.0}",0.00,0.00,0.00,0.00,0.00,0.00,0.00,2026-03-23,,settlement_export
2026-03-23 10:00:00,2026/3/23 23:59:59 CT,2027-12-08,350-375,,,,,0.00,"{""325-350"": 0.0, ""350-375"": 0.0, ""375-400"": 0.0, ""400-425"": 0.0, ""425-450"": 0.0, ""450-475"": 0.0, ""475-500"": 0.0}",0.00,0.00,0.00,0.00,0.00,0.00,0.00,2026-03-23,,settlement_export
2026-03-24 10:00:00,2026/3/24 23:59:59 CT,2026-09-16,350-375,,,,350-375,67.25,"{""325-350"": 0.0, ""350-375"": 0.672455, ""375-400"": 0.281724, ""400-425"": 0.042927, ""425-450"": 0.002827, ""450-475"": 6.8e-05, ""475-500"": 0.0}",0.00,67.25,28.17,4.29,0.28,0.01,0.00,2026-03-24,,settlement_export
2026-03-24 10:00:00,2026/3/24 23:59:59 CT,2026-10-28,350-375,,,,350-375,62.78,"{""325-350"": 0.0, ""350-375"": 0.627784, ""375-400"": 0.307679, ""400-425"": 0.05879, ""425-450"": 0.005491, ""450-475"": 0.000251, ""475-500"": 5e-06}",0.00,62.78,30.77,5.88,0.55,0.03,0.00,2026-03-24,,settlement_export
2026-03-24 10:00:00,2026/3/24 23:59:59 CT,2026-12-09,350-375,,,,350-375,60.22,"{""325-350"": 0.050223, ""350-375"": 0.602176, ""375-400"": 0.287768, ""400-425"": 0.054526, ""425-450"": 0.005072, ""450-475"": 0.000231, ""475-500"": 4e-06}",5.02,60.22,28.78,5.45,0.51,0.02,0.00,2026-03-24,,settlement_export
2026-03-24 10:00:00,2026/3/24 23:59:59 CT,2027-01-27,350-375,,,,350-375,60.22,"{""325-350"": 0.050223, ""350-375"": 0.602176, ""375-400"": 0.287768, ""400-425"": 0.054526, ""425-450"": 0.005072, ""450-475"": 0.000231, ""475-500"": 4e-06}",5.02,60.22,28.78,5.45,0.51,0.02,0.00,2026-03-24,,settlement_export
2026-03-24 10:00:00,2026/3/24 23:59:59 CT,2027-03-17,350-375,,,,350-375,59.68,"{""325-350"": 0.059685, ""350-375"": 0.596786, ""375-400"": 0.28377, ""400-425"": 0.053678, ""425-450"": 0.004989, ""450-475"": 0.000228, ""475-500"": 4e-06}",5.97,59.68,28.38,5.37,0.50,0.02,0.00,2026-03-24,,settlement_export
2026-03-24 10:00:00,2026/3/24 23:59:59 CT,2027-04-28,350-375,,,,350-375,58.34,"{""325-350"": 0.082703, ""350-375"": 0.583371, ""375-400"": 0.273909, ""400-425"": 0.051591, ""425-450"": 0.004785, ""450-475"": 0.000218, ""475-500"": 4e-06}",8.27,58.34,27.39,5.16,0.48,0.02,0.00,2026-03-24,,settlement_export
2026-03-24 10:00:00,2026/3/24 23:59:59 CT,2027-06-09,350-375,,,,,0.00,"{""325-350"": 0.0, ""350-375"": 0.0, ""375-400"": 0.0, ""400-425"": 0.0, ""425-450"": 0.0, ""450-475"": 0.0, ""475-500"": 0.0}",0.00,0.00,0.00,0.00,0.00,0.00,0.00,2026-03-24,,settlement_export
2026-03-24 10:00:00,2026/3/24 23:59:59 CT,2027-07-28,350-375,,,,,0.00,"{""325-350"": 0.0, ""350-375"": 0.0, ""375-400"": 0.0, ""400-425"": 0.0, ""425-450"": 0.0, ""450-475"": 0.0, ""475-500"": 0.0}",0.00,0.00,0.00,0.00,0.00,0.00,0.00,2026-03-24,,settlement_export
2026-03-24 10:00:00,2026/3/24 23:59:59 CT,2027-09-15,350-375,,,,,0.00,"{""325-350"": 0.0, ""350-375"": 0.0, ""375-400"": 0.0, ""400-425"": 0.0, ""425-450"": 0.0, ""450-475"": 0.0, ""475-500"": 0.0}",0.00,0.00,0.00,0.00,0.00,0.00,0.00,2026-03-24,,settlement_export
2026-03-24 10:00:00,2026/3/24 23:59:59 CT,2027-10-27,350-375,,,,,0.00,"{""325-350"": 0.0, ""350-375"": 0.0, ""375-400"": 0.0, ""400-425"": 0.0, ""425-450"": 0.0, ""450-475"": 0.0, ""475-500"": 0.0}",0.00,0.00,0.00,0.00,0.00,0.00,0.00,2026-03-24,,settlement_export
2026-03-24 10:00:00,2026/3/24 23:59:59 CT,2027-12-08,350-375,,,,,0.00,"{""325-350"": 0.0, ""350-375"": 0.0, ""375-400"": 0.0, ""400-425"": 0.0, ""425-450"": 0.0, ""450-475"": 0.0, ""475-500"": 0.0}",0.00,0.00,0.00,0.00,0.00,0.00,0.00,2026-03-24,,settlement_export
2026-03-25 10:00:00,2026/3/25 23:59:59 CT,2026-09-16,350-375,,,,350-375,79.56,"{""325-350"": 0.0, ""350-375"": 0.795628, ""375-400"": 0.189832, ""400-425"": 0.014216, ""425-450"": 0.000324, ""450-475"": 0.0, ""475-500"": 0.0}",0.00,79.56,18.98,1.42,0.03,0.00,0.00,2026-03-25,,settlement_export
2026-03-25 10:00:00,2026/3/25 23:59:59 CT,2026-10-28,350-375,,,,350-375,77.80,"{""325-350"": 0.0, ""350-375"": 0.77801, ""375-400"": 0.203246, ""400-425"": 0.018105, ""425-450"": 0.000632, ""450-475"": 7e-06, ""475-500"": 0.0}",0.00,77.80,20.32,1.81,0.06,0.00,0.00,2026-03-25,,settlement_export
2026-03-25 10:00:00,2026/3/25 23:59:59 CT,2026-12-09,350-375,,,,350-375,72.22,"{""325-350"": 0.075496, ""350-375"": 0.722237, ""375-400"": 0.18528, ""400-425"": 0.016409, ""425-450"": 0.000571, ""450-475"": 6e-06, ""475-500"": 0.0}",7.55,72.22,18.53,1.64,0.06,0.00,0.00,2026-03-25,,settlement_export
2026-03-25 10:00:00,2026/3/25 23:59:59 CT,2027-01-27,350-375,,,,350-375,70.99,"{""325-350"": 0.090347, ""350-375"": 0.709907, ""375-400"": 0.181403, ""400-425"": 0.016046, ""425-450"": 0.000558, ""450-475"": 6e-06, ""475-500"": 0.0}",9.03,70.99,18.14,1.60,0.06,0.00,0.00,2026-03-25,,settlement_export
2026-03-25 10:00:00,2026/3/25 23:59:59 CT,2027-03-17,350-375,,,,350-375,69.10,"{""325-350"": 0.112474, ""350-375"": 0.691032, ""375-400"": 0.175497, ""400-425"": 0.015493, ""425-450"": 0.000538, ""450-475"": 6e-06, ""475-500"": 0.0}",11.25,69.10,17.55,1.55,0.05,0.00,0.00,2026-03-25,,settlement_export
2026-03-25 10:00:00,2026/3/25 23:59:59 CT,2027-04-28,350-375,,,,350-375,65.79,"{""325-350"": 0.149667, ""350-375"": 0.65789, ""375-400"": 0.165211, ""400-425"": 0.014531, ""425-450"": 0.000504, ""450-475"": 6e-06, ""475-500"": 0.0}",14.97,65.79,16.52,1.45,0.05,0.00,0.00,2026-03-25,,settlement_export
2026-03-25 10:00:00,2026/3/25 23:59:59 CT,2027-06-09,350-375,,,,,0.00,"{""325-350"": 0.0, ""350-375"": 0.0, ""375-400"": 0.0, ""400-425"": 0.0, ""425-450"": 0.0, ""450-475"": 0.0, ""475-500"": 0.0}",0.00,0.00,0.00,0.00,0.00,0.00,0.00,2026-03-25,,settlement_export
2026-03-25 10:00:00,2026/3/25 23:59:59 CT,2027-07-28,350-375,,,,,0.00,"{""325-350"": 0.0, ""350-375"": 0.0, ""375-400"": 0.0, ""400-425"": 0.0, ""425-450"": 0.0, ""450-475"": 0.0, ""475-500"": 0.0}",0.00,0.00,0.00,0.00,0.00,0.00,0.00,2026-03-25,,settlement_export
2026-03-25 10:00:00,2026/3/25 23:59:59 CT,2027-09-15,350-375,,,,,0.00,"{""325-350"": 0.0, ""350-375"": 0.0, ""375-400"": 0.0, ""400-425"": 0.0, ""425-450"": 0.0, ""450-475"": 0.0, ""475-500"": 0.0}",0.00,0.00,0.00,0.00,0.00,0.00,0.00,2026-03-25,,settlement_export
2026-03-25 10:00:00,2026/3/25 23:59:59 CT,2027-10-27,350-375,,,,,0.00,"{""325-350"": 0.0, ""350-375"": 0.0, ""375-400"": 0.0, ""400-425"": 0.0, ""425-450"": 0.0, ""450-475"": 0.0, ""475-500"": 0.0}",0.00,0.00,0.00,0.00,0.00,0.00,0.00,2026-03-25,,settlement_export
2026-03-25 10:00:00,2026/3/25 23:59:59 CT,2027-12-08,350-375,,,,,0.00,"{""325-350"": 0.0, ""350-375"": 0.0, ""375-400"": 0.0, ""400-425"": 0.0, ""425-450"": 0.0, ""450-475"": 0.0, ""475-500"": 0.0}",0.00,0.00,0.00,0.00,0.00,0.00,0.00,2026-03-25,,settlement_export
2026-03-26 10:00:00,2026/3/26 23:59:59 CT,2026-09-16,350-375,,,,350-375,59.91,"{""325-350"": 0.0, ""350-375"": 0.599121, ""375-400"": 0.333171, ""400-425"": 0.062916, ""425-450"": 0.004673, ""450-475"": 0.000119, ""475-500"": 0.0}",0.00,59.91,33.32,6.29,0.47,0.01,0.00,2026-03-26,,settlement_export
2026-03-26 10:00:00,2026/3/26 23:59:59 CT,2026-10-28,350-375,,,,350-375,54.61,"{""325-350"": 0.0, ""350-375"": 0.546056, ""375-400"": 0.356727, ""400-425"": 0.086853, ""425-450"": 0.009832, ""450-475"": 0.000522, ""475-500"": 1.1e-05}",0.00,54.61,35.67,8.69,0.98,0.05,0.00,2026-03-26,,settlement_export
2026-03-26 10:00:00,2026/3/26 23:59:59 CT,2026-12-09,350-375,,,,350-375,54.17,"{""325-350"": 0.012539, ""350-375"": 0.541708, ""375-400"": 0.350529, ""400-425"": 0.085084, ""425-450"": 0.009618, ""450-475"": 0.00051, ""475-500"": 1e-05}",1.25,54.17,35.05,8.51,0.96,0.05,0.00,2026-03-26,,settlement_export
2026-03-26 10:00:00,2026/3/26 23:59:59 CT,2027-01-27,350-375,,,,350-375,52.96,"{""325-350"": 0.012251, ""350-375"": 0.529557, ""375-400"": 0.35492, ""400-425"": 0.09118, ""425-450"": 0.011351, ""450-475"": 0.00072, ""475-500"": 2.2e-05}",1.23,52.96,35.49,9.12,1.14,0.07,0.00,2026-03-26,,settlement_export
2026-03-26 10:00:00,2026/3/26 23:59:59 CT,2027-03-17,350-375,,,,350-375,52.28,"{""325-350"": 0.032204, ""350-375"": 0.522821, ""375-400"": 0.344747, ""400-425"": 0.088101, ""425-450"": 0.010941, ""450-475"": 0.000693, ""475-500"": 2.1e-05}",3.22,52.28,34.47,8.81,1.09,0.07,0.00,2026-03-26,,settlement_export
2026-03-26 10:00:00,2026/3/26 23:59:59 CT,2027-04-28,350-375,,,,350-375,51.90,"{""325-350"": 0.042718, ""350-375"": 0.519005, ""375-400"": 0.339247, ""400-425"": 0.086447, ""425-450"": 0.010721, ""450-475"": 0.000678, ""475-500"": 2e-05}",4.27,51.90,33.92,8.64,1.07,0.07,0.00,2026-03-26,,settlement_export
2026-03-26 10:00:00,2026/3/26 23:59:59 CT,2027-06-09,350-375,,,,,0.00,"{""325-350"": 0.0, ""350-375"": 0.0, ""375-400"": 0.0, ""400-425"": 0.0, ""425-450"": 0.0, ""450-475"": 0.0, ""475-500"": 0.0}",0.00,0.00,0.00,0.00,0.00,0.00,0.00,2026-03-26,,settlement_export
2026-03-26 10:00:00,2026/3/26 23:59:59 CT,2027-07-28,350-375,,,,,0.00,"{""325-350"": 0.0, ""350-375"": 0.0, ""375-400"": 0.0, ""400-425"": 0.0, ""425-450"": 0.0, ""450-475"": 0.0, ""475-500"": 0.0}",0.00,0.00,0.00,0.00,0.00,0.00,0.00,2026-03-26,,settlement_export
2026-03-26 10:00:00,2026/3/26 23:59:59 CT,2027-09-15,350-375,,,,,0.00,"{""325-350"": 0.0, ""350-375"": 0.0, ""375-400"": 0.0, ""400-425"": 0.0, ""425-450"": 0.0, ""450-475"": 0.0, ""475-500"": 0.0}",0.00,0.00,0.00,0.00,0.00,0.00,0.00,2026-03-26,,settlement_export
2026-03-26 10:00:00,2026/3/26 23:59:59 CT,2027-10-27,350-375,,,,,0.00,"{""325-350"": 0.0, ""350-375"": 0.0, ""375-400"": 0.0, ""400-425"": 0.0, ""425-450"": 0.0, ""450-475"": 0.0, ""475-500"": 0.0}",0.00,0.00,0.00,0.00,0.00,0.00,0.00,2026-03-26,,settlement_export
2026-03-26 10:00:00,2026/3/26 23:59:59 CT,2027-12-08,350-375,,,,,0.00,"{""325-350"": 0.0, ""350-375"": 0.0, ""375-400"": 0.0, ""400-425"": 0.0, ""425-450"": 0.0, ""450-475"": 0.0, ""475-500"": 0.0}",0.00,0.00,0.00,0.00,0.00,0.00,0.00,2026-03-26,,settlement_export
2026-03-27 10:00:00,2026/3/27 23:59:59 CT,2026-09-16,350-375,,,,350-375,77.95,"{""325-350"": 0.0, ""350-375"": 0.779495, ""375-400"": 0.20439, ""400-425"": 0.015645, ""425-450"": 0.000465, ""450-475"": 5e-06, ""475-500"": 0.0}",0.00,77.95,20.44,1.56,0.05,0.00,0.00,2026-03-27,,settlement_export
2026-03-27 10:00:00,2026/3/27 23:59:59 CT,2026-10-28,350-375,,,,350-375,74.50,"{""325-350"": 0.0, ""350-375"": 0.744974, ""375-400"": 0.229859, ""400-425"": 0.024004, ""425-450"": 0.001137, ""450-475"": 2.5e-05, ""475-500"": 0.0}",0.00,74.50,22.99,2.40,0.11,0.00,0.00,2026-03-27,,settlement_export
2026-03-27 10:00:00,2026/3/27 23:59:59 CT,2026-12-09,350-375,,,,350-375,72.44,"{""325-350"": 0.029799, ""350-375"": 0.72437, ""375-400"": 0.221625, ""400-425"": 0.023089, ""425-450"": 0.001092, ""450-475"": 2.4e-05, ""475-500"": 0.0}",2.98,72.44,22.16,2.31,0.11,0.00,0.00,2026-03-27,,settlement_export
2026-03-27 10:00:00,2026/3/27 23:59:59 CT,2027-01-27,350-375,,,,350-375,72.44,"{""325-350"": 0.029799, ""350-375"": 0.72437, ""375-400"": 0.221625, ""400-425"": 0.023089, ""425-450"": 0.001092, ""450-475"": 2.4e-05, ""475-500"": 0.0}",2.98,72.44,22.16,2.31,0.11,0.00,0.00,2026-03-27,,settlement_export
2026-03-27 10:00:00,2026/3/27 23:59:59 CT,2027-03-17,350-375,,,,350-375,70.50,"{""325-350"": 0.05659, ""350-375"": 0.704978, ""375-400"": 0.213967, ""400-425"": 0.022241, ""425-450"": 0.001051, ""450-475"": 2.3e-05, ""475-500"": 0.0}",5.66,70.50,21.40,2.22,0.11,0.00,0.00,2026-03-27,,settlement_export
2026-03-27 10:00:00,2026/3/27 23:59:59 CT,2027-04-28,350-375,,,,350-375,69.45,"{""325-350"": 0.070484, ""350-375"": 0.694457, ""375-400"": 0.209859, ""400-425"": 0.021787, ""425-450"": 0.001029, ""450-475"": 2.3e-05, ""475-500"": 0.0}",7.05,69.45,20.99,2.18,0.10,0.00,0.00,2026-03-27,,settlement_export
2026-03-27 10:00:00,2026/3/27 23:59:59 CT,2027-06-09,350-375,,,,,0.00,"{""325-350"": 0.0, ""350-375"": 0.0, ""375-400"": 0.0, ""400-425"": 0.0, ""425-450"": 0.0, ""450-475"": 0.0, ""475-500"": 0.0}",0.00,0.00,0.00,0.00,0.00,0.00,0.00,2026-03-27,,settlement_export
2026-03-27 10:00:00,2026/3/27 23:59:59 CT,2027-07-28,350-375,,,,,0.00,"{""325-350"": 0.0, ""350-375"": 0.0, ""375-400"": 0.0, ""400-425"": 0.0, ""425-450"": 0.0, ""450-475"": 0.0, ""475-500"": 0.0}",0.00,0.00,0.00,0.00,0.00,0.00,0.00,2026-03-27,,settlement_export
2026-03-27 10:00:00,2026/3/27 23:59:59 CT,2027-09-15,350-375,,,,,0.00,"{""325-350"": 0.0, ""350-375"": 0.0, ""375-400"": 0.0, ""400-425"": 0.0, ""425-450"": 0.0, ""450-475"": 0.0, ""475-500"": 0.0}",0.00,0.00,0.00,0.00,0.00,0.00,0.00,2026-03-27,,settlement_export
2026-03-27 10:00:00,2026/3/27 23:59:59 CT,2027-10-27,350-375,,,,,0.00,"{""325-350"": 0.0, ""350-375"": 0.0, ""375-400"": 0.0, ""400-425"": 0.0, ""425-450"": 0.0, ""450-475"": 0.0, ""475-500"": 0.0}",0.00,0.00,0.00,0.00,0.00,0.00,0.00,2026-03-27,,settlement_export
2026-03-27 10:00:00,2026/3/27 23:59:59 CT,2027-12-08,350-375,,,,,0.00,"{""325-350"": 0.0, ""350-375"": 0.0, ""375-400"": 0.0, ""400-425"": 0.0, ""425-450"": 0.0, ""450-475"": 0.0, ""475-500"": 0.0}",0.00,0.00,0.00,0.00,0.00,0.00,0.00,2026-03-27,,settlement_export
2026-03-30 10:00:00,2026/3/30 23:59:59 CT,2026-09-16,350-375,,,,350-375,87.10,"{""325-350"": 0.072311, ""350-375"": 0.87096, ""375-400"": 0.054469, ""400-425"": 0.000763, ""425-450"": 0.0, ""450-475"": 0.0, ""475-500"": 0.0}",7.23,87.10,5.45,0.08,0.00,0.00,0.00,2026-03-30,,settlement_export
2026-03-30 10:00:00,2026/3/30 23:59:59 CT,2026-10-28,350-375,,,,350-375,87.10,"{""325-350"": 0.072311, ""350-375"": 0.87096, ""375-400"": 0.054469, ""400-425"": 0.000763, ""425-450"": 0.0, ""450-475"": 0.0, ""475-500"": 0.0}",7.23,87.10,5.45,0.08,0.00,0.00,0.00,2026-03-30,,settlement_export
2026-03-30 10:00:00,2026/3/30 23:59:59 CT,2026-12-09,350-375,,,,350-375,79.41,"{""325-350"": 0.147443, ""350-375"": 0.794149, ""375-400"": 0.049417, ""400-425"": 0.000691, ""425-450"": 0.0, ""450-475"": 0.0, ""475-500"": 0.0}",14.74,79.41,4.94,0.07,0.00,0.00,0.00,2026-03-30,,settlement_export
2026-03-30 10:00:00,2026/3/30 23:59:59 CT,2027-01-27,350-375,,,,350-375,75.99,"{""325-350"": 0.177144, ""350-375"": 0.759947, ""375-400"": 0.047179, ""400-425"": 0.000659, ""425-450"": 0.0, ""450-475"": 0.0, ""475-500"": 0.0}",17.71,75.99,4.72,0.07,0.00,0.00,0.00,2026-03-30,,settlement_export
2026-03-30 10:00:00,2026/3/30 23:59:59 CT,2027-03-17,350-375,,,,350-375,73.25,"{""325-350"": 0.199623, ""350-375"": 0.732454, ""375-400"": 0.045385, ""400-425"": 0.000634, ""425-450"": 0.0, ""450-475"": 0.0, ""475-500"": 0.0}",19.96,73.25,4.54,0.06,0.00,0.00,0.00,2026-03-30,,settlement_export
2026-03-30 10:00:00,2026/3/30 23:59:59 CT,2027-04-28,350-375,,,,350-375,71.77,"{""325-350"": 0.211041, ""350-375"": 0.717731, ""375-400"": 0.044426, ""400-425"": 0.00062, ""425-450"": 0.0, ""450-475"": 0.0, ""475-500"": 0.0}",21.10,71.77,4.44,0.06,0.00,0.00,0.00,2026-03-30,,settlement_export
2026-03-30 10:00:00,2026/3/30 23:59:59 CT,2027-06-09,350-375,,,,,0.00,"{""325-350"": 0.0, ""350-375"": 0.0, ""375-400"": 0.0, ""400-425"": 0.0, ""425-450"": 0.0, ""450-475"": 0.0, ""475-500"": 0.0}",0.00,0.00,0.00,0.00,0.00,0.00,0.00,2026-03-30,,settlement_export
2026-03-30 10:00:00,2026/3/30 23:59:59 CT,2027-07-28,350-375,,,,,0.00,"{""325-350"": 0.0, ""350-375"": 0.0, ""375-400"": 0.0, ""400-425"": 0.0, ""425-450"": 0.0, ""450-475"": 0.0, ""475-500"": 0.0}",0.00,0.00,0.00,0.00,0.00,0.00,0.00,2026-03-30,,settlement_export
2026-03-30 10:00:00,2026/3/30 23:59:59 CT,2027-09-15,350-375,,,,,0.00,"{""325-350"": 0.0, ""350-375"": 0.0, ""375-400"": 0.0, ""400-425"": 0.0, ""425-450"": 0.0, ""450-475"": 0.0, ""475-500"": 0.0}",0.00,0.00,0.00,0.00,0.00,0.00,0.00,2026-03-30,,settlement_export
2026-03-30 10:00:00,2026/3/30 23:59:59 CT,2027-10-27,350-375,,,,,0.00,"{""325-350"": 0.0, ""350-375"": 0.0, ""375-400"": 0.0, ""400-425"": 0.0, ""425-450"": 0.0, ""450-475"": 0.0, ""475-500"": 0.0}",0.00,0.00,0.00,0.00,0.00,0.00,0.00,2026-03-30,,settlement_export
2026-03-30 10:00:00,2026/3/30 23:59:59 CT,2027-12-08,350-375,,,,,0.00,"{""325-350"": 0.0, ""350-375"": 0.0, ""375-400"": 0.0, ""400-425"": 0.0, ""425-450"": 0.0, ""450-475"": 0.0, ""475-500"": 0.0}",0.00,0.00,0.00,0.00,0.00,0.00,0.00,2026-03-30,,settlement_export
2026-03-31 10:00:00,2026/3/31 23:59:59 CT,2026-09-16,350-375,,,,350-375,87.40,"{""325-350"": 0.111472, ""350-375"": 0.873973, ""375-400"": 0.010997, ""400-425"": 2e-05, ""425-450"": 0.0, ""450-475"": 0.0, ""475-500"": 0.0}",11.15,87.40,1.10,0.00,0.00,0.00,0.00,2026-03-31,,settlement_export
2026-03-31 10:00:00,2026/3/31 23:59:59 CT,2026-10-28,350-375,,,,350-375,85.49,"{""325-350"": 0.128356, ""350-375"": 0.854864, ""375-400"": 0.010754, ""400-425"": 1.9e-05, ""425-450"": 0.0, ""450-475"": 0.0, ""475-500"": 0.0}",12.84,85.49,1.08,0.00,0.00,0.00,0.00,2026-03-31,,settlement_export
2026-03-31 10:00:00,2026/3/31 23:59:59 CT,2026-12-09,350-375,,,,350-375,76.11,"{""325-350"": 0.209079, ""350-375"": 0.761074, ""375-400"": 0.009561, ""400-425"": 1.7e-05, ""425-450"": 0.0, ""450-475"": 0.0, ""475-500"": 0.0}",20.91,76.11,0.96,0.00,0.00,0.00,0.00,2026-03-31,,settlement_export
2026-03-31 10:00:00,2026/3/31 23:59:59 CT,2027-01-27,350-375,,,,350-375,70.93,"{""325-350"": 0.247106, ""350-375"": 0.709303, ""375-400"": 0.008904, ""400-425"": 1.6e-05, ""425-450"": 0.0, ""450-475"": 0.0, ""475-500"": 0.0}",24.71,70.93,0.89,0.00,0.00,0.00,0.00,2026-03-31,,settlement_export
2026-03-31 10:00:00,2026/3/31 23:59:59 CT,2027-03-17,350-375,,,,350-375,69.63,"{""325-350"": 0.255689, ""350-375"": 0.696296, ""375-400"": 0.008739, ""400-425"": 1.6e-05, ""425-450"": 0.0, ""450-475"": 0.0, ""475-500"": 0.0}",25.57,69.63,0.87,0.00,0.00,0.00,0.00,2026-03-31,,settlement_export
2026-03-31 10:00:00,2026/3/31 23:59:59 CT,2027-04-28,350-375,,,,350-375,68.16,"{""325-350"": 0.265131, ""350-375"": 0.681562, ""375-400"": 0.008552, ""400-425"": 1.5e-05, ""425-450"": 0.0, ""450-475"": 0.0, ""475-500"": 0.0}",26.51,68.16,0.86,0.00,0.00,0.00,0.00,2026-03-31,,settlement_export
2026-03-31 10:00:00,2026/3/31 23:59:59 CT,2027-06-09,350-375,,,,,0.00,"{""325-350"": 0.0, ""350-375"": 0.0, ""375-400"": 0.0, ""400-425"": 0.0, ""425-450"": 0.0, ""450-475"": 0.0, ""475-500"": 0.0}",0.00,0.00,0.00,0.00,0.00,0.00,0.00,2026-03-31,,settlement_export
2026-03-31 10:00:00,2026/3/31 23:59:59 CT,2027-07-28,350-375,,,,,0.00,"{""325-350"": 0.0, ""350-375"": 0.0, ""375-400"": 0.0, ""400-425"": 0.0, ""425-450"": 0.0, ""450-475"": 0.0, ""475-500"": 0.0}",0.00,0.00,0.00,0.00,0.00,0.00,0.00,2026-03-31,,settlement_export
2026-03-31 10:00:00,2026/3/31 23:59:59 CT,2027-09-15,350-375,,,,,0.00,"{""325-350"": 0.0, ""350-375"": 0.0, ""375-400"": 0.0, ""400-425"": 0.0, ""425-450"": 0.0, ""450-475"": 0.0, ""475-500"": 0.0}",0.00,0.00,0.00,0.00,0.00,0.00,0.00,2026-03-31,,settlement_export
2026-03-31 10:00:00,2026/3/31 23:59:59 CT,2027-10-27,350-375,,,,,0.00,"{""325-350"": 0.0, ""350-375"": 0.0, ""375-400"": 0.0, ""400-425"": 0.0, ""425-450"": 0.0, ""450-475"": 0.0, ""475-500"": 0.0}",0.00,0.00,0.00,0.00,0.00,0.00,0.00,2026-03-31,,settlement_export
2026-03-31 10:00:00,2026/3/31 23:59:59 CT,2027-12-08,350-375,,,,,0.00,"{""325-350"": 0.0, ""350-375"": 0.0, ""375-400"": 0.0, ""400-425"": 0.0, ""425-450"": 0.0, ""450-475"": 0.0, ""475-500"": 0.0}",0.00,0.00,0.00,0.00,0.00,0.00,0.00,2026-03-31,,settlement_export
2026-04-01 10:00:00,2026/4/1 23:59:59 CT,2026-09-16,350-375,,,,350-375,88.02,"{""325-350"": 0.106717, ""350-375"": 0.880192, ""375-400"": 0.009189, ""400-425"": 0.0, ""425-450"": 0.0, ""450-475"": 0.0, ""475-500"": 0.0}",10.67,88.02,0.92,0.00,0.00,0.00,0.00,2026-04-01,,settlement_export
2026-04-01 10:00:00,2026/4/1 23:59:59 CT,2026-10-28,350-375,,,,350-375,84.16,"{""325-350"": 0.140971, ""350-375"": 0.841619, ""375-400"": 0.008782, ""400-425"": 0.0, ""425-450"": 0.0, ""450-475"": 0.0, ""475-500"": 0.0}",14.10,84.16,0.88,0.00,0.00,0.00,0.00,2026-04-01,,settlement_export
2026-04-01 10:00:00,2026/4/1 23:59:59 CT,2026-12-09,350-375,,,,350-375,73.24,"{""325-350"": 0.232834, ""350-375"": 0.732425, ""375-400"": 0.007631, ""400-425"": 0.0, ""425-450"": 0.0, ""450-475"": 0.0, ""475-500"": 0.0}",23.28,73.24,0.76,0.00,0.00,0.00,0.00,2026-04-01,,settlement_export
2026-04-01 10:00:00,2026/4/1 23:59:59 CT,2027-01-27,350-375,,,,350-375,68.25,"{""325-350"": 0.26725, ""350-375"": 0.682495, ""375-400"": 0.007105, ""400-425"": 0.0, ""425-450"": 0.0, ""450-475"": 0.0, ""475-500"": 0.0}",26.72,68.25,0.71,0.00,0.00,0.00,0.00,2026-04-01,,settlement_export
2026-04-01 10:00:00,2026/4/1 23:59:59 CT,2027-03-17,350-375,,,,350-375,65.64,"{""325-350"": 0.283267, ""350-375"": 0.656444, ""375-400"": 0.006831, ""400-425"": 0.0, ""425-450"": 0.0, ""450-475"": 0.0, ""475-500"": 0.0}",28.33,65.64,0.68,0.00,0.00,0.00,0.00,2026-04-01,,settlement_export
2026-04-01 10:00:00,2026/4/1 23:59:59 CT,2027-04-28,350-375,,,,350-375,64.25,"{""325-350"": 0.291263, ""350-375"": 0.642524, ""375-400"": 0.006685, ""400-425"": 0.0, ""425-450"": 0.0, ""450-475"": 0.0, ""475-500"": 0.0}",29.13,64.25,0.67,0.00,0.00,0.00,0.00,2026-04-01,,settlement_export
2026-04-01 10:00:00,2026/4/1 23:59:59 CT,2027-06-09,350-375,,,,,0.00,"{""325-350"": 0.0, ""350-375"": 0.0, ""375-400"": 0.0, ""400-425"": 0.0, ""425-450"": 0.0, ""450-475"": 0.0, ""475-500"": 0.0}",0.00,0.00,0.00,0.00,0.00,0.00,0.00,2026-04-01,,settlement_export
2026-04-01 10:00:00,2026/4/1 23:59:59 CT,2027-07-28,350-375,,,,,0.00,"{""325-350"": 0.0, ""350-375"": 0.0, ""375-400"": 0.0, ""400-425"": 0.0, ""425-450"": 0.0, ""450-475"": 0.0, ""475-500"": 0.0}",0.00,0.00,0.00,0.00,0.00,0.00,0.00,2026-04-01,,settlement_export
2026-04-01 10:00:00,2026/4/1 23:59:59 CT,2027-09-15,350-375,,,,,0.00,"{""325-350"": 0.0, ""350-375"": 0.0, ""375-400"": 0.0, ""400-425"": 0.0, ""425-450"": 0.0, ""450-475"": 0.0, ""475-500"": 0.0}",0.00,0.00,0.00,0.00,0.00,0.00,0.00,2026-04-01,,settlement_export
2026-04-01 10:00:00,2026/4/1 23:59:59 CT,2027-10-27,350-375,,,,,0.00,"{""325-350"": 0.0, ""350-375"": 0.0, ""375-400"": 0.0, ""400-425"": 0.0, ""425-450"": 0.0, ""450-475"": 0.0, ""475-500"": 0.0}",0.00,0.00,0.00,0.00,0.00,0.00,0.00,2026-04-01,,settlement_export
2026-04-01 10:00:00,2026/4/1 23:59:59 CT,2027-12-08,350-375,,,,,0.00,"{""325-350"": 0.0, ""350-375"": 0.0, ""375-400"": 0.0, ""400-425"": 0.0, ""425-450"": 0.0, ""450-475"": 0.0, ""475-500"": 0.0}",0.00,0.00,0.00,0.00,0.00,0.00,0.00,2026-04-01,,settlement_export
2026-04-02 10:00:00,2026/4/2 23:59:59 CT,2026-09-16,350-375,,,,350-375,90.07,"{""325-350"": 0.094906, ""350-375"": 0.900718, ""375-400"": 0.001934, ""400-425"": 0.0, ""425-450"": 0.0, ""450-475"": 0.0, ""475-500"": 0.0}",9.49,90.07,0.19,0.00,0.00,0.00,0.00,2026-04-02,,settlement_export
2026-04-02 10:00:00,2026/4/2 23:59:59 CT,2026-10-28,350-375,,,,350-375,88.08,"{""325-350"": 0.112749, ""350-375"": 0.880816, ""375-400"": 0.001891, ""400-425"": 0.0, ""425-450"": 0.0, ""450-475"": 0.0, ""475-500"": 0.0}",11.27,88.08,0.19,0.00,0.00,0.00,0.00,2026-04-02,,settlement_export
2026-04-02 10:00:00,2026/4/2 23:59:59 CT,2026-12-09,350-375,,,,350-375,76.30,"{""325-350"": 0.215727, ""350-375"": 0.762975, ""375-400"": 0.001637, ""400-425"": 0.0, ""425-450"": 0.0, ""450-475"": 0.0, ""475-500"": 0.0}",21.57,76.30,0.16,0.00,0.00,0.00,0.00,2026-04-02,,settlement_export
2026-04-02 10:00:00,2026/4/2 23:59:59 CT,2027-01-27,350-375,,,,350-375,72.80,"{""325-350"": 0.24086, ""350-375"": 0.72801, ""375-400"": 0.001562, ""400-425"": 0.0, ""425-450"": 0.0, ""450-475"": 0.0, ""475-500"": 0.0}",24.09,72.80,0.16,0.00,0.00,0.00,0.00,2026-04-02,,settlement_export
2026-04-02 10:00:00,2026/4/2 23:59:59 CT,2027-03-17,350-375,,,,350-375,70.00,"{""325-350"": 0.25965, ""350-375"": 0.69999, ""375-400"": 0.001502, ""400-425"": 0.0, ""425-450"": 0.0, ""450-475"": 0.0, ""475-500"": 0.0}",25.96,70.00,0.15,0.00,0.00,0.00,0.00,2026-04-02,,settlement_export
2026-04-02 10:00:00,2026/4/2 23:59:59 CT,2027-04-28,350-375,,,,350-375,68.50,"{""325-350"": 0.269086, ""350-375"": 0.685022, ""375-400"": 0.00147, ""400-425"": 0.0, ""425-450"": 0.0, ""450-475"": 0.0, ""475-500"": 0.0}",26.91,68.50,0.15,0.00,0.00,0.00,0.00,2026-04-02,,settlement_export
2026-04-02 10:00:00,2026/4/2 23:59:59 CT,2027-06-09,350-375,,,,,0.00,"{""325-350"": 0.0, ""350-375"": 0.0, ""375-400"": 0.0, ""400-425"": 0.0, ""425-450"": 0.0, ""450-475"": 0.0, ""475-500"": 0.0}",0.00,0.00,0.00,0.00,0.00,0.00,0.00,2026-04-02,,settlement_export
2026-04-02 10:00:00,2026/4/2 23:59:59 CT,2027-07-28,350-375,,,,,0.00,"{""325-350"": 0.0, ""350-375"": 0.0, ""375-400"": 0.0, ""400-425"": 0.0, ""425-450"": 0.0, ""450-475"": 0.0, ""475-500"": 0.0}",0.00,0.00,0.00,0.00,0.00,0.00,0.00,2026-04-02,,settlement_export
2026-04-02 10:00:00,2026/4/2 23:59:59 CT,2027-09-15,350-375,,,,,0.00,"{""325-350"": 0.0, ""350-375"": 0.0, ""375-400"": 0.0, ""400-425"": 0.0, ""425-450"": 0.0, ""450-475"": 0.0, ""475-500"": 0.0}",0.00,0.00,0.00,0.00,0.00,0.00,0.00,2026-04-02,,settlement_export
2026-04-02 10:00:00,2026/4/2 23:59:59 CT,2027-10-27,350-375,,,,,0.00,"{""325-350"": 0.0, ""350-375"": 0.0, ""375-400"": 0.0, ""400-425"": 0.0, ""425-450"": 0.0, ""450-475"": 0.0, ""475-500"": 0.0}",0.00,0.00,0.00,0.00,0.00,0.00,0.00,2026-04-02,,settlement_export
2026-04-02 10:00:00,2026/4/2 23:59:59 CT,2027-12-08,350-375,,,,,0.00,"{""325-350"": 0.0, ""350-375"": 0.0, ""375-400"": 0.0, ""400-425"": 0.0, ""425-450"": 0.0, ""450-475"": 0.0, ""475-500"": 0.0}",0.00,0.00,0.00,0.00,0.00,0.00,0.00,2026-04-02,,settlement_export
2026-04-06 10:00:00,2026/4/6 23:59:59 CT,2026-09-16,350-375,,,,350-375,88.21,"{""325-350"": 0.037929, ""350-375"": 0.882056, ""375-400"": 0.078196, ""400-425"": 0.001808, ""425-450"": 1.1e-05, ""450-475"": 0.0, ""475-500"": 0.0}",3.79,88.21,7.82,0.18,0.00,0.00,0.00,2026-04-06,,settlement_export
2026-04-06 10:00:00,2026/4/6 23:59:59 CT,2026-10-28,350-375,,,,350-375,82.60,"{""325-350"": 0.035409, ""350-375"": 0.825982, ""375-400"": 0.131595, ""400-425"": 0.006882, ""425-450"": 0.000131, ""450-475"": 1e-06, ""475-500"": 0.0}",3.54,82.60,13.16,0.69,0.01,0.00,0.00,2026-04-06,,settlement_export
2026-04-06 10:00:00,2026/4/6 23:59:59 CT,2026-12-09,350-375,,,,350-375,74.47,"{""325-350"": 0.127936, ""350-375"": 0.744713, ""375-400"": 0.116999, ""400-425"": 0.006092, ""425-450"": 0.000115, ""450-475"": 1e-06, ""475-500"": 0.0}",12.79,74.47,11.70,0.61,0.01,0.00,0.00,2026-04-06,,settlement_export
2026-04-06 10:00:00,2026/4/6 23:59:59 CT,2027-01-27,350-375,,,,350-375,73.03,"{""325-350"": 0.142099, ""350-375"": 0.730299, ""375-400"": 0.114452, ""400-425"": 0.005955, ""425-450"": 0.000113, ""450-475"": 1e-06, ""475-500"": 0.0}",14.21,73.03,11.45,0.60,0.01,0.00,0.00,2026-04-06,,settlement_export
2026-04-06 10:00:00,2026/4/6 23:59:59 CT,2027-03-17,350-375,,,,350-375,71.89,"{""325-350"": 0.153022, ""350-375"": 0.718862, ""375-400"": 0.112437, ""400-425"": 0.005846, ""425-450"": 0.000111, ""450-475"": 1e-06, ""475-500"": 0.0}",15.30,71.89,11.24,0.58,0.01,0.00,0.00,2026-04-06,,settlement_export
2026-04-06 10:00:00,2026/4/6 23:59:59 CT,2027-04-28,350-375,,,,350-375,70.59,"{""325-350"": 0.165147, ""350-375"": 0.705867, ""375-400"": 0.110153, ""400-425"": 0.005723, ""425-450"": 0.000108, ""450-475"": 1e-06, ""475-500"": 0.0}",16.51,70.59,11.02,0.57,0.01,0.00,0.00,2026-04-06,,settlement_export
2026-04-06 10:00:00,2026/4/6 23:59:59 CT,2027-06-09,350-375,,,,,0.00,"{""325-350"": 0.0, ""350-375"": 0.0, ""375-400"": 0.0, ""400-425"": 0.0, ""425-450"": 0.0, ""450-475"": 0.0, ""475-500"": 0.0}",0.00,0.00,0.00,0.00,0.00,0.00,0.00,2026-04-06,,settlement_export
2026-04-06 10:00:00,2026/4/6 23:59:59 CT,2027-07-28,350-375,,,,,0.00,"{""325-350"": 0.0, ""350-375"": 0.0, ""375-400"": 0.0, ""400-425"": 0.0, ""425-450"": 0.0, ""450-475"": 0.0, ""475-500"": 0.0}",0.00,0.00,0.00,0.00,0.00,0.00,0.00,2026-04-06,,settlement_export
2026-04-06 10:00:00,2026/4/6 23:59:59 CT,2027-09-15,350-375,,,,,0.00,"{""325-350"": 0.0, ""350-375"": 0.0, ""375-400"": 0.0, ""400-425"": 0.0, ""425-450"": 0.0, ""450-475"": 0.0, ""475-500"": 0.0}",0.00,0.00,0.00,0.00,0.00,0.00,0.00,2026-04-06,,settlement_export
2026-04-06 10:00:00,2026/4/6 23:59:59 CT,2027-10-27,350-375,,,,,0.00,"{""325-350"": 0.0, ""350-375"": 0.0, ""375-400"": 0.0, ""400-425"": 0.0, ""425-450"": 0.0, ""450-475"": 0.0, ""475-500"": 0.0}",0.00,0.00,0.00,0.00,0.00,0.00,0.00,2026-04-06,,settlement_export
2026-04-06 10:00:00,2026/4/6 23:59:59 CT,2027-12-08,350-375,,,,,0.00,"{""325-350"": 0.0, ""350-375"": 0.0, ""375-400"": 0.0, ""400-425"": 0.0, ""425-450"": 0.0, ""450-475"": 0.0, ""475-500"": 0.0}",0.00,0.00,0.00,0.00,0.00,0.00,0.00,2026-04-06,,settlement_export
2026-04-07 10:00:00,2026/4/7 23:59:59 CT,2026-09-16,350-375,,,,350-375,92.52,"{""325-350"": 0.037722, ""350-375"": 0.925215, ""375-400"": 0.036325, ""400-425"": 0.000355, ""425-450"": 0.0, ""450-475"": 0.0, ""475-500"": 0.0}",3.77,92.52,3.63,0.04,0.00,0.00,0.00,2026-04-07,,settlement_export
2026-04-07 10:00:00,2026/4/7 23:59:59 CT,2026-10-28,350-375,,,,350-375,90.56,"{""325-350"": 0.036895, ""350-375"": 0.905563, ""375-400"": 0.056008, ""400-425"": 0.001151, ""425-450"": 8e-06, ""450-475"": 0.0, ""475-500"": 0.0}",3.69,90.56,5.60,0.12,0.00,0.00,0.00,2026-04-07,,settlement_export
2026-04-07 10:00:00,2026/4/7 23:59:59 CT,2026-12-09,350-375,,,,350-375,80.87,"{""325-350"": 0.135988, ""350-375"": 0.808651, ""375-400"": 0.04975, ""400-425"": 0.001021, ""425-450"": 7e-06, ""450-475"": 0.0, ""475-500"": 0.0}",13.60,80.87,4.98,0.10,0.00,0.00,0.00,2026-04-07,,settlement_export
2026-04-07 10:00:00,2026/4/7 23:59:59 CT,2027-01-27,350-375,,,,350-375,77.38,"{""325-350"": 0.166881, ""350-375"": 0.773798, ""375-400"": 0.047512, ""400-425"": 0.000974, ""425-450"": 7e-06, ""450-475"": 0.0, ""475-500"": 0.0}",16.69,77.38,4.75,0.10,0.00,0.00,0.00,2026-04-07,,settlement_export
2026-04-07 10:00:00,2026/4/7 23:59:59 CT,2027-03-17,350-375,,,,350-375,74.58,"{""325-350"": 0.19029, ""350-375"": 0.745784, ""375-400"": 0.045717, ""400-425"": 0.000937, ""425-450"": 6e-06, ""450-475"": 0.0, ""475-500"": 0.0}",19.03,74.58,4.57,0.09,0.00,0.00,0.00,2026-04-07,,settlement_export
2026-04-07 10:00:00,2026/4/7 23:59:59 CT,2027-04-28,350-375,,,,350-375,73.08,"{""325-350"": 0.202194, ""350-375"": 0.730783, ""375-400"": 0.044757, ""400-425"": 0.000917, ""425-450"": 6e-06, ""450-475"": 0.0, ""475-500"": 0.0}",20.22,73.08,4.48,0.09,0.00,0.00,0.00,2026-04-07,,settlement_export
2026-04-07 10:00:00,2026/4/7 23:59:59 CT,2027-06-09,350-375,,,,,0.00,"{""325-350"": 0.0, ""350-375"": 0.0, ""375-400"": 0.0, ""400-425"": 0.0, ""425-450"": 0.0, ""450-475"": 0.0, ""475-500"": 0.0}",0.00,0.00,0.00,0.00,0.00,0.00,0.00,2026-04-07,,settlement_export
2026-04-07 10:00:00,2026/4/7 23:59:59 CT,2027-07-28,350-375,,,,,0.00,"{""325-350"": 0.0, ""350-375"": 0.0, ""375-400"": 0.0, ""400-425"": 0.0, ""425-450"": 0.0, ""450-475"": 0.0, ""475-500"": 0.0}",0.00,0.00,0.00,0.00,0.00,0.00,0.00,2026-04-07,,settlement_export
2026-04-07 10:00:00,2026/4/7 23:59:59 CT,2027-09-15,350-375,,,,,0.00,"{""325-350"": 0.0, ""350-375"": 0.0, ""375-400"": 0.0, ""400-425"": 0.0, ""425-450"": 0.0, ""450-475"": 0.0, ""475-500"": 0.0}",0.00,0.00,0.00,0.00,0.00,0.00,0.00,2026-04-07,,settlement_export
2026-04-07 10:00:00,2026/4/7 23:59:59 CT,2027-10-27,350-375,,,,,0.00,"{""325-350"": 0.0, ""350-375"": 0.0, ""375-400"": 0.0, ""400-425"": 0.0, ""425-450"": 0.0, ""450-475"": 0.0, ""475-500"": 0.0}",0.00,0.00,0.00,0.00,0.00,0.00,0.00,2026-04-07,,settlement_export
2026-04-07 10:00:00,2026/4/7 23:59:59 CT,2027-12-08,350-375,,,,,0.00,"{""325-350"": 0.0, ""350-375"": 0.0, ""375-400"": 0.0, ""400-425"": 0.0, ""425-450"": 0.0, ""450-475"": 0.0, ""475-500"": 0.0}",0.00,0.00,0.00,0.00,0.00,0.00,0.00,2026-04-07,,settlement_export
2026-04-08 10:00:00,2026/4/8 23:59:59 CT,2026-09-16,350-375,,,,350-375,95.50,"{""325-350"": 0.034726, ""350-375"": 0.954984, ""375-400"": 0.009979, ""400-425"": 0.0, ""425-450"": 0.0, ""450-475"": 0.0, ""475-500"": 0.0}",3.47,95.50,1.00,0.00,0.00,0.00,0.00,2026-04-08,,settlement_export
2026-04-08 10:00:00,2026/4/8 23:59:59 CT,2026-10-28,350-375,,,,350-375,91.31,"{""325-350"": 0.07548, ""350-375"": 0.913134, ""375-400"": 0.009537, ""400-425"": 0.0, ""425-450"": 0.0, ""450-475"": 0.0, ""475-500"": 0.0}",7.55,91.31,0.95,0.00,0.00,0.00,0.00,2026-04-08,,settlement_export
2026-04-08 10:00:00,2026/4/8 23:59:59 CT,2026-12-09,350-375,,,,350-375,77.66,"{""325-350"": 0.202059, ""350-375"": 0.77659, ""375-400"": 0.008096, ""400-425"": 0.0, ""425-450"": 0.0, ""450-475"": 0.0, ""475-500"": 0.0}",20.21,77.66,0.81,0.00,0.00,0.00,0.00,2026-04-08,,settlement_export
2026-04-08 10:00:00,2026/4/8 23:59:59 CT,2027-01-27,350-375,,,,350-375,72.36,"{""325-350"": 0.241638, ""350-375"": 0.72365, ""375-400"": 0.007538, ""400-425"": 0.0, ""425-450"": 0.0, ""450-475"": 0.0, ""475-500"": 0.0}",24.16,72.36,0.75,0.00,0.00,0.00,0.00,2026-04-08,,settlement_export
2026-04-08 10:00:00,2026/4/8 23:59:59 CT,2027-03-17,350-375,,,,350-375,66.84,"{""325-350"": 0.278822, ""350-375"": 0.668407, ""375-400"": 0.006956, ""400-425"": 0.0, ""425-450"": 0.0, ""450-475"": 0.0, ""475-500"": 0.0}",27.88,66.84,0.70,0.00,0.00,0.00,0.00,2026-04-08,,settlement_export
2026-04-08 10:00:00,2026/4/8 23:59:59 CT,2027-04-28,350-375,,,,350-375,64.01,"{""325-350"": 0.295518, ""350-375"": 0.640059, ""375-400"": 0.006658, ""400-425"": 0.0, ""425-450"": 0.0, ""450-475"": 0.0, ""475-500"": 0.0}",29.55,64.01,0.67,0.00,0.00,0.00,0.00,2026-04-08,,settlement_export
2026-04-08 10:00:00,2026/4/8 23:59:59 CT,2027-06-09,350-375,,,,,0.00,"{""325-350"": 0.0, ""350-375"": 0.0, ""375-400"": 0.0, ""400-425"": 0.0, ""425-450"": 0.0, ""450-475"": 0.0, ""475-500"": 0.0}",0.00,0.00,0.00,0.00,0.00,0.00,0.00,2026-04-08,,settlement_export
2026-04-08 10:00:00,2026/4/8 23:59:59 CT,2027-07-28,350-375,,,,,0.00,"{""325-350"": 0.0, ""350-375"": 0.0, ""375-400"": 0.0, ""400-425"": 0.0, ""425-450"": 0.0, ""450-475"": 0.0, ""475-500"": 0.0}",0.00,0.00,0.00,0.00,0.00,0.00,0.00,2026-04-08,,settlement_export
2026-04-08 10:00:00,2026/4/8 23:59:59 CT,2027-09-15,350-375,,,,,0.00,"{""325-350"": 0.0, ""350-375"": 0.0, ""375-400"": 0.0, ""400-425"": 0.0, ""425-450"": 0.0, ""450-475"": 0.0, ""475-500"": 0.0}",0.00,0.00,0.00,0.00,0.00,0.00,0.00,2026-04-08,,settlement_export
2026-04-08 10:00:00,2026/4/8 23:59:59 CT,2027-10-27,350-375,,,,,0.00,"{""325-350"": 0.0, ""350-375"": 0.0, ""375-400"": 0.0, ""400-425"": 0.0, ""425-450"": 0.0, ""450-475"": 0.0, ""475-500"": 0.0}",0.00,0.00,0.00,0.00,0.00,0.00,0.00,2026-04-08,,settlement_export
2026-04-08 10:00:00,2026/4/8 23:59:59 CT,2027-12-08,350-375,,,,,0.00,"{""325-350"": 0.0, ""350-375"": 0.0, ""375-400"": 0.0, ""400-425"": 0.0, ""425-450"": 0.0, ""450-475"": 0.0, ""475-500"": 0.0}",0.00,0.00,0.00,0.00,0.00,0.00,0.00,2026-04-08,,settlement_export
2026-04-09 10:00:00,2026/4/9 23:59:59 CT,2026-09-16,350-375,,,,350-375,87.23,"{""325-350"": 0.105374, ""350-375"": 0.872252, ""375-400"": 0.018381, ""400-425"": 0.0, ""425-450"": 0.0, ""450-475"": 0.0, ""475-500"": 0.0}",10.54,87.23,1.84,0.00,0.00,0.00,0.00,2026-04-09,,settlement_export
2026-04-09 10:00:00,2026/4/9 23:59:59 CT,2026-10-28,350-375,,,,350-375,83.44,"{""325-350"": 0.139336, ""350-375"": 0.834438, ""375-400"": 0.017567, ""400-425"": 0.0, ""425-450"": 0.0, ""450-475"": 0.0, ""475-500"": 0.0}",13.93,83.44,1.76,0.00,0.00,0.00,0.00,2026-04-09,,settlement_export
2026-04-09 10:00:00,2026/4/9 23:59:59 CT,2026-12-09,350-375,,,,350-375,71.10,"{""325-350"": 0.244373, ""350-375"": 0.710999, ""375-400"": 0.014912, ""400-425"": 0.0, ""425-450"": 0.0, ""450-475"": 0.0, ""475-500"": 0.0}",24.44,71.10,1.49,0.00,0.00,0.00,0.00,2026-04-09,,settlement_export
2026-04-09 10:00:00,2026/4/9 23:59:59 CT,2027-01-27,350-375,,,,350-375,66.30,"{""325-350"": 0.276519, ""350-375"": 0.663047, ""375-400"": 0.013885, ""400-425"": 0.0, ""425-450"": 0.0, ""450-475"": 0.0, ""475-500"": 0.0}",27.65,66.30,1.39,0.00,0.00,0.00,0.00,2026-04-09,,settlement_export
2026-04-09 10:00:00,2026/4/9 23:59:59 CT,2027-03-17,350-375,,,,350-375,61.20,"{""325-350"": 0.306889, ""350-375"": 0.612041, ""375-400"": 0.012794, ""400-425"": 0.0, ""425-450"": 0.0, ""450-475"": 0.0, ""475-500"": 0.0}",30.69,61.20,1.28,0.00,0.00,0.00,0.00,2026-04-09,,settlement_export
2026-04-09 10:00:00,2026/4/9 23:59:59 CT,2027-04-28,350-375,,,,350-375,59.92,"{""325-350"": 0.313428, ""350-375"": 0.5992, ""375-400"": 0.01252, ""400-425"": 0.0, ""425-450"": 0.0, ""450-475"": 0.0, ""475-500"": 0.0}",31.34,59.92,1.25,0.00,0.00,0.00,0.00,2026-04-09,,settlement_export
2026-04-09 10:00:00,2026/4/9 23:59:59 CT,2027-06-09,350-375,,,,,0.00,"{""325-350"": 0.0, ""350-375"": 0.0, ""375-400"": 0.0, ""400-425"": 0.0, ""425-450"": 0.0, ""450-475"": 0.0, ""475-500"": 0.0}",0.00,0.00,0.00,0.00,0.00,0.00,0.00,2026-04-09,,settlement_export
2026-04-09 10:00:00,2026/4/9 23:59:59 CT,2027-07-28,350-375,,,,,0.00,"{""325-350"": 0.0, ""350-375"": 0.0, ""375-400"": 0.0, ""400-425"": 0.0, ""425-450"": 0.0, ""450-475"": 0.0, ""475-500"": 0.0}",0.00,0.00,0.00,0.00,0.00,0.00,0.00,2026-04-09,,settlement_export
2026-04-09 10:00:00,2026/4/9 23:59:59 CT,2027-09-15,350-375,,,,,0.00,"{""325-350"": 0.0, ""350-375"": 0.0, ""375-400"": 0.0, ""400-425"": 0.0, ""425-450"": 0.0, ""450-475"": 0.0, ""475-500"": 0.0}",0.00,0.00,0.00,0.00,0.00,0.00,0.00,2026-04-09,,settlement_export
2026-04-09 10:00:00,2026/4/9 23:59:59 CT,2027-10-27,350-375,,,,,0.00,"{""325-350"": 0.0, ""350-375"": 0.0, ""375-400"": 0.0, ""400-425"": 0.0, ""425-450"": 0.0, ""450-475"": 0.0, ""475-500"": 0.0}",0.00,0.00,0.00,0.00,0.00,0.00,0.00,2026-04-09,,settlement_export
2026-04-09 10:00:00,2026/4/9 23:59:59 CT,2027-12-08,350-375,,,,,0.00,"{""325-350"": 0.0, ""350-375"": 0.0, ""375-400"": 0.0, ""400-425"": 0.0, ""425-450"": 0.0, ""450-475"": 0.0, ""475-500"": 0.0}",0.00,0.00,0.00,0.00,0.00,0.00,0.00,2026-04-09,,settlement_export
2026-04-10 10:00:00,2026/4/10 23:59:59 CT,2026-09-16,350-375,,,,350-375,90.65,"{""325-350"": 0.072584, ""350-375"": 0.906455, ""375-400"": 0.019118, ""400-425"": 0.0, ""425-450"": 0.0, ""450-475"": 0.0, ""475-500"": 0.0}",7.26,90.65,1.91,0.00,0.00,0.00,0.00,2026-04-10,,settlement_export
2026-04-10 10:00:00,2026/4/10 23:59:59 CT,2026-10-28,350-375,,,,350-375,88.68,"{""325-350"": 0.091048, ""350-375"": 0.886807, ""375-400"": 0.018695, ""400-425"": 0.0, ""425-450"": 0.0, ""450-475"": 0.0, ""475-500"": 0.0}",9.10,88.68,1.87,0.00,0.00,0.00,0.00,2026-04-10,,settlement_export
2026-04-10 10:00:00,2026/4/10 23:59:59 CT,2026-12-09,350-375,,,,350-375,75.56,"{""325-350"": 0.211296, ""350-375"": 0.755625, ""375-400"": 0.01587, ""400-425"": 0.0, ""425-450"": 0.0, ""450-475"": 0.0, ""475-500"": 0.0}",21.13,75.56,1.59,0.00,0.00,0.00,0.00,2026-04-10,,settlement_export
2026-04-10 10:00:00,2026/4/10 23:59:59 CT,2027-01-27,350-375,,,,350-375,70.47,"{""325-350"": 0.248794, ""350-375"": 0.704664, ""375-400"": 0.014777, ""400-425"": 0.0, ""425-450"": 0.0, ""450-475"": 0.0, ""475-500"": 0.0}",24.88,70.47,1.48,0.00,0.00,0.00,0.00,2026-04-10,,settlement_export
2026-04-10 10:00:00,2026/4/10 23:59:59 CT,2027-03-17,350-375,,,,350-375,66.43,"{""325-350"": 0.275495, ""350-375"": 0.664257, ""375-400"": 0.013911, ""400-425"": 0.0, ""425-450"": 0.0, ""450-475"": 0.0, ""475-500"": 0.0}",27.55,66.43,1.39,0.00,0.00,0.00,0.00,2026-04-10,,settlement_export
2026-04-10 10:00:00,2026/4/10 23:59:59 CT,2027-04-28,350-375,,,,350-375,65.03,"{""325-350"": 0.283826, ""350-375"": 0.650321, ""375-400"": 0.013613, ""400-425"": 0.0, ""425-450"": 0.0, ""450-475"": 0.0, ""475-500"": 0.0}",28.38,65.03,1.36,0.00,0.00,0.00,0.00,2026-04-10,,settlement_export
2026-04-10 10:00:00,2026/4/10 23:59:59 CT,2027-06-09,350-375,,,,,0.00,"{""325-350"": 0.0, ""350-375"": 0.0, ""375-400"": 0.0, ""400-425"": 0.0, ""425-450"": 0.0, ""450-475"": 0.0, ""475-500"": 0.0}",0.00,0.00,0.00,0.00,0.00,0.00,0.00,2026-04-10,,settlement_export
2026-04-10 10:00:00,2026/4/10 23:59:59 CT,2027-07-28,350-375,,,,,0.00,"{""325-350"": 0.0, ""350-375"": 0.0, ""375-400"": 0.0, ""400-425"": 0.0, ""425-450"": 0.0, ""450-475"": 0.0, ""475-500"": 0.0}",0.00,0.00,0.00,0.00,0.00,0.00,0.00,2026-04-10,,settlement_export
2026-04-10 10:00:00,2026/4/10 23:59:59 CT,2027-09-15,350-375,,,,,0.00,"{""325-350"": 0.0, ""350-375"": 0.0, ""375-400"": 0.0, ""400-425"": 0.0, ""425-450"": 0.0, ""450-475"": 0.0, ""475-500"": 0.0}",0.00,0.00,0.00,0.00,0.00,0.00,0.00,2026-04-10,,settlement_export
2026-04-10 10:00:00,2026/4/10 23:59:59 CT,2027-10-27,350-375,,,,,0.00,"{""325-350"": 0.0, ""350-375"": 0.0, ""375-400"": 0.0, ""400-425"": 0.0, ""425-450"": 0.0, ""450-475"": 0.0, ""475-500"": 0.0}",0.00,0.00,0.00,0.00,0.00,0.00,0.00,2026-04-10,,settlement_export
2026-04-10 10:00:00,2026/4/10 23:59:59 CT,2027-12-08,350-375,,,,,0.00,"{""325-350"": 0.0, ""350-375"": 0.0, ""375-400"": 0.0, ""400-425"": 0.0, ""425-450"": 0.0, ""450-475"": 0.0, ""475-500"": 0.0}",0.00,0.00,0.00,0.00,0.00,0.00,0.00,2026-04-10,,settlement_export
2026-04-13 10:00:00,2026/4/13 23:59:59 CT,2026-09-16,350-375,,,,350-375,84.39,"{""325-350"": 0.1404, ""350-375"": 0.843944, ""375-400"": 0.008806, ""400-425"": 0.0, ""425-450"": 0.0, ""450-475"": 0.0, ""475-500"": 0.0}",14.04,84.39,0.88,0.00,0.00,0.00,0.00,2026-04-13,,settlement_export
2026-04-13 10:00:00,2026/4/13 23:59:59 CT,2026-10-28,350-375,,,,350-375,80.70,"{""325-350"": 0.171557, ""350-375"": 0.806959, ""375-400"": 0.008416, ""400-425"": 0.0, ""425-450"": 0.0, ""450-475"": 0.0, ""475-500"": 0.0}",17.16,80.70,0.84,0.00,0.00,0.00,0.00,2026-04-13,,settlement_export
2026-04-13 10:00:00,2026/4/13 23:59:59 CT,2026-12-09,350-375,,,,350-375,68.39,"{""325-350"": 0.269456, ""350-375"": 0.683924, ""375-400"": 0.00712, ""400-425"": 0.0, ""425-450"": 0.0, ""450-475"": 0.0, ""475-500"": 0.0}",26.95,68.39,0.71,0.00,0.00,0.00,0.00,2026-04-13,,settlement_export
2026-04-13 10:00:00,2026/4/13 23:59:59 CT,2027-01-27,350-375,,,,350-375,65.28,"{""325-350"": 0.288491, ""350-375"": 0.652841, ""375-400"": 0.006793, ""400-425"": 0.0, ""425-450"": 0.0, ""450-475"": 0.0, ""475-500"": 0.0}",28.85,65.28,0.68,0.00,0.00,0.00,0.00,2026-04-13,,settlement_export
2026-04-13 10:00:00,2026/4/13 23:59:59 CT,2027-03-17,350-375,,,,350-375,61.50,"{""325-350"": 0.309832, ""350-375"": 0.615001, ""375-400"": 0.006395, ""400-425"": 0.0, ""425-450"": 0.0, ""450-475"": 0.0, ""475-500"": 0.0}",30.98,61.50,0.64,0.00,0.00,0.00,0.00,2026-04-13,,settlement_export
2026-04-13 10:00:00,2026/4/13 23:59:59 CT,2027-04-28,350-375,,,,350-375,60.20,"{""325-350"": 0.316371, ""350-375"": 0.60196, ""375-400"": 0.006258, ""400-425"": 0.0, ""425-450"": 0.0, ""450-475"": 0.0, ""475-500"": 0.0}",31.64,60.20,0.63,0.00,0.00,0.00,0.00,2026-04-13,,settlement_export
2026-04-13 10:00:00,2026/4/13 23:59:59 CT,2027-06-09,350-375,,,,,0.00,"{""325-350"": 0.0, ""350-375"": 0.0, ""375-400"": 0.0, ""400-425"": 0.0, ""425-450"": 0.0, ""450-475"": 0.0, ""475-500"": 0.0}",0.00,0.00,0.00,0.00,0.00,0.00,0.00,2026-04-13,,settlement_export
2026-04-13 10:00:00,2026/4/13 23:59:59 CT,2027-07-28,350-375,,,,,0.00,"{""325-350"": 0.0, ""350-375"": 0.0, ""375-400"": 0.0, ""400-425"": 0.0, ""425-450"": 0.0, ""450-475"": 0.0, ""475-500"": 0.0}",0.00,0.00,0.00,0.00,0.00,0.00,0.00,2026-04-13,,settlement_export
2026-04-13 10:00:00,2026/4/13 23:59:59 CT,2027-09-15,350-375,,,,,0.00,"{""325-350"": 0.0, ""350-375"": 0.0, ""375-400"": 0.0, ""400-425"": 0.0, ""425-450"": 0.0, ""450-475"": 0.0, ""475-500"": 0.0}",0.00,0.00,0.00,0.00,0.00,0.00,0.00,2026-04-13,,settlement_export
2026-04-13 10:00:00,2026/4/13 23:59:59 CT,2027-10-27,350-375,,,,,0.00,"{""325-350"": 0.0, ""350-375"": 0.0, ""375-400"": 0.0, ""400-425"": 0.0, ""425-450"": 0.0, ""450-475"": 0.0, ""475-500"": 0.0}",0.00,0.00,0.00,0.00,0.00,0.00,0.00,2026-04-13,,settlement_export
2026-04-13 10:00:00,2026/4/13 23:59:59 CT,2027-12-08,350-375,,,,,0.00,"{""325-350"": 0.0, ""350-375"": 0.0, ""375-400"": 0.0, ""400-425"": 0.0, ""425-450"": 0.0, ""450-475"": 0.0, ""475-500"": 0.0}",0.00,0.00,0.00,0.00,0.00,0.00,0.00,2026-04-13,,settlement_export
2026-04-14 10:00:00,2026/4/14 23:59:59 CT,2026-09-16,350-375,,,,350-375,84.78,"{""325-350"": 0.136821, ""350-375"": 0.847813, ""375-400"": 0.008847, ""400-425"": 0.0, ""425-450"": 0.0, ""450-475"": 0.0, ""475-500"": 0.0}",13.68,84.78,0.88,0.00,0.00,0.00,0.00,2026-04-14,,settlement_export
2026-04-14 10:00:00,2026/4/14 23:59:59 CT,2026-10-28,350-375,,,,350-375,77.35,"{""325-350"": 0.199795, ""350-375"": 0.773504, ""375-400"": 0.008064, ""400-425"": 0.0, ""425-450"": 0.0, ""450-475"": 0.0, ""475-500"": 0.0}",19.98,77.35,0.81,0.00,0.00,0.00,0.00,2026-04-14,,settlement_export
2026-04-14 10:00:00,2026/4/14 23:59:59 CT,2026-12-09,350-375,,,,350-375,65.78,"{""325-350"": 0.286489, ""350-375"": 0.657838, ""375-400"": 0.006845, ""400-425"": 0.0, ""425-450"": 0.0, ""450-475"": 0.0, ""475-500"": 0.0}",28.65,65.78,0.68,0.00,0.00,0.00,0.00,2026-04-14,,settlement_export
2026-04-14 10:00:00,2026/4/14 23:59:59 CT,2027-01-27,350-375,,,,350-375,61.30,"{""325-350"": 0.31207, ""350-375"": 0.612992, ""375-400"": 0.006374, ""400-425"": 0.0, ""425-450"": 0.0, ""450-475"": 0.0, ""475-500"": 0.0}",31.21,61.30,0.64,0.00,0.00,0.00,0.00,2026-04-14,,settlement_export
2026-04-14 10:00:00,2026/4/14 23:59:59 CT,2027-03-17,350-375,,,,350-375,57.83,"{""325-350"": 0.329266, ""350-375"": 0.578328, ""375-400"": 0.006009, ""400-425"": 0.0, ""425-450"": 0.0, ""450-475"": 0.0, ""475-500"": 0.0}",32.93,57.83,0.60,0.00,0.00,0.00,0.00,2026-04-14,,settlement_export
2026-04-14 10:00:00,2026/4/14 23:59:59 CT,2027-04-28,350-375,,,,350-375,55.38,"{""325-350"": 0.33994, ""350-375"": 0.5538, ""375-400"": 0.005752, ""400-425"": 0.0, ""425-450"": 0.0, ""450-475"": 0.0, ""475-500"": 0.0}",33.99,55.38,0.58,0.00,0.00,0.00,0.00,2026-04-14,,settlement_export
2026-04-14 10:00:00,2026/4/14 23:59:59 CT,2027-06-09,350-375,,,,,0.00,"{""325-350"": 0.0, ""350-375"": 0.0, ""375-400"": 0.0, ""400-425"": 0.0, ""425-450"": 0.0, ""450-475"": 0.0, ""475-500"": 0.0}",0.00,0.00,0.00,0.00,0.00,0.00,0.00,2026-04-14,,settlement_export
2026-04-14 10:00:00,2026/4/14 23:59:59 CT,2027-07-28,350-375,,,,,0.00,"{""325-350"": 0.0, ""350-375"": 0.0, ""375-400"": 0.0, ""400-425"": 0.0, ""425-450"": 0.0, ""450-475"": 0.0, ""475-500"": 0.0}",0.00,0.00,0.00,0.00,0.00,0.00,0.00,2026-04-14,,settlement_export
2026-04-14 10:00:00,2026/4/14 23:59:59 CT,2027-09-15,350-375,,,,,0.00,"{""325-350"": 0.0, ""350-375"": 0.0, ""375-400"": 0.0, ""400-425"": 0.0, ""425-450"": 0.0, ""450-475"": 0.0, ""475-500"": 0.0}",0.00,0.00,0.00,0.00,0.00,0.00,0.00,2026-04-14,,settlement_export
2026-04-14 10:00:00,2026/4/14 23:59:59 CT,2027-10-27,350-375,,,,,0.00,"{""325-350"": 0.0, ""350-375"": 0.0, ""375-400"": 0.0, ""400-425"": 0.0, ""425-450"": 0.0, ""450-475"": 0.0, ""475-500"": 0.0}",0.00,0.00,0.00,0.00,0.00,0.00,0.00,2026-04-14,,settlement_export
2026-04-14 10:00:00,2026/4/14 23:59:59 CT,2027-12-08,350-375,,,,,0.00,"{""325-350"": 0.0, ""350-375"": 0.0, ""375-400"": 0.0, ""400-425"": 0.0, ""425-450"": 0.0, ""450-475"": 0.0, ""475-500"": 0.0}",0.00,0.00,0.00,0.00,0.00,0.00,0.00,2026-04-14,,settlement_export
2026-04-15 10:00:00,2026/4/15 23:59:59 CT,2026-09-16,350-375,,,,350-375,83.81,"{""325-350"": 0.143689, ""350-375"": 0.838141, ""375-400"": 0.012219, ""400-425"": 3.6e-05, ""425-450"": 0.0, ""450-475"": 0.0, ""475-500"": 0.0}",14.37,83.81,1.22,0.00,0.00,0.00,0.00,2026-04-15,,settlement_export
2026-04-15 10:00:00,2026/4/15 23:59:59 CT,2026-10-28,350-375,,,,350-375,78.33,"{""325-350"": 0.18982, ""350-375"": 0.783276, ""375-400"": 0.01141, ""400-425"": 3.4e-05, ""425-450"": 0.0, ""450-475"": 0.0, ""475-500"": 0.0}",18.98,78.33,1.14,0.00,0.00,0.00,0.00,2026-04-15,,settlement_export
2026-04-15 10:00:00,2026/4/15 23:59:59 CT,2026-12-09,350-375,,,,350-375,66.66,"{""325-350"": 0.279498, ""350-375"": 0.666638, ""375-400"": 0.009691, ""400-425"": 2.9e-05, ""425-450"": 0.0, ""450-475"": 0.0, ""475-500"": 0.0}",27.95,66.66,0.97,0.00,0.00,0.00,0.00,2026-04-15,,settlement_export
2026-04-15 10:00:00,2026/4/15 23:59:59 CT,2027-01-27,350-375,,,,350-375,62.14,"{""325-350"": 0.306168, ""350-375"": 0.621382, ""375-400"": 0.009025, ""400-425"": 2.7e-05, ""425-450"": 0.0, ""450-475"": 0.0, ""475-500"": 0.0}",30.62,62.14,0.90,0.00,0.00,0.00,0.00,2026-04-15,,settlement_export
2026-04-15 10:00:00,2026/4/15 23:59:59 CT,2027-03-17,350-375,,,,350-375,58.64,"{""325-350"": 0.32418, ""350-375"": 0.58639, ""375-400"": 0.008511, ""400-425"": 2.5e-05, ""425-450"": 0.0, ""450-475"": 0.0, ""475-500"": 0.0}",32.42,58.64,0.85,0.00,0.00,0.00,0.00,2026-04-15,,settlement_export
2026-04-15 10:00:00,2026/4/15 23:59:59 CT,2027-04-28,350-375,,,,350-375,56.16,"{""325-350"": 0.335418, ""350-375"": 0.561624, ""375-400"": 0.008147, ""400-425"": 2.4e-05, ""425-450"": 0.0, ""450-475"": 0.0, ""475-500"": 0.0}",33.54,56.16,0.81,0.00,0.00,0.00,0.00,2026-04-15,,settlement_export
2026-04-15 10:00:00,2026/4/15 23:59:59 CT,2027-06-09,350-375,,,,,0.00,"{""325-350"": 0.0, ""350-375"": 0.0, ""375-400"": 0.0, ""400-425"": 0.0, ""425-450"": 0.0, ""450-475"": 0.0, ""475-500"": 0.0}",0.00,0.00,0.00,0.00,0.00,0.00,0.00,2026-04-15,,settlement_export
2026-04-15 10:00:00,2026/4/15 23:59:59 CT,2027-07-28,350-375,,,,,0.00,"{""325-350"": 0.0, ""350-375"": 0.0, ""375-400"": 0.0, ""400-425"": 0.0, ""425-450"": 0.0, ""450-475"": 0.0, ""475-500"": 0.0}",0.00,0.00,0.00,0.00,0.00,0.00,0.00,2026-04-15,,settlement_export
2026-04-15 10:00:00,2026/4/15 23:59:59 CT,2027-09-15,350-375,,,,,0.00,"{""325-350"": 0.0, ""350-375"": 0.0, ""375-400"": 0.0, ""400-425"": 0.0, ""425-450"": 0.0, ""450-475"": 0.0, ""475-500"": 0.0}",0.00,0.00,0.00,0.00,0.00,0.00,0.00,2026-04-15,,settlement_export
2026-04-15 10:00:00,2026/4/15 23:59:59 CT,2027-10-27,350-375,,,,,0.00,"{""325-350"": 0.0, ""350-375"": 0.0, ""375-400"": 0.0, ""400-425"": 0.0, ""425-450"": 0.0, ""450-475"": 0.0, ""475-500"": 0.0}",0.00,0.00,0.00,0.00,0.00,0.00,0.00,2026-04-15,,settlement_export
2026-04-15 10:00:00,2026/4/15 23:59:59 CT,2027-12-08,350-375,,,,,0.00,"{""325-350"": 0.0, ""350-375"": 0.0, ""375-400"": 0.0, ""400-425"": 0.0, ""425-450"": 0.0, ""450-475"": 0.0, ""475-500"": 0.0}",0.00,0.00,0.00,0.00,0.00,0.00,0.00,2026-04-15,,settlement_export
2026-04-16 10:00:00,2026/4/16 23:59:59 CT,2026-09-16,350-375,,,,350-375,85.13,"{""325-350"": 0.141796, ""350-375"": 0.851283, ""375-400"": 0.0, ""400-425"": 0.0, ""425-450"": 0.0, ""450-475"": 0.0, ""475-500"": 0.0}",14.18,85.13,0.00,0.00,0.00,0.00,0.00,2026-04-16,,settlement_export
2026-04-16 10:00:00,2026/4/16 23:59:59 CT,2026-10-28,350-375,,,,350-375,81.36,"{""325-350"": 0.173216, ""350-375"": 0.813584, ""375-400"": 0.0, ""400-425"": 0.0, ""425-450"": 0.0, ""450-475"": 0.0, ""475-500"": 0.0}",17.32,81.36,0.00,0.00,0.00,0.00,0.00,2026-04-16,,settlement_export
2026-04-16 10:00:00,2026/4/16 23:59:59 CT,2026-12-09,350-375,,,,350-375,70.45,"{""325-350"": 0.259073, ""350-375"": 0.704503, ""375-400"": 0.0, ""400-425"": 0.0, ""425-450"": 0.0, ""450-475"": 0.0, ""475-500"": 0.0}",25.91,70.45,0.00,0.00,0.00,0.00,0.00,2026-04-16,,settlement_export
2026-04-16 10:00:00,2026/4/16 23:59:59 CT,2027-01-27,350-375,,,,350-375,67.21,"{""325-350"": 0.27953, ""350-375"": 0.672148, ""375-400"": 0.0, ""400-425"": 0.0, ""425-450"": 0.0, ""450-475"": 0.0, ""475-500"": 0.0}",27.95,67.21,0.00,0.00,0.00,0.00,0.00,2026-04-16,,settlement_export
2026-04-16 10:00:00,2026/4/16 23:59:59 CT,2027-03-17,350-375,,,,350-375,64.62,"{""325-350"": 0.294674, ""350-375"": 0.646222, ""375-400"": 0.0, ""400-425"": 0.0, ""425-450"": 0.0, ""450-475"": 0.0, ""475-500"": 0.0}",29.47,64.62,0.00,0.00,0.00,0.00,0.00,2026-04-16,,settlement_export
2026-04-16 10:00:00,2026/4/16 23:59:59 CT,2027-04-28,350-375,,,,350-375,63.24,"{""325-350"": 0.302207, ""350-375"": 0.632375, ""375-400"": 0.0, ""400-425"": 0.0, ""425-450"": 0.0, ""450-475"": 0.0, ""475-500"": 0.0}",30.22,63.24,0.00,0.00,0.00,0.00,0.00,2026-04-16,,settlement_export
2026-04-16 10:00:00,2026/4/16 23:59:59 CT,2027-06-09,350-375,,,,,0.00,"{""325-350"": 0.0, ""350-375"": 0.0, ""375-400"": 0.0, ""400-425"": 0.0, ""425-450"": 0.0, ""450-475"": 0.0, ""475-500"": 0.0}",0.00,0.00,0.00,0.00,0.00,0.00,0.00,2026-04-16,,settlement_export
2026-04-16 10:00:00,2026/4/16 23:59:59 CT,2027-07-28,350-375,,,,,0.00,"{""325-350"": 0.0, ""350-375"": 0.0, ""375-400"": 0.0, ""400-425"": 0.0, ""425-450"": 0.0, ""450-475"": 0.0, ""475-500"": 0.0}",0.00,0.00,0.00,0.00,0.00,0.00,0.00,2026-04-16,,settlement_export
2026-04-16 10:00:00,2026/4/16 23:59:59 CT,2027-09-15,350-375,,,,,0.00,"{""325-350"": 0.0, ""350-375"": 0.0, ""375-400"": 0.0, ""400-425"": 0.0, ""425-450"": 0.0, ""450-475"": 0.0, ""475-500"": 0.0}",0.00,0.00,0.00,0.00,0.00,0.00,0.00,2026-04-16,,settlement_export
2026-04-16 10:00:00,2026/4/16 23:59:59 CT,2027-10-27,350-375,,,,,0.00,"{""325-350"": 0.0, ""350-375"": 0.0, ""375-400"": 0.0, ""400-425"": 0.0, ""425-450"": 0.0, ""450-475"": 0.0, ""475-500"": 0.0}",0.00,0.00,0.00,0.00,0.00,0.00,0.00,2026-04-16,,settlement_export
2026-04-16 10:00:00,2026/4/16 23:59:59 CT,2027-12-08,350-375,,,,,0.00,"{""325-350"": 0.0, ""350-375"": 0.0, ""375-400"": 0.0, ""400-425"": 0.0, ""425-450"": 0.0, ""450-475"": 0.0, ""475-500"": 0.0}",0.00,0.00,0.00,0.00,0.00,0.00,0.00,2026-04-16,,settlement_export
2026-04-17 10:00:00,2026/4/17 23:59:59 CT,2026-09-16,350-375,,,,350-375,66.62,"{""325-350"": 0.289006, ""350-375"": 0.666249, ""375-400"": 0.006933, ""400-425"": 0.0, ""425-450"": 0.0, ""450-475"": 0.0, ""475-500"": 0.0}",28.90,66.62,0.69,0.00,0.00,0.00,0.00,2026-04-17,,settlement_export
2026-04-17 10:00:00,2026/4/17 23:59:59 CT,2026-10-28,350-375,,,,350-375,59.33,"{""325-350"": 0.330772, ""350-375"": 0.593253, ""375-400"": 0.006165, ""400-425"": 0.0, ""425-450"": 0.0, ""450-475"": 0.0, ""475-500"": 0.0}",33.08,59.33,0.62,0.00,0.00,0.00,0.00,2026-04-17,,settlement_export
2026-04-17 10:00:00,2026/4/17 23:59:59 CT,2026-12-09,350-375,,,,350-375,49.28,"{""325-350"": 0.375685, ""350-375"": 0.492796, ""375-400"": 0.00511, ""400-425"": 0.0, ""425-450"": 0.0, ""450-475"": 0.0, ""475-500"": 0.0}",37.57,49.28,0.51,0.00,0.00,0.00,0.00,2026-04-17,,settlement_export
2026-04-17 10:00:00,2026/4/17 23:59:59 CT,2027-01-27,350-375,,,,350-375,45.92,"{""325-350"": 0.383753, ""350-375"": 0.4592, ""375-400"": 0.004758, ""400-425"": 0.0, ""425-450"": 0.0, ""450-475"": 0.0, ""475-500"": 0.0}",38.38,45.92,0.48,0.00,0.00,0.00,0.00,2026-04-17,,settlement_export
2026-04-17 10:00:00,2026/4/17 23:59:59 CT,2027-03-17,350-375,,,,350-375,42.41,"{""325-350"": 0.389573, ""350-375"": 0.424143, ""375-400"": 0.004391, ""400-425"": 0.0, ""425-450"": 0.0, ""450-475"": 0.0, ""475-500"": 0.0}",38.96,42.41,0.44,0.00,0.00,0.00,0.00,2026-04-17,,settlement_export
2026-04-17 10:00:00,2026/4/17 23:59:59 CT,2027-04-28,350-375,,,,350-375,40.62,"{""325-350"": 0.391055, ""350-375"": 0.406154, ""375-400"": 0.004203, ""400-425"": 0.0, ""425-450"": 0.0, ""450-475"": 0.0, ""475-500"": 0.0}",39.11,40.62,0.42,0.00,0.00,0.00,0.00,2026-04-17,,settlement_export
2026-04-17 10:00:00,2026/4/17 23:59:59 CT,2027-06-09,350-375,,,,,0.00,"{""325-350"": 0.0, ""350-375"": 0.0, ""375-400"": 0.0, ""400-425"": 0.0, ""425-450"": 0.0, ""450-475"": 0.0, ""475-500"": 0.0}",0.00,0.00,0.00,0.00,0.00,0.00,0.00,2026-04-17,,settlement_export
2026-04-17 10:00:00,2026/4/17 23:59:59 CT,2027-07-28,350-375,,,,,0.00,"{""325-350"": 0.0, ""350-375"": 0.0, ""375-400"": 0.0, ""400-425"": 0.0, ""425-450"": 0.0, ""450-475"": 0.0, ""475-500"": 0.0}",0.00,0.00,0.00,0.00,0.00,0.00,0.00,2026-04-17,,settlement_export
2026-04-17 10:00:00,2026/4/17 23:59:59 CT,2027-09-15,350-375,,,,,0.00,"{""325-350"": 0.0, ""350-375"": 0.0, ""375-400"": 0.0, ""400-425"": 0.0, ""425-450"": 0.0, ""450-475"": 0.0, ""475-500"": 0.0}",0.00,0.00,0.00,0.00,0.00,0.00,0.00,2026-04-17,,settlement_export
2026-04-17 10:00:00,2026/4/17 23:59:59 CT,2027-10-27,350-375,,,,,0.00,"{""325-350"": 0.0, ""350-375"": 0.0, ""375-400"": 0.0, ""400-425"": 0.0, ""425-450"": 0.0, ""450-475"": 0.0, ""475-500"": 0.0}",0.00,0.00,0.00,0.00,0.00,0.00,0.00,2026-04-17,,settlement_export
2026-04-17 10:00:00,2026/4/17 23:59:59 CT,2027-12-08,350-375,,,,,0.00,"{""325-350"": 0.0, ""350-375"": 0.0, ""375-400"": 0.0, ""400-425"": 0.0, ""425-450"": 0.0, ""450-475"": 0.0, ""475-500"": 0.0}",0.00,0.00,0.00,0.00,0.00,0.00,0.00,2026-04-17,,settlement_export
2026-04-20 10:00:00,2026/4/20 23:59:59 CT,2026-09-16,350-375,,,,350-375,74.87,"{""325-350"": 0.233581, ""350-375"": 0.748672, ""375-400"": 0.0, ""400-425"": 0.0, ""425-450"": 0.0, ""450-475"": 0.0, ""475-500"": 0.0}",23.36,74.87,0.00,0.00,0.00,0.00,0.00,2026-04-20,,settlement_export
2026-04-20 10:00:00,2026/4/20 23:59:59 CT,2026-10-28,350-375,,,,350-375,66.58,"{""325-350"": 0.290608, ""350-375"": 0.665783, ""375-400"": 0.0, ""400-425"": 0.0, ""425-450"": 0.0, ""450-475"": 0.0, ""475-500"": 0.0}",29.06,66.58,0.00,0.00,0.00,0.00,0.00,2026-04-20,,settlement_export
2026-04-20 10:00:00,2026/4/20 23:59:59 CT,2026-12-09,350-375,,,,350-375,53.85,"{""325-350"": 0.362309, ""350-375"": 0.538545, ""375-400"": 0.0, ""400-425"": 0.0, ""425-450"": 0.0, ""450-475"": 0.0, ""475-500"": 0.0}",36.23,53.85,0.00,0.00,0.00,0.00,0.00,2026-04-20,,settlement_export
2026-04-20 10:00:00,2026/4/20 23:59:59 CT,2027-01-27,350-375,,,,350-375,50.14,"{""325-350"": 0.374449, ""350-375"": 0.501445, ""375-400"": 0.0, ""400-425"": 0.0, ""425-450"": 0.0, ""450-475"": 0.0, ""475-500"": 0.0}",37.44,50.14,0.00,0.00,0.00,0.00,0.00,2026-04-20,,settlement_export
2026-04-20 10:00:00,2026/4/20 23:59:59 CT,2027-03-17,350-375,,,,350-375,45.27,"{""325-350"": 0.386786, ""350-375"": 0.452733, ""375-400"": 0.0, ""400-425"": 0.0, ""425-450"": 0.0, ""450-475"": 0.0, ""475-500"": 0.0}",38.68,45.27,0.00,0.00,0.00,0.00,0.00,2026-04-20,,settlement_export
2026-04-20 10:00:00,2026/4/20 23:59:59 CT,2027-04-28,350-375,,,,350-375,43.33,"{""325-350"": 0.389612, ""350-375"": 0.43333, ""375-400"": 0.0, ""400-425"": 0.0, ""425-450"": 0.0, ""450-475"": 0.0, ""475-500"": 0.0}",38.96,43.33,0.00,0.00,0.00,0.00,0.00,2026-04-20,,settlement_export
2026-04-20 10:00:00,2026/4/20 23:59:59 CT,2027-06-09,350-375,,,,,0.00,"{""325-350"": 0.0, ""350-375"": 0.0, ""375-400"": 0.0, ""400-425"": 0.0, ""425-450"": 0.0, ""450-475"": 0.0, ""475-500"": 0.0}",0.00,0.00,0.00,0.00,0.00,0.00,0.00,2026-04-20,,settlement_export
2026-04-20 10:00:00,2026/4/20 23:59:59 CT,2027-07-28,350-375,,,,,0.00,"{""325-350"": 0.0, ""350-375"": 0.0, ""375-400"": 0.0, ""400-425"": 0.0, ""425-450"": 0.0, ""450-475"": 0.0, ""475-500"": 0.0}",0.00,0.00,0.00,0.00,0.00,0.00,0.00,2026-04-20,,settlement_export
2026-04-20 10:00:00,2026/4/20 23:59:59 CT,2027-09-15,350-375,,,,,0.00,"{""325-350"": 0.0, ""350-375"": 0.0, ""375-400"": 0.0, ""400-425"": 0.0, ""425-450"": 0.0, ""450-475"": 0.0, ""475-500"": 0.0}",0.00,0.00,0.00,0.00,0.00,0.00,0.00,2026-04-20,,settlement_export
2026-04-20 10:00:00,2026/4/20 23:59:59 CT,2027-10-27,350-375,,,,,0.00,"{""325-350"": 0.0, ""350-375"": 0.0, ""375-400"": 0.0, ""400-425"": 0.0, ""425-450"": 0.0, ""450-475"": 0.0, ""475-500"": 0.0}",0.00,0.00,0.00,0.00,0.00,0.00,0.00,2026-04-20,,settlement_export
2026-04-20 10:00:00,2026/4/20 23:59:59 CT,2027-12-08,350-375,,,,,0.00,"{""325-350"": 0.0, ""350-375"": 0.0, ""375-400"": 0.0, ""400-425"": 0.0, ""425-450"": 0.0, ""450-475"": 0.0, ""475-500"": 0.0}",0.00,0.00,0.00,0.00,0.00,0.00,0.00,2026-04-20,,settlement_export
2026-04-21 10:00:00,2026/4/21 23:59:59 CT,2026-09-16,350-375,,,,350-375,85.27,"{""325-350"": 0.141075, ""350-375"": 0.852711, ""375-400"": 0.0, ""400-425"": 0.0, ""425-450"": 0.0, ""450-475"": 0.0, ""475-500"": 0.0}",14.11,85.27,0.00,0.00,0.00,0.00,0.00,2026-04-21,,settlement_export
2026-04-21 10:00:00,2026/4/21 23:59:59 CT,2026-10-28,350-375,,,,350-375,79.61,"{""325-350"": 0.188348, ""350-375"": 0.796067, ""375-400"": 0.0, ""400-425"": 0.0, ""425-450"": 0.0, ""450-475"": 0.0, ""475-500"": 0.0}",18.83,79.61,0.00,0.00,0.00,0.00,0.00,2026-04-21,,settlement_export
2026-04-21 10:00:00,2026/4/21 23:59:59 CT,2026-12-09,350-375,,,,350-375,70.53,"{""325-350"": 0.257673, ""350-375"": 0.705256, ""375-400"": 0.0, ""400-425"": 0.0, ""425-450"": 0.0, ""450-475"": 0.0, ""475-500"": 0.0}",25.77,70.53,0.00,0.00,0.00,0.00,0.00,2026-04-21,,settlement_export
2026-04-21 10:00:00,2026/4/21 23:59:59 CT,2027-01-27,350-375,,,,350-375,67.29,"{""325-350"": 0.278229, ""350-375"": 0.672867, ""375-400"": 0.0, ""400-425"": 0.0, ""425-450"": 0.0, ""450-475"": 0.0, ""475-500"": 0.0}",27.82,67.29,0.00,0.00,0.00,0.00,0.00,2026-04-21,,settlement_export
2026-04-21 10:00:00,2026/4/21 23:59:59 CT,2027-03-17,350-375,,,,350-375,62.00,"{""325-350"": 0.309236, ""350-375"": 0.619999, ""375-400"": 0.0, ""400-425"": 0.0, ""425-450"": 0.0, ""450-475"": 0.0, ""475-500"": 0.0}",30.92,62.00,0.00,0.00,0.00,0.00,0.00,2026-04-21,,settlement_export
2026-04-21 10:00:00,2026/4/21 23:59:59 CT,2027-04-28,350-375,,,,350-375,60.67,"{""325-350"": 0.315895, ""350-375"": 0.606713, ""375-400"": 0.0, ""400-425"": 0.0, ""425-450"": 0.0, ""450-475"": 0.0, ""475-500"": 0.0}",31.59,60.67,0.00,0.00,0.00,0.00,0.00,2026-04-21,,settlement_export
2026-04-21 10:00:00,2026/4/21 23:59:59 CT,2027-06-09,350-375,,,,,0.00,"{""325-350"": 0.0, ""350-375"": 0.0, ""375-400"": 0.0, ""400-425"": 0.0, ""425-450"": 0.0, ""450-475"": 0.0, ""475-500"": 0.0}",0.00,0.00,0.00,0.00,0.00,0.00,0.00,2026-04-21,,settlement_export
2026-04-21 10:00:00,2026/4/21 23:59:59 CT,2027-07-28,350-375,,,,,0.00,"{""325-350"": 0.0, ""350-375"": 0.0, ""375-400"": 0.0, ""400-425"": 0.0, ""425-450"": 0.0, ""450-475"": 0.0, ""475-500"": 0.0}",0.00,0.00,0.00,0.00,0.00,0.00,0.00,2026-04-21,,settlement_export
2026-04-21 10:00:00,2026/4/21 23:59:59 CT,2027-09-15,350-375,,,,,0.00,"{""325-350"": 0.0, ""350-375"": 0.0, ""375-400"": 0.0, ""400-425"": 0.0, ""425-450"": 0.0, ""450-475"": 0.0, ""475-500"": 0.0}",0.00,0.00,0.00,0.00,0.00,0.00,0.00,2026-04-21,,settlement_export
2026-04-21 10:00:00,2026/4/21 23:59:59 CT,2027-10-27,350-375,,,,,0.00,"{""325-350"": 0.0, ""350-375"": 0.0, ""375-400"": 0.0, ""400-425"": 0.0, ""425-450"": 0.0, ""450-475"": 0.0, ""475-500"": 0.0}",0.00,0.00,0.00,0.00,0.00,0.00,0.00,2026-04-21,,settlement_export
2026-04-21 10:00:00,2026/4/21 23:59:59 CT,2027-12-08,350-375,,,,,0.00,"{""325-350"": 0.0, ""350-375"": 0.0, ""375-400"": 0.0, ""400-425"": 0.0, ""425-450"": 0.0, ""450-475"": 0.0, ""475-500"": 0.0}",0.00,0.00,0.00,0.00,0.00,0.00,0.00,2026-04-21,,settlement_export
2026-04-22 10:00:00,2026/4/22 23:59:59 CT,2026-09-16,350-375,,,,350-375,85.07,"{""325-350"": 0.142966, ""350-375"": 0.850695, ""375-400"": 0.0, ""400-425"": 0.0, ""425-450"": 0.0, ""450-475"": 0.0, ""475-500"": 0.0}",14.30,85.07,0.00,0.00,0.00,0.00,0.00,2026-04-22,,settlement_export
2026-04-22 10:00:00,2026/4/22 23:59:59 CT,2026-10-28,350-375,,,,350-375,81.30,"{""325-350"": 0.174308, ""350-375"": 0.813022, ""375-400"": 0.0, ""400-425"": 0.0, ""425-450"": 0.0, ""450-475"": 0.0, ""475-500"": 0.0}",17.43,81.30,0.00,0.00,0.00,0.00,0.00,2026-04-22,,settlement_export
2026-04-22 10:00:00,2026/4/22 23:59:59 CT,2026-12-09,350-375,,,,350-375,73.41,"{""325-350"": 0.236287, ""350-375"": 0.734128, ""375-400"": 0.0, ""400-425"": 0.0, ""425-450"": 0.0, ""450-475"": 0.0, ""475-500"": 0.0}",23.63,73.41,0.00,0.00,0.00,0.00,0.00,2026-04-22,,settlement_export
2026-04-22 10:00:00,2026/4/22 23:59:59 CT,2027-01-27,350-375,,,,350-375,71.73,"{""325-350"": 0.247719, ""350-375"": 0.717271, ""375-400"": 0.0, ""400-425"": 0.0, ""425-450"": 0.0, ""450-475"": 0.0, ""475-500"": 0.0}",24.77,71.73,0.00,0.00,0.00,0.00,0.00,2026-04-22,,settlement_export
2026-04-22 10:00:00,2026/4/22 23:59:59 CT,2027-03-17,350-375,,,,350-375,68.96,"{""325-350"": 0.26583, ""350-375"": 0.689604, ""375-400"": 0.0, ""400-425"": 0.0, ""425-450"": 0.0, ""450-475"": 0.0, ""475-500"": 0.0}",26.58,68.96,0.00,0.00,0.00,0.00,0.00,2026-04-22,,settlement_export
2026-04-22 10:00:00,2026/4/22 23:59:59 CT,2027-04-28,350-375,,,,350-375,67.48,"{""325-350"": 0.274911, ""350-375"": 0.674827, ""375-400"": 0.0, ""400-425"": 0.0, ""425-450"": 0.0, ""450-475"": 0.0, ""475-500"": 0.0}",27.49,67.48,0.00,0.00,0.00,0.00,0.00,2026-04-22,,settlement_export
2026-04-22 10:00:00,2026/4/22 23:59:59 CT,2027-06-09,350-375,,,,,0.00,"{""325-350"": 0.0, ""350-375"": 0.0, ""375-400"": 0.0, ""400-425"": 0.0, ""425-450"": 0.0, ""450-475"": 0.0, ""475-500"": 0.0}",0.00,0.00,0.00,0.00,0.00,0.00,0.00,2026-04-22,,settlement_export
2026-04-22 10:00:00,2026/4/22 23:59:59 CT,2027-07-28,350-375,,,,,0.00,"{""325-350"": 0.0, ""350-375"": 0.0, ""375-400"": 0.0, ""400-425"": 0.0, ""425-450"": 0.0, ""450-475"": 0.0, ""475-500"": 0.0}",0.00,0.00,0.00,0.00,0.00,0.00,0.00,2026-04-22,,settlement_export
2026-04-22 10:00:00,2026/4/22 23:59:59 CT,2027-09-15,350-375,,,,,0.00,"{""325-350"": 0.0, ""350-375"": 0.0, ""375-400"": 0.0, ""400-425"": 0.0, ""425-450"": 0.0, ""450-475"": 0.0, ""475-500"": 0.0}",0.00,0.00,0.00,0.00,0.00,0.00,0.00,2026-04-22,,settlement_export
2026-04-22 10:00:00,2026/4/22 23:59:59 CT,2027-10-27,350-375,,,,,0.00,"{""325-350"": 0.0, ""350-375"": 0.0, ""375-400"": 0.0, ""400-425"": 0.0, ""425-450"": 0.0, ""450-475"": 0.0, ""475-500"": 0.0}",0.00,0.00,0.00,0.00,0.00,0.00,0.00,2026-04-22,,settlement_export
2026-04-22 10:00:00,2026/4/22 23:59:59 CT,2027-12-08,350-375,,,,,0.00,"{""325-350"": 0.0, ""350-375"": 0.0, ""375-400"": 0.0, ""400-425"": 0.0, ""425-450"": 0.0, ""450-475"": 0.0, ""475-500"": 0.0}",0.00,0.00,0.00,0.00,0.00,0.00,0.00,2026-04-22,,settlement_export
2026-04-23 10:00:00,2026/4/23 23:59:59 CT,2026-09-16,350-375,,,,350-375,82.45,"{""325-350"": 0.157926, ""350-375"": 0.824457, ""375-400"": 0.008601, ""400-425"": 0.0, ""425-450"": 0.0, ""450-475"": 0.0, ""475-500"": 0.0}",15.79,82.45,0.86,0.00,0.00,0.00,0.00,2026-04-23,,settlement_export
2026-04-23 10:00:00,2026/4/23 23:59:59 CT,2026-10-28,350-375,,,,350-375,80.64,"{""325-350"": 0.172684, ""350-375"": 0.806392, ""375-400"": 0.00841, ""400-425"": 0.0, ""425-450"": 0.0, ""450-475"": 0.0, ""475-500"": 0.0}",17.27,80.64,0.84,0.00,0.00,0.00,0.00,2026-04-23,,settlement_export
2026-04-23 10:00:00,2026/4/23 23:59:59 CT,2026-12-09,350-375,,,,350-375,75.85,"{""325-350"": 0.210707, ""350-375"": 0.758513, ""375-400"": 0.007906, ""400-425"": 0.0, ""425-450"": 0.0, ""450-475"": 0.0, ""475-500"": 0.0}",21.07,75.85,0.79,0.00,0.00,0.00,0.00,2026-04-23,,settlement_export
2026-04-23 10:00:00,2026/4/23 23:59:59 CT,2027-01-27,350-375,,,,350-375,75.85,"{""325-350"": 0.210707, ""350-375"": 0.758513, ""375-400"": 0.007906, ""400-425"": 0.0, ""425-450"": 0.0, ""450-475"": 0.0, ""475-500"": 0.0}",21.07,75.85,0.79,0.00,0.00,0.00,0.00,2026-04-23,,settlement_export
2026-04-23 10:00:00,2026/4/23 23:59:59 CT,2027-03-17,350-375,,,,350-375,75.85,"{""325-350"": 0.210707, ""350-375"": 0.758513, ""375-400"": 0.007906, ""400-425"": 0.0, ""425-450"": 0.0, ""450-475"": 0.0, ""475-500"": 0.0}",21.07,75.85,0.79,0.00,0.00,0.00,0.00,2026-04-23,,settlement_export
2026-04-23 10:00:00,2026/4/23 23:59:59 CT,2027-04-28,350-375,,,,350-375,75.85,"{""325-350"": 0.210707, ""350-375"": 0.758513, ""375-400"": 0.007906, ""400-425"": 0.0, ""425-450"": 0.0, ""450-475"": 0.0, ""475-500"": 0.0}",21.07,75.85,0.79,0.00,0.00,0.00,0.00,2026-04-23,,settlement_export
2026-04-23 10:00:00,2026/4/23 23:59:59 CT,2027-06-09,350-375,,,,,0.00,"{""325-350"": 0.0, ""350-375"": 0.0, ""375-400"": 0.0, ""400-425"": 0.0, ""425-450"": 0.0, ""450-475"": 0.0, ""475-500"": 0.0}",0.00,0.00,0.00,0.00,0.00,0.00,0.00,2026-04-23,,settlement_export
2026-04-23 10:00:00,2026/4/23 23:59:59 CT,2027-07-28,350-375,,,,,0.00,"{""325-350"": 0.0, ""350-375"": 0.0, ""375-400"": 0.0, ""400-425"": 0.0, ""425-450"": 0.0, ""450-475"": 0.0, ""475-500"": 0.0}",0.00,0.00,0.00,0.00,0.00,0.00,0.00,2026-04-23,,settlement_export
2026-04-23 10:00:00,2026/4/23 23:59:59 CT,2027-09-15,350-375,,,,,0.00,"{""325-350"": 0.0, ""350-375"": 0.0, ""375-400"": 0.0, ""400-425"": 0.0, ""425-450"": 0.0, ""450-475"": 0.0, ""475-500"": 0.0}",0.00,0.00,0.00,0.00,0.00,0.00,0.00,2026-04-23,,settlement_export
2026-04-23 10:00:00,2026/4/23 23:59:59 CT,2027-10-27,350-375,,,,,0.00,"{""325-350"": 0.0, ""350-375"": 0.0, ""375-400"": 0.0, ""400-425"": 0.0, ""425-450"": 0.0, ""450-475"": 0.0, ""475-500"": 0.0}",0.00,0.00,0.00,0.00,0.00,0.00,0.00,2026-04-23,,settlement_export
2026-04-23 10:00:00,2026/4/23 23:59:59 CT,2027-12-08,350-375,,,,,0.00,"{""325-350"": 0.0, ""350-375"": 0.0, ""375-400"": 0.0, ""400-425"": 0.0, ""425-450"": 0.0, ""450-475"": 0.0, ""475-500"": 0.0}",0.00,0.00,0.00,0.00,0.00,0.00,0.00,2026-04-23,,settlement_export
2026-04-24 10:00:00,2026/4/24 23:59:59 CT,2026-09-16,350-375,,,,350-375,72.76,"{""325-350"": 0.239506, ""350-375"": 0.727639, ""375-400"": 0.00758, ""400-425"": 0.0, ""425-450"": 0.0, ""450-475"": 0.0, ""475-500"": 0.0}",23.95,72.76,0.76,0.00,0.00,0.00,0.00,2026-04-24,,settlement_export
2026-04-24 10:00:00,2026/4/24 23:59:59 CT,2026-10-28,350-375,,,,350-375,67.98,"{""325-350"": 0.271932, ""350-375"": 0.679807, ""375-400"": 0.007076, ""400-425"": 0.0, ""425-450"": 0.0, ""450-475"": 0.0, ""475-500"": 0.0}",27.19,67.98,0.71,0.00,0.00,0.00,0.00,2026-04-24,,settlement_export
2026-04-24 10:00:00,2026/4/24 23:59:59 CT,2026-12-09,350-375,,,,350-375,61.25,"{""325-350"": 0.312719, ""350-375"": 0.612534, ""375-400"": 0.006369, ""400-425"": 0.0, ""425-450"": 0.0, ""450-475"": 0.0, ""475-500"": 0.0}",31.27,61.25,0.64,0.00,0.00,0.00,0.00,2026-04-24,,settlement_export
2026-04-24 10:00:00,2026/4/24 23:59:59 CT,2027-01-27,350-375,,,,350-375,61.25,"{""325-350"": 0.312719, ""350-375"": 0.612534, ""375-400"": 0.006369, ""400-425"": 0.0, ""425-450"": 0.0, ""450-475"": 0.0, ""475-500"": 0.0}",31.27,61.25,0.64,0.00,0.00,0.00,0.00,2026-04-24,,settlement_export
2026-04-24 10:00:00,2026/4/24 23:59:59 CT,2027-03-17,350-375,,,,350-375,58.74,"{""325-350"": 0.32514, ""350-375"": 0.587421, ""375-400"": 0.006105, ""400-425"": 0.0, ""425-450"": 0.0, ""450-475"": 0.0, ""475-500"": 0.0}",32.51,58.74,0.61,0.00,0.00,0.00,0.00,2026-04-24,,settlement_export
2026-04-24 10:00:00,2026/4/24 23:59:59 CT,2027-04-28,350-375,,,,350-375,58.18,"{""325-350"": 0.319726, ""350-375"": 0.581801, ""375-400"": 0.018562, ""400-425"": 0.000131, ""425-450"": 0.0, ""450-475"": 0.0, ""475-500"": 0.0}",31.97,58.18,1.86,0.01,0.00,0.00,0.00,2026-04-24,,settlement_export
2026-04-24 10:00:00,2026/4/24 23:59:59 CT,2027-06-09,350-375,,,,,0.00,"{""325-350"": 0.0, ""350-375"": 0.0, ""375-400"": 0.0, ""400-425"": 0.0, ""425-450"": 0.0, ""450-475"": 0.0, ""475-500"": 0.0}",0.00,0.00,0.00,0.00,0.00,0.00,0.00,2026-04-24,,settlement_export
2026-04-24 10:00:00,2026/4/24 23:59:59 CT,2027-07-28,350-375,,,,,0.00,"{""325-350"": 0.0, ""350-375"": 0.0, ""375-400"": 0.0, ""400-425"": 0.0, ""425-450"": 0.0, ""450-475"": 0.0, ""475-500"": 0.0}",0.00,0.00,0.00,0.00,0.00,0.00,0.00,2026-04-24,,settlement_export
2026-04-24 10:00:00,2026/4/24 23:59:59 CT,2027-09-15,350-375,,,,,0.00,"{""325-350"": 0.0, ""350-375"": 0.0, ""375-400"": 0.0, ""400-425"": 0.0, ""425-450"": 0.0, ""450-475"": 0.0, ""475-500"": 0.0}",0.00,0.00,0.00,0.00,0.00,0.00,0.00,2026-04-24,,settlement_export
2026-04-24 10:00:00,2026/4/24 23:59:59 CT,2027-10-27,350-375,,,,,0.00,"{""325-350"": 0.0, ""350-375"": 0.0, ""375-400"": 0.0, ""400-425"": 0.0, ""425-450"": 0.0, ""450-475"": 0.0, ""475-500"": 0.0}",0.00,0.00,0.00,0.00,0.00,0.00,0.00,2026-04-24,,settlement_export
2026-04-24 10:00:00,2026/4/24 23:59:59 CT,2027-12-08,350-375,,,,,0.00,"{""325-350"": 0.0, ""350-375"": 0.0, ""375-400"": 0.0, ""400-425"": 0.0, ""425-450"": 0.0, ""450-475"": 0.0, ""475-500"": 0.0}",0.00,0.00,0.00,0.00,0.00,0.00,0.00,2026-04-24,,settlement_export
2026-04-27 10:00:00,2026/4/27 23:59:59 CT,2026-09-16,350-375,,,,350-375,79.71,"{""325-350"": 0.188258, ""350-375"": 0.797118, ""375-400"": 0.0, ""400-425"": 0.0, ""425-450"": 0.0, ""450-475"": 0.0, ""475-500"": 0.0}",18.83,79.71,0.00,0.00,0.00,0.00,0.00,2026-04-27,,settlement_export
2026-04-27 10:00:00,2026/4/27 23:59:59 CT,2026-10-28,350-375,,,,350-375,77.95,"{""325-350"": 0.201739, ""350-375"": 0.779468, ""375-400"": 0.0, ""400-425"": 0.0, ""425-450"": 0.0, ""450-475"": 0.0, ""475-500"": 0.0}",20.17,77.95,0.00,0.00,0.00,0.00,0.00,2026-04-27,,settlement_export
2026-04-27 10:00:00,2026/4/27 23:59:59 CT,2026-12-09,350-375,,,,350-375,70.15,"{""325-350"": 0.259512, ""350-375"": 0.701521, ""375-400"": 0.0, ""400-425"": 0.0, ""425-450"": 0.0, ""450-475"": 0.0, ""475-500"": 0.0}",25.95,70.15,0.00,0.00,0.00,0.00,0.00,2026-04-27,,settlement_export
2026-04-27 10:00:00,2026/4/27 23:59:59 CT,2027-01-27,350-375,,,,350-375,70.15,"{""325-350"": 0.259512, ""350-375"": 0.701521, ""375-400"": 0.0, ""400-425"": 0.0, ""425-450"": 0.0, ""450-475"": 0.0, ""475-500"": 0.0}",25.95,70.15,0.00,0.00,0.00,0.00,0.00,2026-04-27,,settlement_export
2026-04-27 10:00:00,2026/4/27 23:59:59 CT,2027-03-17,350-375,,,,350-375,68.65,"{""325-350"": 0.268984, ""350-375"": 0.686488, ""375-400"": 0.0, ""400-425"": 0.0, ""425-450"": 0.0, ""450-475"": 0.0, ""475-500"": 0.0}",26.90,68.65,0.00,0.00,0.00,0.00,0.00,2026-04-27,,settlement_export
2026-04-27 10:00:00,2026/4/27 23:59:59 CT,2027-04-28,350-375,,,,350-375,67.75,"{""325-350"": 0.264104, ""350-375"": 0.677542, ""375-400"": 0.01471, ""400-425"": 0.0, ""425-450"": 0.0, ""450-475"": 0.0, ""475-500"": 0.0}",26.41,67.75,1.47,0.00,0.00,0.00,0.00,2026-04-27,,settlement_export
2026-04-27 10:00:00,2026/4/27 23:59:59 CT,2027-06-09,350-375,,,,,0.00,"{""325-350"": 0.0, ""350-375"": 0.0, ""375-400"": 0.0, ""400-425"": 0.0, ""425-450"": 0.0, ""450-475"": 0.0, ""475-500"": 0.0}",0.00,0.00,0.00,0.00,0.00,0.00,0.00,2026-04-27,,settlement_export
2026-04-27 10:00:00,2026/4/27 23:59:59 CT,2027-07-28,350-375,,,,,0.00,"{""325-350"": 0.0, ""350-375"": 0.0, ""375-400"": 0.0, ""400-425"": 0.0, ""425-450"": 0.0, ""450-475"": 0.0, ""475-500"": 0.0}",0.00,0.00,0.00,0.00,0.00,0.00,0.00,2026-04-27,,settlement_export
2026-04-27 10:00:00,2026/4/27 23:59:59 CT,2027-09-15,350-375,,,,,0.00,"{""325-350"": 0.0, ""350-375"": 0.0, ""375-400"": 0.0, ""400-425"": 0.0, ""425-450"": 0.0, ""450-475"": 0.0, ""475-500"": 0.0}",0.00,0.00,0.00,0.00,0.00,0.00,0.00,2026-04-27,,settlement_export
2026-04-27 10:00:00,2026/4/27 23:59:59 CT,2027-10-27,350-375,,,,,0.00,"{""325-350"": 0.0, ""350-375"": 0.0, ""375-400"": 0.0, ""400-425"": 0.0, ""425-450"": 0.0, ""450-475"": 0.0, ""475-500"": 0.0}",0.00,0.00,0.00,0.00,0.00,0.00,0.00,2026-04-27,,settlement_export
2026-04-27 10:00:00,2026/4/27 23:59:59 CT,2027-12-08,350-375,,,,,0.00,"{""325-350"": 0.0, ""350-375"": 0.0, ""375-400"": 0.0, ""400-425"": 0.0, ""425-450"": 0.0, ""450-475"": 0.0, ""475-500"": 0.0}",0.00,0.00,0.00,0.00,0.00,0.00,0.00,2026-04-27,,settlement_export
2026-04-28 10:00:00,2026/4/28 23:59:59 CT,2026-09-16,350-375,,,,350-375,83.87,"{""325-350"": 0.152681, ""350-375"": 0.838726, ""375-400"": 0.0, ""400-425"": 0.0, ""425-450"": 0.0, ""450-475"": 0.0, ""475-500"": 0.0}",15.27,83.87,0.00,0.00,0.00,0.00,0.00,2026-04-28,,settlement_export
2026-04-28 10:00:00,2026/4/28 23:59:59 CT,2026-10-28,350-375,,,,350-375,83.87,"{""325-350"": 0.152681, ""350-375"": 0.838726, ""375-400"": 0.0, ""400-425"": 0.0, ""425-450"": 0.0, ""450-475"": 0.0, ""475-500"": 0.0}",15.27,83.87,0.00,0.00,0.00,0.00,0.00,2026-04-28,,settlement_export
2026-04-28 10:00:00,2026/4/28 23:59:59 CT,2026-12-09,350-375,,,,350-375,80.02,"{""325-350"": 0.184188, ""350-375"": 0.800207, ""375-400"": 0.0, ""400-425"": 0.0, ""425-450"": 0.0, ""450-475"": 0.0, ""475-500"": 0.0}",18.42,80.02,0.00,0.00,0.00,0.00,0.00,2026-04-28,,settlement_export
2026-04-28 10:00:00,2026/4/28 23:59:59 CT,2027-01-27,350-375,,,,350-375,77.19,"{""325-350"": 0.176422, ""350-375"": 0.771916, ""375-400"": 0.03675, ""400-425"": 0.0, ""425-450"": 0.0, ""450-475"": 0.0, ""475-500"": 0.0}",17.64,77.19,3.67,0.00,0.00,0.00,0.00,2026-04-28,,settlement_export
2026-04-28 10:00:00,2026/4/28 23:59:59 CT,2027-03-17,350-375,,,,350-375,76.17,"{""325-350"": 0.173644, ""350-375"": 0.761707, ""375-400"": 0.049353, ""400-425"": 0.00063, ""425-450"": 0.0, ""450-475"": 0.0, ""475-500"": 0.0}",17.36,76.17,4.94,0.06,0.00,0.00,0.00,2026-04-28,,settlement_export
2026-04-28 10:00:00,2026/4/28 23:59:59 CT,2027-04-28,350-375,,,,350-375,73.65,"{""325-350"": 0.16681, ""350-375"": 0.736504, ""375-400"": 0.079883, ""400-425"": 0.002718, ""425-450"": 2.7e-05, ""450-475"": 0.0, ""475-500"": 0.0}",16.68,73.65,7.99,0.27,0.00,0.00,0.00,2026-04-28,,settlement_export
2026-04-28 10:00:00,2026/4/28 23:59:59 CT,2027-06-09,350-375,,,,,0.00,"{""325-350"": 0.0, ""350-375"": 0.0, ""375-400"": 0.0, ""400-425"": 0.0, ""425-450"": 0.0, ""450-475"": 0.0, ""475-500"": 0.0}",0.00,0.00,0.00,0.00,0.00,0.00,0.00,2026-04-28,,settlement_export
2026-04-28 10:00:00,2026/4/28 23:59:59 CT,2027-07-28,350-375,,,,,0.00,"{""325-350"": 0.0, ""350-375"": 0.0, ""375-400"": 0.0, ""400-425"": 0.0, ""425-450"": 0.0, ""450-475"": 0.0, ""475-500"": 0.0}",0.00,0.00,0.00,0.00,0.00,0.00,0.00,2026-04-28,,settlement_export
2026-04-28 10:00:00,2026/4/28 23:59:59 CT,2027-09-15,350-375,,,,,0.00,"{""325-350"": 0.0, ""350-375"": 0.0, ""375-400"": 0.0, ""400-425"": 0.0, ""425-450"": 0.0, ""450-475"": 0.0, ""475-500"": 0.0}",0.00,0.00,0.00,0.00,0.00,0.00,0.00,2026-04-28,,settlement_export
2026-04-28 10:00:00,2026/4/28 23:59:59 CT,2027-10-27,350-375,,,,,0.00,"{""325-350"": 0.0, ""350-375"": 0.0, ""375-400"": 0.0, ""400-425"": 0.0, ""425-450"": 0.0, ""450-475"": 0.0, ""475-500"": 0.0}",0.00,0.00,0.00,0.00,0.00,0.00,0.00,2026-04-28,,settlement_export
2026-04-28 10:00:00,2026/4/28 23:59:59 CT,2027-12-08,350-375,,,,,0.00,"{""325-350"": 0.0, ""350-375"": 0.0, ""375-400"": 0.0, ""400-425"": 0.0, ""425-450"": 0.0, ""450-475"": 0.0, ""475-500"": 0.0}",0.00,0.00,0.00,0.00,0.00,0.00,0.00,2026-04-28,,settlement_export
2026-04-29 10:00:00,2026/4/29 23:59:59 CT,2026-09-16,350-375,,,,350-375,98.58,"{""325-350"": 0.0142, ""350-375"": 0.985757, ""375-400"": 0.0, ""400-425"": 0.0, ""425-450"": 0.0, ""450-475"": 0.0, ""475-500"": 0.0}",1.42,98.58,0.00,0.00,0.00,0.00,0.00,2026-04-29,,settlement_export
2026-04-29 10:00:00,2026/4/29 23:59:59 CT,2026-10-28,350-375,,,,350-375,94.27,"{""325-350"": 0.013573, ""350-375"": 0.942731, ""375-400"": 0.043655, ""400-425"": 0.0, ""425-450"": 0.0, ""450-475"": 0.0, ""475-500"": 0.0}",1.36,94.27,4.37,0.00,0.00,0.00,0.00,2026-04-29,,settlement_export
2026-04-29 10:00:00,2026/4/29 23:59:59 CT,2026-12-09,350-375,,,,350-375,88.49,"{""325-350"": 0.012731, ""350-375"": 0.884917, ""375-400"": 0.099597, ""400-425"": 0.002716, ""425-450"": 0.0, ""450-475"": 0.0, ""475-500"": 0.0}",1.27,88.49,9.96,0.27,0.00,0.00,0.00,2026-04-29,,settlement_export
2026-04-29 10:00:00,2026/4/29 23:59:59 CT,2027-01-27,350-375,,,,350-375,76.47,"{""325-350"": 0.010982, ""350-375"": 0.764749, ""375-400"": 0.207797, ""400-425"": 0.016064, ""425-450"": 0.000374, ""450-475"": 0.0, ""475-500"": 0.0}",1.10,76.47,20.78,1.61,0.04,0.00,0.00,2026-04-29,,settlement_export
2026-04-29 10:00:00,2026/4/29 23:59:59 CT,2027-03-17,350-375,,,,350-375,66.46,"{""325-350"": 0.009528, ""350-375"": 0.664606, ""375-400"": 0.281792, ""400-425"": 0.041537, ""425-450"": 0.002459, ""450-475"": 5e-05, ""475-500"": 0.0}",0.95,66.46,28.18,4.15,0.25,0.01,0.00,2026-04-29,,settlement_export
2026-04-29 10:00:00,2026/4/29 23:59:59 CT,2027-04-28,350-375,,,,350-375,59.44,"{""325-350"": 0.00851, ""350-375"": 0.594419, ""375-400"": 0.322808, ""400-425"": 0.067279, ""425-450"": 0.006646, ""450-475"": 0.000308, ""475-500"": 5e-06}",0.85,59.44,32.28,6.73,0.66,0.03,0.00,2026-04-29,,settlement_export
2026-04-29 10:00:00,2026/4/29 23:59:59 CT,2027-06-09,350-375,,,,,0.00,"{""325-350"": 0.0, ""350-375"": 0.0, ""375-400"": 0.0, ""400-425"": 0.0, ""425-450"": 0.0, ""450-475"": 0.0, ""475-500"": 0.0}",0.00,0.00,0.00,0.00,0.00,0.00,0.00,2026-04-29,,settlement_export
2026-04-29 10:00:00,2026/4/29 23:59:59 CT,2027-07-28,350-375,,,,,0.00,"{""325-350"": 0.0, ""350-375"": 0.0, ""375-400"": 0.0, ""400-425"": 0.0, ""425-450"": 0.0, ""450-475"": 0.0, ""475-500"": 0.0}",0.00,0.00,0.00,0.00,0.00,0.00,0.00,2026-04-29,,settlement_export
2026-04-29 10:00:00,2026/4/29 23:59:59 CT,2027-09-15,350-375,,,,,0.00,"{""325-350"": 0.0, ""350-375"": 0.0, ""375-400"": 0.0, ""400-425"": 0.0, ""425-450"": 0.0, ""450-475"": 0.0, ""475-500"": 0.0}",0.00,0.00,0.00,0.00,0.00,0.00,0.00,2026-04-29,,settlement_export
2026-04-29 10:00:00,2026/4/29 23:59:59 CT,2027-10-27,350-375,,,,,0.00,"{""325-350"": 0.0, ""350-375"": 0.0, ""375-400"": 0.0, ""400-425"": 0.0, ""425-450"": 0.0, ""450-475"": 0.0, ""475-500"": 0.0}",0.00,0.00,0.00,0.00,0.00,0.00,0.00,2026-04-29,,settlement_export
2026-04-29 10:00:00,2026/4/29 23:59:59 CT,2027-12-08,350-375,,,,,0.00,"{""325-350"": 0.0, ""350-375"": 0.0, ""375-400"": 0.0, ""400-425"": 0.0, ""425-450"": 0.0, ""450-475"": 0.0, ""475-500"": 0.0}",0.00,0.00,0.00,0.00,0.00,0.00,0.00,2026-04-29,,settlement_export
2026-04-30 10:00:00,2026/4/30 23:59:59 CT,2026-09-16,350-375,,,,350-375,84.82,"{""325-350"": 0.143664, ""350-375"": 0.84824, ""375-400"": 0.0, ""400-425"": 0.0, ""425-450"": 0.0, ""450-475"": 0.0, ""475-500"": 0.0}",14.37,84.82,0.00,0.00,0.00,0.00,0.00,2026-04-30,,settlement_export
2026-04-30 10:00:00,2026/4/30 23:59:59 CT,2026-10-28,350-375,,,,350-375,84.82,"{""325-350"": 0.143664, ""350-375"": 0.84824, ""375-400"": 0.0, ""400-425"": 0.0, ""425-450"": 0.0, ""450-475"": 0.0, ""475-500"": 0.0}",14.37,84.82,0.00,0.00,0.00,0.00,0.00,2026-04-30,,settlement_export
2026-04-30 10:00:00,2026/4/30 23:59:59 CT,2026-12-09,350-375,,,,350-375,80.23,"{""325-350"": 0.134818, ""350-375"": 0.802312, ""375-400"": 0.055293, ""400-425"": 0.0, ""425-450"": 0.0, ""450-475"": 0.0, ""475-500"": 0.0}",13.48,80.23,5.53,0.00,0.00,0.00,0.00,2026-04-30,,settlement_export
2026-04-30 10:00:00,2026/4/30 23:59:59 CT,2027-01-27,350-375,,,,350-375,72.57,"{""325-350"": 0.120193, ""350-375"": 0.725674, ""375-400"": 0.141062, ""400-425"": 0.006348, ""425-450"": 0.0, ""450-475"": 0.0, ""475-500"": 0.0}",12.02,72.57,14.11,0.63,0.00,0.00,0.00,2026-04-30,,settlement_export
2026-04-30 10:00:00,2026/4/30 23:59:59 CT,2027-03-17,350-375,,,,350-375,65.65,"{""325-350"": 0.107212, ""350-375"": 0.656476, ""375-400"": 0.207874, ""400-425"": 0.021744, ""425-450"": 0.000726, ""450-475"": 0.0, ""475-500"": 0.0}",10.72,65.65,20.79,2.17,0.07,0.00,0.00,2026-04-30,,settlement_export
2026-04-30 10:00:00,2026/4/30 23:59:59 CT,2027-04-28,350-375,,,,350-375,60.94,"{""325-350"": 0.098525, ""350-375"": 0.609396, ""375-400"": 0.246326, ""400-425"": 0.037698, ""425-450"": 0.002527, ""450-475"": 6.2e-05, ""475-500"": 0.0}",9.85,60.94,24.63,3.77,0.25,0.01,0.00,2026-04-30,,settlement_export
2026-04-30 10:00:00,2026/4/30 23:59:59 CT,2027-06-09,350-375,,,,350-375,58.86,"{""325-350"": 0.127717, ""350-375"": 0.588649, ""375-400"": 0.234404, ""400-425"": 0.035688, ""425-450"": 0.002386, ""450-475"": 5.9e-05, ""475-500"": 0.0}",12.77,58.86,23.44,3.57,0.24,0.01,0.00,2026-04-30,,settlement_export
2026-04-30 10:00:00,2026/4/30 23:59:59 CT,2027-07-28,350-375,,,,,0.00,"{""325-350"": 0.0, ""350-375"": 0.0, ""375-400"": 0.0, ""400-425"": 0.0, ""425-450"": 0.0, ""450-475"": 0.0, ""475-500"": 0.0}",0.00,0.00,0.00,0.00,0.00,0.00,0.00,2026-04-30,,settlement_export
2026-04-30 10:00:00,2026/4/30 23:59:59 CT,2027-09-15,350-375,,,,,0.00,"{""325-350"": 0.0, ""350-375"": 0.0, ""375-400"": 0.0, ""400-425"": 0.0, ""425-450"": 0.0, ""450-475"": 0.0, ""475-500"": 0.0}",0.00,0.00,0.00,0.00,0.00,0.00,0.00,2026-04-30,,settlement_export
2026-04-30 10:00:00,2026/4/30 23:59:59 CT,2027-10-27,350-375,,,,,0.00,"{""325-350"": 0.0, ""350-375"": 0.0, ""375-400"": 0.0, ""400-425"": 0.0, ""425-450"": 0.0, ""450-475"": 0.0, ""475-500"": 0.0}",0.00,0.00,0.00,0.00,0.00,0.00,0.00,2026-04-30,,settlement_export
2026-04-30 10:00:00,2026/4/30 23:59:59 CT,2027-12-08,350-375,,,,,0.00,"{""325-350"": 0.0, ""350-375"": 0.0, ""375-400"": 0.0, ""400-425"": 0.0, ""425-450"": 0.0, ""450-475"": 0.0, ""475-500"": 0.0}",0.00,0.00,0.00,0.00,0.00,0.00,0.00,2026-04-30,,settlement_export
2026-05-01 10:00:00,2026/5/1 23:59:59 CT,2026-09-16,350-375,,,,350-375,85.52,"{""325-350"": 0.137485, ""350-375"": 0.855247, ""375-400"": 0.0, ""400-425"": 0.0, ""425-450"": 0.0, ""450-475"": 0.0, ""475-500"": 0.0}",13.75,85.52,0.00,0.00,0.00,0.00,0.00,2026-05-01,,settlement_export
2026-05-01 10:00:00,2026/5/1 23:59:59 CT,2026-10-28,350-375,,,,350-375,83.94,"{""325-350"": 0.134599, ""350-375"": 0.839354, ""375-400"": 0.018938, ""400-425"": 0.0, ""425-450"": 0.0, ""450-475"": 0.0, ""475-500"": 0.0}",13.46,83.94,1.89,0.00,0.00,0.00,0.00,2026-05-01,,settlement_export
2026-05-01 10:00:00,2026/5/1 23:59:59 CT,2026-12-09,350-375,,,,350-375,77.72,"{""325-350"": 0.12335, ""350-375"": 0.777231, ""375-400"": 0.091256, ""400-425"": 0.001669, ""425-450"": 0.0, ""450-475"": 0.0, ""475-500"": 0.0}",12.34,77.72,9.13,0.17,0.00,0.00,0.00,2026-05-01,,settlement_export
2026-05-01 10:00:00,2026/5/1 23:59:59 CT,2027-01-27,350-375,,,,350-375,71.72,"{""325-350"": 0.112607, ""350-375"": 0.717171, ""375-400"": 0.154264, ""400-425"": 0.009898, ""425-450"": 0.000153, ""450-475"": 0.0, ""475-500"": 0.0}",11.26,71.72,15.43,0.99,0.02,0.00,0.00,2026-05-01,,settlement_export
2026-05-01 10:00:00,2026/5/1 23:59:59 CT,2027-03-17,350-375,,,,350-375,64.72,"{""325-350"": 0.100249, ""350-375"": 0.647214, ""375-400"": 0.2194, ""400-425"": 0.026603, ""425-450"": 0.001281, ""450-475"": 1.8e-05, ""475-500"": 0.0}",10.02,64.72,21.94,2.66,0.13,0.00,0.00,2026-05-01,,settlement_export
2026-05-01 10:00:00,2026/5/1 23:59:59 CT,2027-04-28,350-375,,,,350-375,61.21,"{""325-350"": 0.094135, ""350-375"": 0.612052, ""375-400"": 0.246902, ""400-425"": 0.038997, ""425-450"": 0.002909, ""450-475"": 9.9e-05, ""475-500"": 1e-06}",9.41,61.21,24.69,3.90,0.29,0.01,0.00,2026-05-01,,settlement_export
2026-05-01 10:00:00,2026/5/1 23:59:59 CT,2027-06-09,350-375,,,,350-375,59.12,"{""325-350"": 0.123731, ""350-375"": 0.591186, ""375-400"": 0.235022, ""400-425"": 0.036935, ""425-450"": 0.002748, ""450-475"": 9.3e-05, ""475-500"": 1e-06}",12.37,59.12,23.50,3.69,0.27,0.01,0.00,2026-05-01,,settlement_export
2026-05-01 10:00:00,2026/5/1 23:59:59 CT,2027-07-28,350-375,,,,,0.00,"{""325-350"": 0.0, ""350-375"": 0.0, ""375-400"": 0.0, ""400-425"": 0.0, ""425-450"": 0.0, ""450-475"": 0.0, ""475-500"": 0.0}",0.00,0.00,0.00,0.00,0.00,0.00,0.00,2026-05-01,,settlement_export
2026-05-01 10:00:00,2026/5/1 23:59:59 CT,2027-09-15,350-375,,,,,0.00,"{""325-350"": 0.0, ""350-375"": 0.0, ""375-400"": 0.0, ""400-425"": 0.0, ""425-450"": 0.0, ""450-475"": 0.0, ""475-500"": 0.0}",0.00,0.00,0.00,0.00,0.00,0.00,0.00,2026-05-01,,settlement_export
2026-05-01 10:00:00,2026/5/1 23:59:59 CT,2027-10-27,350-375,,,,,0.00,"{""325-350"": 0.0, ""350-375"": 0.0, ""375-400"": 0.0, ""400-425"": 0.0, ""425-450"": 0.0, ""450-475"": 0.0, ""475-500"": 0.0}",0.00,0.00,0.00,0.00,0.00,0.00,0.00,2026-05-01,,settlement_export
2026-05-01 10:00:00,2026/5/1 23:59:59 CT,2027-12-08,350-375,,,,,0.00,"{""325-350"": 0.0, ""350-375"": 0.0, ""375-400"": 0.0, ""400-425"": 0.0, ""425-450"": 0.0, ""450-475"": 0.0, ""475-500"": 0.0}",0.00,0.00,0.00,0.00,0.00,0.00,0.00,2026-05-01,,settlement_export
2026-05-04 10:00:00,2026/5/4 23:59:59 CT,2026-09-16,350-375,,,,350-375,88.33,"{""325-350"": 0.074063, ""350-375"": 0.883284, ""375-400"": 0.041456, ""400-425"": 0.0, ""425-450"": 0.0, ""450-475"": 0.0, ""475-500"": 0.0}",7.41,88.33,4.15,0.00,0.00,0.00,0.00,2026-05-04,,settlement_export
2026-05-04 10:00:00,2026/5/4 23:59:59 CT,2026-10-28,350-375,,,,350-375,75.79,"{""325-350"": 0.062768, ""350-375"": 0.757855, ""375-400"": 0.17194, ""400-425"": 0.006426, ""425-450"": 0.0, ""450-475"": 0.0, ""475-500"": 0.0}",6.28,75.79,17.19,0.64,0.00,0.00,0.00,2026-05-04,,settlement_export
2026-05-04 10:00:00,2026/5/4 23:59:59 CT,2026-12-09,350-375,,,,350-375,61.94,"{""325-350"": 0.050463, ""350-375"": 0.619352, ""375-400"": 0.288689, ""400-425"": 0.039406, ""425-450"": 0.00128, ""450-475"": 0.0, ""475-500"": 0.0}",5.05,61.94,28.87,3.94,0.13,0.00,0.00,2026-05-04,,settlement_export
2026-05-04 10:00:00,2026/5/4 23:59:59 CT,2027-01-27,350-375,,,,350-375,52.79,"{""325-350"": 0.042482, ""350-375"": 0.527909, ""375-400"": 0.34184, ""400-425"": 0.079476, ""425-450"": 0.007409, ""450-475"": 0.000206, ""475-500"": 0.0}",4.25,52.79,34.18,7.95,0.74,0.02,0.00,2026-05-04,,settlement_export
2026-05-04 10:00:00,2026/5/4 23:59:59 CT,2027-03-17,350-375,,,,350-375,46.20,"{""325-350"": 0.036808, ""350-375"": 0.462029, ""375-400"": 0.367092, ""400-425"": 0.115082, ""425-450"": 0.017189, ""450-475"": 0.001183, ""475-500"": 2.8e-05}",3.68,46.20,36.71,11.51,1.72,0.12,0.00,2026-05-04,,settlement_export
2026-05-04 10:00:00,2026/5/4 23:59:59 CT,2027-04-28,350-375,,,,350-375,43.47,"{""325-350"": 0.03448, ""350-375"": 0.434694, ""375-400"": 0.373195, ""400-425"": 0.131283, ""425-450"": 0.023482, ""450-475"": 0.002212, ""475-500"": 0.000102}",3.45,43.47,37.32,13.13,2.35,0.22,0.01,2026-05-04,,settlement_export
2026-05-04 10:00:00,2026/5/4 23:59:59 CT,2027-06-09,350-375,,,,350-375,43.12,"{""325-350"": 0.057349, ""350-375"": 0.431179, ""375-400"": 0.359372, ""400-425"": 0.125123, ""425-450"": 0.022267, ""450-475"": 0.002092, ""475-500"": 9.6e-05}",5.73,43.12,35.94,12.51,2.23,0.21,0.01,2026-05-04,,settlement_export
2026-05-04 10:00:00,2026/5/4 23:59:59 CT,2027-07-28,350-375,,,,,0.00,"{""325-350"": 0.0, ""350-375"": 0.0, ""375-400"": 0.0, ""400-425"": 0.0, ""425-450"": 0.0, ""450-475"": 0.0, ""475-500"": 0.0}",0.00,0.00,0.00,0.00,0.00,0.00,0.00,2026-05-04,,settlement_export
2026-05-04 10:00:00,2026/5/4 23:59:59 CT,2027-09-15,350-375,,,,,0.00,"{""325-350"": 0.0, ""350-375"": 0.0, ""375-400"": 0.0, ""400-425"": 0.0, ""425-450"": 0.0, ""450-475"": 0.0, ""475-500"": 0.0}",0.00,0.00,0.00,0.00,0.00,0.00,0.00,2026-05-04,,settlement_export
2026-05-04 10:00:00,2026/5/4 23:59:59 CT,2027-10-27,350-375,,,,,0.00,"{""325-350"": 0.0, ""350-375"": 0.0, ""375-400"": 0.0, ""400-425"": 0.0, ""425-450"": 0.0, ""450-475"": 0.0, ""475-500"": 0.0}",0.00,0.00,0.00,0.00,0.00,0.00,0.00,2026-05-04,,settlement_export
2026-05-04 10:00:00,2026/5/4 23:59:59 CT,2027-12-08,350-375,,,,,0.00,"{""325-350"": 0.0, ""350-375"": 0.0, ""375-400"": 0.0, ""400-425"": 0.0, ""425-450"": 0.0, ""450-475"": 0.0, ""475-500"": 0.0}",0.00,0.00,0.00,0.00,0.00,0.00,0.00,2026-05-04,,settlement_export
2026-05-05 10:00:00,2026/5/5 23:59:59 CT,2026-09-16,350-375,,,,350-375,86.60,"{""325-350"": 0.110337, ""350-375"": 0.865966, ""375-400"": 0.020196, ""400-425"": 0.0, ""425-450"": 0.0, ""450-475"": 0.0, ""475-500"": 0.0}",11.03,86.60,2.02,0.00,0.00,0.00,0.00,2026-05-05,,settlement_export
2026-05-05 10:00:00,2026/5/5 23:59:59 CT,2026-10-28,350-375,,,,350-375,73.21,"{""325-350"": 0.091412, ""350-375"": 0.732112, ""375-400"": 0.170018, ""400-425"": 0.003578, ""425-450"": 0.0, ""450-475"": 0.0, ""475-500"": 0.0}",9.14,73.21,17.00,0.36,0.00,0.00,0.00,2026-05-05,,settlement_export
2026-05-05 10:00:00,2026/5/5 23:59:59 CT,2026-12-09,350-375,,,,350-375,62.82,"{""325-350"": 0.07705, ""350-375"": 0.628176, ""375-400"": 0.261202, ""400-425"": 0.030578, ""425-450"": 0.00058, ""450-475"": 0.0, ""475-500"": 0.0}",7.70,62.82,26.12,3.06,0.06,0.00,0.00,2026-05-05,,settlement_export
2026-05-05 10:00:00,2026/5/5 23:59:59 CT,2027-01-27,350-375,,,,350-375,55.22,"{""325-350"": 0.066767, ""350-375"": 0.552243, ""375-400"": 0.311763, ""400-425"": 0.062353, ""425-450"": 0.004713, ""450-475"": 8e-05, ""475-500"": 0.0}",6.68,55.22,31.18,6.24,0.47,0.01,0.00,2026-05-05,,settlement_export
2026-05-05 10:00:00,2026/5/5 23:59:59 CT,2027-03-17,350-375,,,,350-375,48.64,"{""325-350"": 0.057988, ""350-375"": 0.486357, ""375-400"": 0.3444, ""400-425"": 0.096201, ""425-450"": 0.012536, ""450-475"": 0.000709, ""475-500"": 1.1e-05}",5.80,48.64,34.44,9.62,1.25,0.07,0.00,2026-05-05,,settlement_export
2026-05-05 10:00:00,2026/5/5 23:59:59 CT,2027-04-28,350-375,,,,350-375,45.88,"{""325-350"": 0.054376, ""350-375"": 0.458819, ""375-400"": 0.353525, ""400-425"": 0.112157, ""425-450"": 0.017914, ""450-475"": 0.001469, ""475-500"": 5.6e-05}",5.44,45.88,35.35,11.22,1.79,0.15,0.01,2026-05-05,,settlement_export
2026-05-05 10:00:00,2026/5/5 23:59:59 CT,2027-06-09,350-375,,,,350-375,45.28,"{""325-350"": 0.077487, ""350-375"": 0.452802, ""375-400"": 0.339733, ""400-425"": 0.106772, ""425-450"": 0.016975, ""450-475"": 0.001388, ""475-500"": 5.3e-05}",7.75,45.28,33.97,10.68,1.70,0.14,0.01,2026-05-05,,settlement_export
2026-05-05 10:00:00,2026/5/5 23:59:59 CT,2027-07-28,350-375,,,,,0.00,"{""325-350"": 0.0, ""350-375"": 0.0, ""375-400"": 0.0, ""400-425"": 0.0, ""425-450"": 0.0, ""450-475"": 0.0, ""475-500"": 0.0}",0.00,0.00,0.00,0.00,0.00,0.00,0.00,2026-05-05,,settlement_export
2026-05-05 10:00:00,2026/5/5 23:59:59 CT,2027-09-15,350-375,,,,,0.00,"{""325-350"": 0.0, ""350-375"": 0.0, ""375-400"": 0.0, ""400-425"": 0.0, ""425-450"": 0.0, ""450-475"": 0.0, ""475-500"": 0.0}",0.00,0.00,0.00,0.00,0.00,0.00,0.00,2026-05-05,,settlement_export
2026-05-05 10:00:00,2026/5/5 23:59:59 CT,2027-10-27,350-375,,,,,0.00,"{""325-350"": 0.0, ""350-375"": 0.0, ""375-400"": 0.0, ""400-425"": 0.0, ""425-450"": 0.0, ""450-475"": 0.0, ""475-500"": 0.0}",0.00,0.00,0.00,0.00,0.00,0.00,0.00,2026-05-05,,settlement_export
2026-05-05 10:00:00,2026/5/5 23:59:59 CT,2027-12-08,350-375,,,,,0.00,"{""325-350"": 0.0, ""350-375"": 0.0, ""375-400"": 0.0, ""400-425"": 0.0, ""425-450"": 0.0, ""450-475"": 0.0, ""475-500"": 0.0}",0.00,0.00,0.00,0.00,0.00,0.00,0.00,2026-05-05,,settlement_export
2026-05-06 10:00:00,2026/5/6 23:59:59 CT,2026-09-16,350-375,,,,350-375,84.00,"{""325-350"": 0.151652, ""350-375"": 0.839955, ""375-400"": 0.0, ""400-425"": 0.0, ""425-450"": 0.0, ""450-475"": 0.0, ""475-500"": 0.0}",15.17,84.00,0.00,0.00,0.00,0.00,0.00,2026-05-06,,settlement_export
2026-05-06 10:00:00,2026/5/6 23:59:59 CT,2026-10-28,350-375,,,,350-375,77.90,"{""325-350"": 0.138952, ""350-375"": 0.778991, ""375-400"": 0.074396, ""400-425"": 0.0, ""425-450"": 0.0, ""450-475"": 0.0, ""475-500"": 0.0}",13.90,77.90,7.44,0.00,0.00,0.00,0.00,2026-05-06,,settlement_export
2026-05-06 10:00:00,2026/5/6 23:59:59 CT,2026-12-09,350-375,,,,350-375,70.60,"{""325-350"": 0.123961, ""350-375"": 0.705979, ""375-400"": 0.154772, ""400-425"": 0.008487, ""425-450"": 0.0, ""450-475"": 0.0, ""475-500"": 0.0}",12.40,70.60,15.48,0.85,0.00,0.00,0.00,2026-05-06,,settlement_export
2026-05-06 10:00:00,2026/5/6 23:59:59 CT,2027-01-27,350-375,,,,350-375,67.92,"{""325-350"": 0.118576, ""350-375"": 0.679249, ""375-400"": 0.180087, ""400-425"": 0.015205, ""425-450"": 0.00039, ""450-475"": 0.0, ""475-500"": 0.0}",11.86,67.92,18.01,1.52,0.04,0.00,0.00,2026-05-06,,settlement_export
2026-05-06 10:00:00,2026/5/6 23:59:59 CT,2027-03-17,350-375,,,,350-375,62.48,"{""325-350"": 0.107678, ""350-375"": 0.624784, ""375-400"": 0.228577, ""400-425"": 0.031222, ""425-450"": 0.001829, ""450-475"": 3.8e-05, ""475-500"": 0.0}",10.77,62.48,22.86,3.12,0.18,0.00,0.00,2026-05-06,,settlement_export
2026-05-06 10:00:00,2026/5/6 23:59:59 CT,2027-04-28,350-375,,,,350-375,60.26,"{""325-350"": 0.103311, ""350-375"": 0.602622, ""375-400"": 0.245557, ""400-425"": 0.03968, ""425-450"": 0.003089, ""450-475"": 0.000115, ""475-500"": 2e-06}",10.33,60.26,24.56,3.97,0.31,0.01,0.00,2026-05-06,,settlement_export
2026-05-06 10:00:00,2026/5/6 23:59:59 CT,2027-06-09,350-375,,,,350-375,58.22,"{""325-350"": 0.131843, ""350-375"": 0.582218, ""375-400"": 0.233793, ""400-425"": 0.037589, ""425-450"": 0.002919, ""450-475"": 0.000108, ""475-500"": 2e-06}",13.18,58.22,23.38,3.76,0.29,0.01,0.00,2026-05-06,,settlement_export
2026-05-06 10:00:00,2026/5/6 23:59:59 CT,2027-07-28,350-375,,,,,0.00,"{""325-350"": 0.0, ""350-375"": 0.0, ""375-400"": 0.0, ""400-425"": 0.0, ""425-450"": 0.0, ""450-475"": 0.0, ""475-500"": 0.0}",0.00,0.00,0.00,0.00,0.00,0.00,0.00,2026-05-06,,settlement_export
2026-05-06 10:00:00,2026/5/6 23:59:59 CT,2027-09-15,350-375,,,,,0.00,"{""325-350"": 0.0, ""350-375"": 0.0, ""375-400"": 0.0, ""400-425"": 0.0, ""425-450"": 0.0, ""450-475"": 0.0, ""475-500"": 0.0}",0.00,0.00,0.00,0.00,0.00,0.00,0.00,2026-05-06,,settlement_export
2026-05-06 10:00:00,2026/5/6 23:59:59 CT,2027-10-27,350-375,,,,,0.00,"{""325-350"": 0.0, ""350-375"": 0.0, ""375-400"": 0.0, ""400-425"": 0.0, ""425-450"": 0.0, ""450-475"": 0.0, ""475-500"": 0.0}",0.00,0.00,0.00,0.00,0.00,0.00,0.00,2026-05-06,,settlement_export
2026-05-06 10:00:00,2026/5/6 23:59:59 CT,2027-12-08,350-375,,,,,0.00,"{""325-350"": 0.0, ""350-375"": 0.0, ""375-400"": 0.0, ""400-425"": 0.0, ""425-450"": 0.0, ""450-475"": 0.0, ""475-500"": 0.0}",0.00,0.00,0.00,0.00,0.00,0.00,0.00,2026-05-06,,settlement_export
2026-05-07 10:00:00,2026/5/7 23:59:59 CT,2026-09-16,350-375,,,,350-375,87.87,"{""325-350"": 0.092673, ""350-375"": 0.878669, ""375-400"": 0.026425, ""400-425"": 0.0, ""425-450"": 0.0, ""450-475"": 0.0, ""475-500"": 0.0}",9.27,87.87,2.64,0.00,0.00,0.00,0.00,2026-05-07,,settlement_export
2026-05-07 10:00:00,2026/5/7 23:59:59 CT,2026-10-28,350-375,,,,350-375,79.16,"{""325-350"": 0.08266, ""350-375"": 0.791648, ""375-400"": 0.12078, ""400-425"": 0.002926, ""425-450"": 0.0, ""450-475"": 0.0, ""475-500"": 0.0}",8.27,79.16,12.08,0.29,0.00,0.00,0.00,2026-05-07,,settlement_export
2026-05-07 10:00:00,2026/5/7 23:59:59 CT,2026-12-09,350-375,,,,350-375,70.08,"{""325-350"": 0.072322, ""350-375"": 0.700793, ""375-400"": 0.206751, ""400-425"": 0.018028, ""425-450"": 0.000375, ""450-475"": 0.0, ""475-500"": 0.0}",7.23,70.08,20.68,1.80,0.04,0.00,0.00,2026-05-07,,settlement_export
2026-05-07 10:00:00,2026/5/7 23:59:59 CT,2027-01-27,350-375,,,,350-375,64.31,"{""325-350"": 0.065838, ""350-375"": 0.643067, ""375-400"": 0.252129, ""400-425"": 0.035363, ""425-450"": 0.001996, ""450-475"": 3.4e-05, ""475-500"": 0.0}",6.58,64.31,25.21,3.54,0.20,0.00,0.00,2026-05-07,,settlement_export
2026-05-07 10:00:00,2026/5/7 23:59:59 CT,2027-03-17,350-375,,,,350-375,55.32,"{""325-350"": 0.055831, ""350-375"": 0.553184, ""375-400"": 0.313004, ""400-425"": 0.069117, ""425-450"": 0.007192, ""450-475"": 0.00034, ""475-500"": 5e-06}",5.58,55.32,31.30,6.91,0.72,0.03,0.00,2026-05-07,,settlement_export
2026-05-07 10:00:00,2026/5/7 23:59:59 CT,2027-04-28,350-375,,,,350-375,52.12,"{""325-350"": 0.052327, ""350-375"": 0.521211, ""375-400"": 0.328444, ""400-425"": 0.084795, ""425-450"": 0.011173, ""450-475"": 0.00078, ""475-500"": 2.7e-05}",5.23,52.12,32.84,8.48,1.12,0.08,0.00,2026-05-07,,settlement_export
2026-05-07 10:00:00,2026/5/7 23:59:59 CT,2027-06-09,350-375,,,,350-375,51.02,"{""325-350"": 0.07912, ""350-375"": 0.510196, ""375-400"": 0.314521, ""400-425"": 0.080588, ""425-450"": 0.010579, ""450-475"": 0.000737, ""475-500"": 2.5e-05}",7.91,51.02,31.45,8.06,1.06,0.07,0.00,2026-05-07,,settlement_export
2026-05-07 10:00:00,2026/5/7 23:59:59 CT,2027-07-28,350-375,,,,,0.00,"{""325-350"": 0.0, ""350-375"": 0.0, ""375-400"": 0.0, ""400-425"": 0.0, ""425-450"": 0.0, ""450-475"": 0.0, ""475-500"": 0.0}",0.00,0.00,0.00,0.00,0.00,0.00,0.00,2026-05-07,,settlement_export
2026-05-07 10:00:00,2026/5/7 23:59:59 CT,2027-09-15,350-375,,,,,0.00,"{""325-350"": 0.0, ""350-375"": 0.0, ""375-400"": 0.0, ""400-425"": 0.0, ""425-450"": 0.0, ""450-475"": 0.0, ""475-500"": 0.0}",0.00,0.00,0.00,0.00,0.00,0.00,0.00,2026-05-07,,settlement_export
2026-05-07 10:00:00,2026/5/7 23:59:59 CT,2027-10-27,350-375,,,,,0.00,"{""325-350"": 0.0, ""350-375"": 0.0, ""375-400"": 0.0, ""400-425"": 0.0, ""425-450"": 0.0, ""450-475"": 0.0, ""475-500"": 0.0}",0.00,0.00,0.00,0.00,0.00,0.00,0.00,2026-05-07,,settlement_export
2026-05-07 10:00:00,2026/5/7 23:59:59 CT,2027-12-08,350-375,,,,,0.00,"{""325-350"": 0.0, ""350-375"": 0.0, ""375-400"": 0.0, ""400-425"": 0.0, ""425-450"": 0.0, ""450-475"": 0.0, ""475-500"": 0.0}",0.00,0.00,0.00,0.00,0.00,0.00,0.00,2026-05-07,,settlement_export
2026-05-08 10:00:00,2026/5/8 23:59:59 CT,2026-09-16,350-375,,,,350-375,86.40,"{""325-350"": 0.119959, ""350-375"": 0.864009, ""375-400"": 0.011864, ""400-425"": 0.0, ""425-450"": 0.0, ""450-475"": 0.0, ""475-500"": 0.0}",12.00,86.40,1.19,0.00,0.00,0.00,0.00,2026-05-08,,settlement_export
2026-05-08 10:00:00,2026/5/8 23:59:59 CT,2026-10-28,350-375,,,,350-375,81.46,"{""325-350"": 0.112267, ""350-375"": 0.814583, ""375-400"": 0.068471, ""400-425"": 0.000788, ""425-450"": 0.0, ""450-475"": 0.0, ""475-500"": 0.0}",11.23,81.46,6.85,0.08,0.00,0.00,0.00,2026-05-08,,settlement_export
2026-05-08 10:00:00,2026/5/8 23:59:59 CT,2026-12-09,350-375,,,,350-375,75.06,"{""325-350"": 0.102393, ""350-375"": 0.750594, ""375-400"": 0.13645, ""400-425"": 0.006955, ""425-450"": 7.2e-05, ""450-475"": 0.0, ""475-500"": 0.0}",10.24,75.06,13.64,0.70,0.01,0.00,0.00,2026-05-08,,settlement_export
2026-05-08 10:00:00,2026/5/8 23:59:59 CT,2027-01-27,350-375,,,,350-375,70.59,"{""325-350"": 0.095583, ""350-375"": 0.705941, ""375-400"": 0.178758, ""400-425"": 0.015876, ""425-450"": 0.000546, ""450-475"": 5e-06, ""475-500"": 0.0}",9.56,70.59,17.88,1.59,0.05,0.00,0.00,2026-05-08,,settlement_export
2026-05-08 10:00:00,2026/5/8 23:59:59 CT,2027-03-17,350-375,,,,350-375,62.31,"{""325-350"": 0.083058, ""350-375"": 0.623106, ""375-400"": 0.250304, ""400-425"": 0.037981, ""425-450"": 0.002626, ""450-475"": 7.8e-05, ""475-500"": 1e-06}",8.31,62.31,25.03,3.80,0.26,0.01,0.00,2026-05-08,,settlement_export
2026-05-08 10:00:00,2026/5/8 23:59:59 CT,2027-04-28,350-375,,,,350-375,58.84,"{""325-350"": 0.077901, ""350-375"": 0.588389, ""375-400"": 0.27427, ""400-425"": 0.05163, ""425-450"": 0.004899, ""450-475"": 0.000242, ""475-500"": 6e-06}",7.79,58.84,27.43,5.16,0.49,0.02,0.00,2026-05-08,,settlement_export
2026-05-08 10:00:00,2026/5/8 23:59:59 CT,2027-06-09,350-375,,,,350-375,57.04,"{""325-350"": 0.107072, ""350-375"": 0.570439, ""375-400"": 0.261548, ""400-425"": 0.04896, ""425-450"": 0.004633, ""450-475"": 0.000229, ""475-500"": 5e-06}",10.71,57.04,26.15,4.90,0.46,0.02,0.00,2026-05-08,,settlement_export
2026-05-08 10:00:00,2026/5/8 23:59:59 CT,2027-07-28,350-375,,,,,0.00,"{""325-350"": 0.0, ""350-375"": 0.0, ""375-400"": 0.0, ""400-425"": 0.0, ""425-450"": 0.0, ""450-475"": 0.0, ""475-500"": 0.0}",0.00,0.00,0.00,0.00,0.00,0.00,0.00,2026-05-08,,settlement_export
2026-05-08 10:00:00,2026/5/8 23:59:59 CT,2027-09-15,350-375,,,,,0.00,"{""325-350"": 0.0, ""350-375"": 0.0, ""375-400"": 0.0, ""400-425"": 0.0, ""425-450"": 0.0, ""450-475"": 0.0, ""475-500"": 0.0}",0.00,0.00,0.00,0.00,0.00,0.00,0.00,2026-05-08,,settlement_export
2026-05-08 10:00:00,2026/5/8 23:59:59 CT,2027-10-27,350-375,,,,,0.00,"{""325-350"": 0.0, ""350-375"": 0.0, ""375-400"": 0.0, ""400-425"": 0.0, ""425-450"": 0.0, ""450-475"": 0.0, ""475-500"": 0.0}",0.00,0.00,0.00,0.00,0.00,0.00,0.00,2026-05-08,,settlement_export
2026-05-08 10:00:00,2026/5/8 23:59:59 CT,2027-12-08,350-375,,,,,0.00,"{""325-350"": 0.0, ""350-375"": 0.0, ""375-400"": 0.0, ""400-425"": 0.0, ""425-450"": 0.0, ""450-475"": 0.0, ""475-500"": 0.0}",0.00,0.00,0.00,0.00,0.00,0.00,0.00,2026-05-08,,settlement_export
2026-05-11 10:00:00,2026/5/11 23:59:59 CT,2026-09-16,350-375,,,,350-375,90.42,"{""325-350"": 0.046299, ""350-375"": 0.904232, ""375-400"": 0.048889, ""400-425"": 0.0, ""425-450"": 0.0, ""450-475"": 0.0, ""475-500"": 0.0}",4.63,90.42,4.89,0.00,0.00,0.00,0.00,2026-05-11,,settlement_export
2026-05-11 10:00:00,2026/5/11 23:59:59 CT,2026-10-28,350-375,,,,350-375,82.82,"{""325-350"": 0.04225, ""350-375"": 0.828243, ""375-400"": 0.124648, ""400-425"": 0.00433, ""425-450"": 0.0, ""450-475"": 0.0, ""475-500"": 0.0}",4.23,82.82,12.46,0.43,0.00,0.00,0.00,2026-05-11,,settlement_export
2026-05-11 10:00:00,2026/5/11 23:59:59 CT,2026-12-09,350-375,,,,350-375,72.75,"{""325-350"": 0.036903, ""350-375"": 0.72752, ""375-400"": 0.214812, ""400-425"": 0.019749, ""425-450"": 0.000555, ""450-475"": 0.0, ""475-500"": 0.0}",3.69,72.75,21.48,1.97,0.06,0.00,0.00,2026-05-11,,settlement_export
2026-05-11 10:00:00,2026/5/11 23:59:59 CT,2027-01-27,350-375,,,,350-375,66.41,"{""325-350"": 0.033556, ""350-375"": 0.664085, ""375-400"": 0.261905, ""400-425"": 0.037666, ""425-450"": 0.002318, ""450-475"": 5.1e-05, ""475-500"": 0.0}",3.36,66.41,26.19,3.77,0.23,0.01,0.00,2026-05-11,,settlement_export
2026-05-11 10:00:00,2026/5/11 23:59:59 CT,2027-03-17,350-375,,,,350-375,56.59,"{""325-350"": 0.028396, ""350-375"": 0.565903, ""375-400"": 0.32453, ""400-425"": 0.072583, ""425-450"": 0.007822, ""450-475"": 0.000404, ""475-500"": 8e-06}",2.84,56.59,32.45,7.26,0.78,0.04,0.00,2026-05-11,,settlement_export
2026-05-11 10:00:00,2026/5/11 23:59:59 CT,2027-04-28,350-375,,,,350-375,53.13,"{""325-350"": 0.026593, ""350-375"": 0.531349, ""375-400"": 0.340047, ""400-425"": 0.088779, ""425-450"": 0.011985, ""450-475"": 0.000881, ""475-500"": 3.3e-05}",2.66,53.13,34.00,8.88,1.20,0.09,0.00,2026-05-11,,settlement_export
2026-05-11 10:00:00,2026/5/11 23:59:59 CT,2027-06-09,350-375,,,,350-375,52.59,"{""325-350"": 0.041015, ""350-375"": 0.525883, ""375-400"": 0.332868, ""400-425"": 0.086585, ""425-450"": 0.011668, ""450-475"": 0.000857, ""475-500"": 3.2e-05}",4.10,52.59,33.29,8.66,1.17,0.09,0.00,2026-05-11,,settlement_export
2026-05-11 10:00:00,2026/5/11 23:59:59 CT,2027-07-28,350-375,,,,,0.00,"{""325-350"": 0.0, ""350-375"": 0.0, ""375-400"": 0.0, ""400-425"": 0.0, ""425-450"": 0.0, ""450-475"": 0.0, ""475-500"": 0.0}",0.00,0.00,0.00,0.00,0.00,0.00,0.00,2026-05-11,,settlement_export
2026-05-11 10:00:00,2026/5/11 23:59:59 CT,2027-09-15,350-375,,,,,0.00,"{""325-350"": 0.0, ""350-375"": 0.0, ""375-400"": 0.0, ""400-425"": 0.0, ""425-450"": 0.0, ""450-475"": 0.0, ""475-500"": 0.0}",0.00,0.00,0.00,0.00,0.00,0.00,0.00,2026-05-11,,settlement_export
2026-05-11 10:00:00,2026/5/11 23:59:59 CT,2027-10-27,350-375,,,,,0.00,"{""325-350"": 0.0, ""350-375"": 0.0, ""375-400"": 0.0, ""400-425"": 0.0, ""425-450"": 0.0, ""450-475"": 0.0, ""475-500"": 0.0}",0.00,0.00,0.00,0.00,0.00,0.00,0.00,2026-05-11,,settlement_export
2026-05-11 10:00:00,2026/5/11 23:59:59 CT,2027-12-08,350-375,,,,,0.00,"{""325-350"": 0.0, ""350-375"": 0.0, ""375-400"": 0.0, ""400-425"": 0.0, ""425-450"": 0.0, ""450-475"": 0.0, ""475-500"": 0.0}",0.00,0.00,0.00,0.00,0.00,0.00,0.00,2026-05-11,,settlement_export
2026-05-12 10:00:00,2026/5/12 23:59:59 CT,2026-09-16,350-375,,,,350-375,90.05,"{""325-350"": 0.036681, ""350-375"": 0.90052, ""375-400"": 0.062426, ""400-425"": 0.0, ""425-450"": 0.0, ""450-475"": 0.0, ""475-500"": 0.0}",3.67,90.05,6.24,0.00,0.00,0.00,0.00,2026-05-12,,settlement_export
2026-05-12 10:00:00,2026/5/12 23:59:59 CT,2026-10-28,350-375,,,,350-375,76.66,"{""325-350"": 0.031054, ""350-375"": 0.766625, ""375-400"": 0.192331, ""400-425"": 0.009676, ""425-450"": 0.0, ""450-475"": 0.0, ""475-500"": 0.0}",3.11,76.66,19.23,0.97,0.00,0.00,0.00,2026-05-12,,settlement_export
2026-05-12 10:00:00,2026/5/12 23:59:59 CT,2026-12-09,350-375,,,,350-375,61.79,"{""325-350"": 0.024837, ""350-375"": 0.617876, ""375-400"": 0.308466, ""400-425"": 0.046613, ""425-450"": 0.001957, ""450-475"": 0.0, ""475-500"": 0.0}",2.48,61.79,30.85,4.66,0.20,0.00,0.00,2026-05-12,,settlement_export
2026-05-12 10:00:00,2026/5/12 23:59:59 CT,2027-01-27,350-375,,,,350-375,53.62,"{""325-350"": 0.02145, ""350-375"": 0.536169, ""375-400"": 0.351096, ""400-425"": 0.08269, ""425-450"": 0.008109, ""450-475"": 0.00027, ""475-500"": 0.0}",2.15,53.62,35.11,8.27,0.81,0.03,0.00,2026-05-12,,settlement_export
2026-05-12 10:00:00,2026/5/12 23:59:59 CT,2027-03-17,350-375,,,,350-375,42.66,"{""325-350"": 0.01693, ""350-375"": 0.426607, ""375-400"": 0.39049, ""400-425"": 0.139822, ""425-450"": 0.023984, ""450-475"": 0.001938, ""475-500"": 5.7e-05}",1.69,42.66,39.05,13.98,2.40,0.19,0.01,2026-05-12,,settlement_export
2026-05-12 10:00:00,2026/5/12 23:59:59 CT,2027-04-28,350-375,,,,375-400,39.44,"{""325-350"": 0.015135, ""350-375"": 0.382713, ""375-400"": 0.39436, ""400-425"": 0.16668, ""425-450"": 0.036396, ""450-475"": 0.0043, ""475-500"": 0.000259}",1.51,38.27,39.44,16.67,3.64,0.43,0.03,2026-05-12,,settlement_export
2026-05-12 10:00:00,2026/5/12 23:59:59 CT,2027-06-09,350-375,,,,375-400,39.44,"{""325-350"": 0.015135, ""350-375"": 0.382713, ""375-400"": 0.39436, ""400-425"": 0.16668, ""425-450"": 0.036396, ""450-475"": 0.0043, ""475-500"": 0.000259}",1.51,38.27,39.44,16.67,3.64,0.43,0.03,2026-05-12,,settlement_export
2026-05-12 10:00:00,2026/5/12 23:59:59 CT,2027-07-28,350-375,,,,,0.00,"{""325-350"": 0.0, ""350-375"": 0.0, ""375-400"": 0.0, ""400-425"": 0.0, ""425-450"": 0.0, ""450-475"": 0.0, ""475-500"": 0.0}",0.00,0.00,0.00,0.00,0.00,0.00,0.00,2026-05-12,,settlement_export
2026-05-12 10:00:00,2026/5/12 23:59:59 CT,2027-09-15,350-375,,,,,0.00,"{""325-350"": 0.0, ""350-375"": 0.0, ""375-400"": 0.0, ""400-425"": 0.0, ""425-450"": 0.0, ""450-475"": 0.0, ""475-500"": 0.0}",0.00,0.00,0.00,0.00,0.00,0.00,0.00,2026-05-12,,settlement_export
2026-05-12 10:00:00,2026/5/12 23:59:59 CT,2027-10-27,350-375,,,,,0.00,"{""325-350"": 0.0, ""350-375"": 0.0, ""375-400"": 0.0, ""400-425"": 0.0, ""425-450"": 0.0, ""450-475"": 0.0, ""475-500"": 0.0}",0.00,0.00,0.00,0.00,0.00,0.00,0.00,2026-05-12,,settlement_export
2026-05-12 10:00:00,2026/5/12 23:59:59 CT,2027-12-08,350-375,,,,,0.00,"{""325-350"": 0.0, ""350-375"": 0.0, ""375-400"": 0.0, ""400-425"": 0.0, ""425-450"": 0.0, ""450-475"": 0.0, ""475-500"": 0.0}",0.00,0.00,0.00,0.00,0.00,0.00,0.00,2026-05-12,,settlement_export
2026-05-13 10:00:00,2026/5/13 23:59:59 CT,2026-09-16,350-375,,,,350-375,90.46,"{""325-350"": 0.009129, ""350-375"": 0.9046, ""375-400"": 0.086271, ""400-425"": 0.0, ""425-450"": 0.0, ""450-475"": 0.0, ""475-500"": 0.0}",0.91,90.46,8.63,0.00,0.00,0.00,0.00,2026-05-13,,settlement_export
2026-05-13 10:00:00,2026/5/13 23:59:59 CT,2026-10-28,350-375,,,,350-375,78.56,"{""325-350"": 0.007916, ""350-375"": 0.78563, ""375-400"": 0.194992, ""400-425"": 0.011462, ""425-450"": 0.0, ""450-475"": 0.0, ""475-500"": 0.0}",0.79,78.56,19.50,1.15,0.00,0.00,0.00,2026-05-13,,settlement_export
2026-05-13 10:00:00,2026/5/13 23:59:59 CT,2026-12-09,350-375,,,,350-375,65.72,"{""325-350"": 0.006608, ""350-375"": 0.657163, ""375-400"": 0.292557, ""400-425"": 0.041778, ""425-450"": 0.001893, ""450-475"": 0.0, ""475-500"": 0.0}",0.66,65.72,29.26,4.18,0.19,0.00,0.00,2026-05-13,,settlement_export
2026-05-13 10:00:00,2026/5/13 23:59:59 CT,2027-01-27,350-375,,,,350-375,58.25,"{""325-350"": 0.005849, ""350-375"": 0.58247, ""375-400"": 0.334419, ""400-425"": 0.070571, ""425-450"": 0.006473, ""450-475"": 0.000217, ""475-500"": 0.0}",0.58,58.25,33.44,7.06,0.65,0.02,0.00,2026-05-13,,settlement_export
2026-05-13 10:00:00,2026/5/13 23:59:59 CT,2027-03-17,350-375,,,,350-375,47.13,"{""325-350"": 0.004721, ""350-375"": 0.471265, ""375-400"": 0.382257, ""400-425"": 0.121456, ""425-450"": 0.018835, ""450-475"": 0.001424, ""475-500"": 4.2e-05}",0.47,47.13,38.23,12.15,1.88,0.14,0.00,2026-05-13,,settlement_export
2026-05-13 10:00:00,2026/5/13 23:59:59 CT,2027-04-28,350-375,,,,350-375,42.13,"{""325-350"": 0.004216, ""350-375"": 0.421278, ""375-400"": 0.391794, ""400-425"": 0.149399, ""425-450"": 0.02983, ""450-475"": 0.003289, ""475-500"": 0.00019}",0.42,42.13,39.18,14.94,2.98,0.33,0.02,2026-05-13,,settlement_export
2026-05-13 10:00:00,2026/5/13 23:59:59 CT,2027-06-09,350-375,,,,350-375,42.13,"{""325-350"": 0.004216, ""350-375"": 0.421278, ""375-400"": 0.391794, ""400-425"": 0.149399, ""425-450"": 0.02983, ""450-475"": 0.003289, ""475-500"": 0.00019}",0.42,42.13,39.18,14.94,2.98,0.33,0.02,2026-05-13,,settlement_export
2026-05-13 10:00:00,2026/5/13 23:59:59 CT,2027-07-28,350-375,,,,,0.00,"{""325-350"": 0.0, ""350-375"": 0.0, ""375-400"": 0.0, ""400-425"": 0.0, ""425-450"": 0.0, ""450-475"": 0.0, ""475-500"": 0.0}",0.00,0.00,0.00,0.00,0.00,0.00,0.00,2026-05-13,,settlement_export
2026-05-13 10:00:00,2026/5/13 23:59:59 CT,2027-09-15,350-375,,,,,0.00,"{""325-350"": 0.0, ""350-375"": 0.0, ""375-400"": 0.0, ""400-425"": 0.0, ""425-450"": 0.0, ""450-475"": 0.0, ""475-500"": 0.0}",0.00,0.00,0.00,0.00,0.00,0.00,0.00,2026-05-13,,settlement_export
2026-05-13 10:00:00,2026/5/13 23:59:59 CT,2027-10-27,350-375,,,,,0.00,"{""325-350"": 0.0, ""350-375"": 0.0, ""375-400"": 0.0, ""400-425"": 0.0, ""425-450"": 0.0, ""450-475"": 0.0, ""475-500"": 0.0}",0.00,0.00,0.00,0.00,0.00,0.00,0.00,2026-05-13,,settlement_export
2026-05-13 10:00:00,2026/5/13 23:59:59 CT,2027-12-08,350-375,,,,,0.00,"{""325-350"": 0.0, ""350-375"": 0.0, ""375-400"": 0.0, ""400-425"": 0.0, ""425-450"": 0.0, ""450-475"": 0.0, ""475-500"": 0.0}",0.00,0.00,0.00,0.00,0.00,0.00,0.00,2026-05-13,,settlement_export
2026-05-14 10:00:00,2026/5/14 23:59:59 CT,2026-09-16,350-375,,,,350-375,85.77,"{""325-350"": 0.018681, ""350-375"": 0.857738, ""375-400"": 0.12134, ""400-425"": 0.002242, ""425-450"": 0.0, ""450-475"": 0.0, ""475-500"": 0.0}",1.87,85.77,12.13,0.22,0.00,0.00,0.00,2026-05-14,,settlement_export
2026-05-14 10:00:00,2026/5/14 23:59:59 CT,2026-10-28,350-375,,,,350-375,74.63,"{""325-350"": 0.016199, ""350-375"": 0.746263, ""375-400"": 0.219176, ""400-425"": 0.018065, ""425-450"": 0.000298, ""450-475"": 0.0, ""475-500"": 0.0}",1.62,74.63,21.92,1.81,0.03,0.00,0.00,2026-05-14,,settlement_export
2026-05-14 10:00:00,2026/5/14 23:59:59 CT,2026-12-09,350-375,,,,350-375,59.43,"{""325-350"": 0.012827, ""350-375"": 0.594301, ""375-400"": 0.328888, ""400-425"": 0.059926, ""425-450"": 0.003996, ""450-475"": 6.2e-05, ""475-500"": 0.0}",1.28,59.43,32.89,5.99,0.40,0.01,0.00,2026-05-14,,settlement_export
2026-05-14 10:00:00,2026/5/14 23:59:59 CT,2027-01-27,350-375,,,,350-375,54.09,"{""325-350"": 0.011649, ""350-375"": 0.540892, ""375-400"": 0.353267, ""400-425"": 0.08463, ""425-450"": 0.009133, ""450-475"": 0.000423, ""475-500"": 6e-06}",1.16,54.09,35.33,8.46,0.91,0.04,0.00,2026-05-14,,settlement_export
2026-05-14 10:00:00,2026/5/14 23:59:59 CT,2027-03-17,350-375,,,,350-375,44.94,"{""325-350"": 0.009635, ""350-375"": 0.449408, ""375-400"": 0.385699, ""400-425"": 0.131066, ""425-450"": 0.022183, ""450-475"": 0.001929, ""475-500"": 7.8e-05}",0.96,44.94,38.57,13.11,2.22,0.19,0.01,2026-05-14,,settlement_export
2026-05-14 10:00:00,2026/5/14 23:59:59 CT,2027-04-28,350-375,,,,350-375,40.23,"{""325-350"": 0.008603, ""350-375"": 0.40229, ""375-400"": 0.392525, ""400-425"": 0.158348, ""425-450"": 0.033849, ""450-475"": 0.004099, ""475-500"": 0.000276}",0.86,40.23,39.25,15.83,3.38,0.41,0.03,2026-05-14,,settlement_export
2026-05-14 10:00:00,2026/5/14 23:59:59 CT,2027-06-09,350-375,,,,350-375,40.23,"{""325-350"": 0.008603, ""350-375"": 0.40229, ""375-400"": 0.392525, ""400-425"": 0.158348, ""425-450"": 0.033849, ""450-475"": 0.004099, ""475-500"": 0.000276}",0.86,40.23,39.25,15.83,3.38,0.41,0.03,2026-05-14,,settlement_export
2026-05-14 10:00:00,2026/5/14 23:59:59 CT,2027-07-28,350-375,,,,,0.00,"{""325-350"": 0.0, ""350-375"": 0.0, ""375-400"": 0.0, ""400-425"": 0.0, ""425-450"": 0.0, ""450-475"": 0.0, ""475-500"": 0.0}",0.00,0.00,0.00,0.00,0.00,0.00,0.00,2026-05-14,,settlement_export
2026-05-14 10:00:00,2026/5/14 23:59:59 CT,2027-09-15,350-375,,,,,0.00,"{""325-350"": 0.0, ""350-375"": 0.0, ""375-400"": 0.0, ""400-425"": 0.0, ""425-450"": 0.0, ""450-475"": 0.0, ""475-500"": 0.0}",0.00,0.00,0.00,0.00,0.00,0.00,0.00,2026-05-14,,settlement_export
2026-05-14 10:00:00,2026/5/14 23:59:59 CT,2027-10-27,350-375,,,,,0.00,"{""325-350"": 0.0, ""350-375"": 0.0, ""375-400"": 0.0, ""400-425"": 0.0, ""425-450"": 0.0, ""450-475"": 0.0, ""475-500"": 0.0}",0.00,0.00,0.00,0.00,0.00,0.00,0.00,2026-05-14,,settlement_export
2026-05-14 10:00:00,2026/5/14 23:59:59 CT,2027-12-08,350-375,,,,,0.00,"{""325-350"": 0.0, ""350-375"": 0.0, ""375-400"": 0.0, ""400-425"": 0.0, ""425-450"": 0.0, ""450-475"": 0.0, ""475-500"": 0.0}",0.00,0.00,0.00,0.00,0.00,0.00,0.00,2026-05-14,,settlement_export
2026-05-15 10:00:00,2026/5/15 23:59:59 CT,2026-09-16,350-375,,,,350-375,81.22,"{""325-350"": 0.010468, ""350-375"": 0.812237, ""375-400"": 0.171265, ""400-425"": 0.00603, ""425-450"": 0.0, ""450-475"": 0.0, ""475-500"": 0.0}",1.05,81.22,17.13,0.60,0.00,0.00,0.00,2026-05-15,,settlement_export
2026-05-15 10:00:00,2026/5/15 23:59:59 CT,2026-10-28,350-375,,,,350-375,67.02,"{""325-350"": 0.008614, ""350-375"": 0.670209, ""375-400"": 0.284808, ""400-425"": 0.0353, ""425-450"": 0.001068, ""450-475"": 0.0, ""475-500"": 0.0}",0.86,67.02,28.48,3.53,0.11,0.00,0.00,2026-05-15,,settlement_export
2026-05-15 10:00:00,2026/5/15 23:59:59 CT,2026-12-09,350-375,,,,350-375,48.74,"{""325-350"": 0.006234, ""350-375"": 0.487413, ""375-400"": 0.391293, ""400-425"": 0.104239, ""425-450"": 0.010526, ""450-475"": 0.000295, ""475-500"": 0.0}",0.62,48.74,39.13,10.42,1.05,0.03,0.00,2026-05-15,,settlement_export
2026-05-15 10:00:00,2026/5/15 23:59:59 CT,2027-01-27,350-375,,,,375-400,40.90,"{""325-350"": 0.005089, ""350-375"": 0.399018, ""375-400"": 0.408951, ""400-425"": 0.156972, ""425-450"": 0.027742, ""450-475"": 0.002175, ""475-500"": 5.4e-05}",0.51,39.90,40.90,15.70,2.77,0.22,0.01,2026-05-15,,settlement_export
2026-05-15 10:00:00,2026/5/15 23:59:59 CT,2027-03-17,350-375,,,,375-400,40.61,"{""325-350"": 0.00362, ""350-375"": 0.285342, ""375-400"": 0.406084, ""400-425"": 0.229685, ""425-450"": 0.065034, ""450-475"": 0.009553, ""475-500"": 0.000666}",0.36,28.53,40.61,22.97,6.50,0.96,0.07,2026-05-15,,settlement_export
2026-05-15 10:00:00,2026/5/15 23:59:59 CT,2027-04-28,350-375,,,,375-400,38.54,"{""325-350"": 0.003, ""350-375"": 0.237047, ""375-400"": 0.385386, ""400-425"": 0.259925, ""425-450"": 0.09326, ""450-475"": 0.019064, ""475-500"": 0.00219}",0.30,23.70,38.54,25.99,9.33,1.91,0.22,2026-05-15,,settlement_export
2026-05-15 10:00:00,2026/5/15 23:59:59 CT,2027-06-09,350-375,,,,375-400,37.69,"{""325-350"": 0.002828, ""350-375"": 0.223672, ""375-400"": 0.376909, ""400-425"": 0.267094, ""425-450"": 0.102784, ""450-475"": 0.023303, ""475-500"": 0.003154}",0.28,22.37,37.69,26.71,10.28,2.33,0.32,2026-05-15,,settlement_export
2026-05-15 10:00:00,2026/5/15 23:59:59 CT,2027-07-28,350-375,,,,,0.00,"{""325-350"": 0.0, ""350-375"": 0.0, ""375-400"": 0.0, ""400-425"": 0.0, ""425-450"": 0.0, ""450-475"": 0.0, ""475-500"": 0.0}",0.00,0.00,0.00,0.00,0.00,0.00,0.00,2026-05-15,,settlement_export
2026-05-15 10:00:00,2026/5/15 23:59:59 CT,2027-09-15,350-375,,,,,0.00,"{""325-350"": 0.0, ""350-375"": 0.0, ""375-400"": 0.0, ""400-425"": 0.0, ""425-450"": 0.0, ""450-475"": 0.0, ""475-500"": 0.0}",0.00,0.00,0.00,0.00,0.00,0.00,0.00,2026-05-15,,settlement_export
2026-05-15 10:00:00,2026/5/15 23:59:59 CT,2027-10-27,350-375,,,,,0.00,"{""325-350"": 0.0, ""350-375"": 0.0, ""375-400"": 0.0, ""400-425"": 0.0, ""425-450"": 0.0, ""450-475"": 0.0, ""475-500"": 0.0}",0.00,0.00,0.00,0.00,0.00,0.00,0.00,2026-05-15,,settlement_export
2026-05-15 10:00:00,2026/5/15 23:59:59 CT,2027-12-08,350-375,,,,,0.00,"{""325-350"": 0.0, ""350-375"": 0.0, ""375-400"": 0.0, ""400-425"": 0.0, ""425-450"": 0.0, ""450-475"": 0.0, ""475-500"": 0.0}",0.00,0.00,0.00,0.00,0.00,0.00,0.00,2026-05-15,,settlement_export
2026-05-18 10:00:00,2026/5/18 23:59:59 CT,2026-09-16,350-375,,,,350-375,77.69,"{""325-350"": 0.0, ""350-375"": 0.776864, ""375-400"": 0.211334, ""400-425"": 0.01174, ""425-450"": 6.2e-05, ""450-475"": 0.0, ""475-500"": 0.0}",0.00,77.69,21.13,1.17,0.01,0.00,0.00,2026-05-18,,settlement_export
2026-05-18 10:00:00,2026/5/18 23:59:59 CT,2026-10-28,350-375,,,,350-375,65.64,"{""325-350"": 0.0, ""350-375"": 0.65645, ""375-400"": 0.298991, ""400-425"": 0.042677, ""425-450"": 0.001872, ""450-475"": 1e-05, ""475-500"": 0.0}",0.00,65.64,29.90,4.27,0.19,0.00,0.00,2026-05-18,,settlement_export
2026-05-18 10:00:00,2026/5/18 23:59:59 CT,2026-12-09,350-375,,,,350-375,47.51,"{""325-350"": 0.0, ""350-375"": 0.475075, ""375-400"": 0.397756, ""400-425"": 0.113496, ""425-450"": 0.013146, ""450-475"": 0.000524, ""475-500"": 3e-06}",0.00,47.51,39.78,11.35,1.31,0.05,0.00,2026-05-18,,settlement_export
2026-05-18 10:00:00,2026/5/18 23:59:59 CT,2027-01-27,350-375,,,,375-400,41.20,"{""325-350"": 0.0, ""350-375"": 0.387802, ""375-400"": 0.41196, ""400-425"": 0.165715, ""425-450"": 0.031581, ""450-475"": 0.002843, ""475-500"": 9.8e-05}",0.00,38.78,41.20,16.57,3.16,0.28,0.01,2026-05-18,,settlement_export
2026-05-18 10:00:00,2026/5/18 23:59:59 CT,2027-03-17,350-375,,,,375-400,40.50,"{""325-350"": 0.0, ""350-375"": 0.275894, ""375-400"": 0.404989, ""400-425"": 0.236774, ""425-450"": 0.070288, ""450-475"": 0.011136, ""475-500"": 0.00089}",0.00,27.59,40.50,23.68,7.03,1.11,0.09,2026-05-18,,settlement_export
2026-05-18 10:00:00,2026/5/18 23:59:59 CT,2027-04-28,350-375,,,,375-400,38.29,"{""325-350"": 0.0, ""350-375"": 0.228598, ""375-400"": 0.382858, ""400-425"": 0.265611, ""425-450"": 0.098829, ""450-475"": 0.021276, ""475-500"": 0.002647}",0.00,22.86,38.29,26.56,9.88,2.13,0.26,2026-05-18,,settlement_export
2026-05-18 10:00:00,2026/5/18 23:59:59 CT,2027-06-09,350-375,,,,375-400,37.40,"{""325-350"": 0.0, ""350-375"": 0.215535, ""375-400"": 0.374043, ""400-425"": 0.272311, ""425-450"": 0.108359, ""450-475"": 0.025708, ""475-500"": 0.003711}",0.00,21.55,37.40,27.23,10.84,2.57,0.37,2026-05-18,,settlement_export
2026-05-18 10:00:00,2026/5/18 23:59:59 CT,2027-07-28,350-375,,,,,0.00,"{""325-350"": 0.0, ""350-375"": 0.0, ""375-400"": 0.0, ""400-425"": 0.0, ""425-450"": 0.0, ""450-475"": 0.0, ""475-500"": 0.0}",0.00,0.00,0.00,0.00,0.00,0.00,0.00,2026-05-18,,settlement_export
2026-05-18 10:00:00,2026/5/18 23:59:59 CT,2027-09-15,350-375,,,,,0.00,"{""325-350"": 0.0, ""350-375"": 0.0, ""375-400"": 0.0, ""400-425"": 0.0, ""425-450"": 0.0, ""450-475"": 0.0, ""475-500"": 0.0}",0.00,0.00,0.00,0.00,0.00,0.00,0.00,2026-05-18,,settlement_export
2026-05-18 10:00:00,2026/5/18 23:59:59 CT,2027-10-27,350-375,,,,,0.00,"{""325-350"": 0.0, ""350-375"": 0.0, ""375-400"": 0.0, ""400-425"": 0.0, ""425-450"": 0.0, ""450-475"": 0.0, ""475-500"": 0.0}",0.00,0.00,0.00,0.00,0.00,0.00,0.00,2026-05-18,,settlement_export
2026-05-18 10:00:00,2026/5/18 23:59:59 CT,2027-12-08,350-375,,,,,0.00,"{""325-350"": 0.0, ""350-375"": 0.0, ""375-400"": 0.0, ""400-425"": 0.0, ""425-450"": 0.0, ""450-475"": 0.0, ""475-500"": 0.0}",0.00,0.00,0.00,0.00,0.00,0.00,0.00,2026-05-18,,settlement_export
2026-05-19 10:00:00,2026/5/19 23:59:59 CT,2026-09-16,350-375,,,,350-375,67.41,"{""325-350"": 0.006545, ""350-375"": 0.674119, ""375-400"": 0.289271, ""400-425"": 0.030066, ""425-450"": 0.0, ""450-475"": 0.0, ""475-500"": 0.0}",0.65,67.41,28.93,3.01,0.00,0.00,0.00,2026-05-19,,settlement_export
2026-05-19 10:00:00,2026/5/19 23:59:59 CT,2026-10-28,350-375,,,,350-375,55.59,"{""325-350"": 0.005385, ""350-375"": 0.555863, ""375-400"": 0.357444, ""400-425"": 0.075982, ""425-450"": 0.005326, ""450-475"": 0.0, ""475-500"": 0.0}",0.54,55.59,35.74,7.60,0.53,0.00,0.00,2026-05-19,,settlement_export
2026-05-19 10:00:00,2026/5/19 23:59:59 CT,2026-12-09,350-375,,,,375-400,41.96,"{""325-350"": 0.003698, ""350-375"": 0.38338, ""375-400"": 0.419615, ""400-425"": 0.164173, ""425-450"": 0.027465, ""450-475"": 0.001669, ""475-500"": 0.0}",0.37,38.34,41.96,16.42,2.75,0.17,0.00,2026-05-19,,settlement_export
2026-05-19 10:00:00,2026/5/19 23:59:59 CT,2027-01-27,350-375,,,,375-400,41.21,"{""325-350"": 0.002934, ""350-375"": 0.304912, ""375-400"": 0.412127, ""400-425"": 0.216965, ""425-450"": 0.055718, ""450-475"": 0.007, ""475-500"": 0.000345}",0.29,30.49,41.21,21.70,5.57,0.70,0.03,2026-05-19,,settlement_export
2026-05-19 10:00:00,2026/5/19 23:59:59 CT,2027-03-17,350-375,,,,375-400,38.12,"{""325-350"": 0.002087, ""350-375"": 0.21777, ""375-400"": 0.381188, ""400-425"": 0.273283, ""425-450"": 0.102249, ""450-475"": 0.021059, ""475-500"": 0.002265}",0.21,21.78,38.12,27.33,10.22,2.11,0.23,2026-05-19,,settlement_export
2026-05-19 10:00:00,2026/5/19 23:59:59 CT,2027-04-28,350-375,,,,375-400,35.32,"{""325-350"": 0.001729, ""350-375"": 0.180796, ""375-400"": 0.353173, ""400-425"": 0.291781, ""425-450"": 0.131569, ""450-475"": 0.034977, ""475-500"": 0.005487}",0.17,18.08,35.32,29.18,13.16,3.50,0.55,2026-05-19,,settlement_export
2026-05-19 10:00:00,2026/5/19 23:59:59 CT,2027-06-09,350-375,,,,375-400,34.82,"{""325-350"": 0.00168, ""350-375"": 0.17568, ""375-400"": 0.348248, ""400-425"": 0.293535, ""425-450"": 0.136147, ""450-475"": 0.037737, ""475-500"": 0.00633}",0.17,17.57,34.82,29.35,13.61,3.77,0.63,2026-05-19,,settlement_export
2026-05-19 10:00:00,2026/5/19 23:59:59 CT,2027-07-28,350-375,,,,,0.00,"{""325-350"": 0.0, ""350-375"": 0.0, ""375-400"": 0.0, ""400-425"": 0.0, ""425-450"": 0.0, ""450-475"": 0.0, ""475-500"": 0.0}",0.00,0.00,0.00,0.00,0.00,0.00,0.00,2026-05-19,,settlement_export
2026-05-19 10:00:00,2026/5/19 23:59:59 CT,2027-09-15,350-375,,,,,0.00,"{""325-350"": 0.0, ""350-375"": 0.0, ""375-400"": 0.0, ""400-425"": 0.0, ""425-450"": 0.0, ""450-475"": 0.0, ""475-500"": 0.0}",0.00,0.00,0.00,0.00,0.00,0.00,0.00,2026-05-19,,settlement_export
2026-05-19 10:00:00,2026/5/19 23:59:59 CT,2027-10-27,350-375,,,,,0.00,"{""325-350"": 0.0, ""350-375"": 0.0, ""375-400"": 0.0, ""400-425"": 0.0, ""425-450"": 0.0, ""450-475"": 0.0, ""475-500"": 0.0}",0.00,0.00,0.00,0.00,0.00,0.00,0.00,2026-05-19,,settlement_export
2026-05-19 10:00:00,2026/5/19 23:59:59 CT,2027-12-08,350-375,,,,,0.00,"{""325-350"": 0.0, ""350-375"": 0.0, ""375-400"": 0.0, ""400-425"": 0.0, ""425-450"": 0.0, ""450-475"": 0.0, ""475-500"": 0.0}",0.00,0.00,0.00,0.00,0.00,0.00,0.00,2026-05-19,,settlement_export
2026-05-20 10:00:00,2026/5/20 23:59:59 CT,2026-09-16,350-375,,,,350-375,74.54,"{""325-350"": 0.020435, ""350-375"": 0.745372, ""375-400"": 0.218663, ""400-425"": 0.015529, ""425-450"": 0.0, ""450-475"": 0.0, ""475-500"": 0.0}",2.04,74.54,21.87,1.55,0.00,0.00,0.00,2026-05-20,,settlement_export
2026-05-20 10:00:00,2026/5/20 23:59:59 CT,2026-10-28,350-375,,,,350-375,66.51,"{""325-350"": 0.018173, ""350-375"": 0.665112, ""375-400"": 0.276977, ""400-425"": 0.038019, ""425-450"": 0.001719, ""450-475"": 0.0, ""475-500"": 0.0}",1.82,66.51,27.70,3.80,0.17,0.00,0.00,2026-05-20,,settlement_export
2026-05-20 10:00:00,2026/5/20 23:59:59 CT,2026-12-09,350-375,,,,350-375,51.03,"{""325-350"": 0.013825, ""350-375"": 0.510326, ""375-400"": 0.369842, ""400-425"": 0.095192, ""425-450"": 0.010404, ""450-475"": 0.000411, ""475-500"": 0.0}",1.38,51.03,36.98,9.52,1.04,0.04,0.00,2026-05-20,,settlement_export
2026-05-20 10:00:00,2026/5/20 23:59:59 CT,2027-01-27,350-375,,,,350-375,43.05,"{""325-350"": 0.011603, ""350-375"": 0.430518, ""375-400"": 0.392424, ""400-425"": 0.139339, ""425-450"": 0.024033, ""450-475"": 0.002018, ""475-500"": 6.6e-05}",1.16,43.05,39.24,13.93,2.40,0.20,0.01,2026-05-20,,settlement_export
2026-05-20 10:00:00,2026/5/20 23:59:59 CT,2027-03-17,350-375,,,,375-400,40.05,"{""325-350"": 0.009149, ""350-375"": 0.341947, ""375-400"": 0.400478, ""400-425"": 0.192849, ""425-450"": 0.048412, ""450-475"": 0.006672, ""475-500"": 0.000479}",0.91,34.19,40.05,19.28,4.84,0.67,0.05,2026-05-20,,settlement_export
2026-05-20 10:00:00,2026/5/20 23:59:59 CT,2027-04-28,350-375,,,,375-400,39.30,"{""325-350"": 0.007973, ""350-375"": 0.299159, ""375-400"": 0.392952, ""400-425"": 0.219544, ""425-450"": 0.066983, ""450-475"": 0.012039, ""475-500"": 0.001275}",0.80,29.92,39.30,21.95,6.70,1.20,0.13,2026-05-20,,settlement_export
2026-05-20 10:00:00,2026/5/20 23:59:59 CT,2027-06-09,350-375,,,,375-400,39.30,"{""325-350"": 0.007973, ""350-375"": 0.299159, ""375-400"": 0.392952, ""400-425"": 0.219544, ""425-450"": 0.066983, ""450-475"": 0.012039, ""475-500"": 0.001275}",0.80,29.92,39.30,21.95,6.70,1.20,0.13,2026-05-20,,settlement_export
2026-05-20 10:00:00,2026/5/20 23:59:59 CT,2027-07-28,350-375,,,,,0.00,"{""325-350"": 0.0, ""350-375"": 0.0, ""375-400"": 0.0, ""400-425"": 0.0, ""425-450"": 0.0, ""450-475"": 0.0, ""475-500"": 0.0}",0.00,0.00,0.00,0.00,0.00,0.00,0.00,2026-05-20,,settlement_export
2026-05-20 10:00:00,2026/5/20 23:59:59 CT,2027-09-15,350-375,,,,,0.00,"{""325-350"": 0.0, ""350-375"": 0.0, ""375-400"": 0.0, ""400-425"": 0.0, ""425-450"": 0.0, ""450-475"": 0.0, ""475-500"": 0.0}",0.00,0.00,0.00,0.00,0.00,0.00,0.00,2026-05-20,,settlement_export
2026-05-20 10:00:00,2026/5/20 23:59:59 CT,2027-10-27,350-375,,,,,0.00,"{""325-350"": 0.0, ""350-375"": 0.0, ""375-400"": 0.0, ""400-425"": 0.0, ""425-450"": 0.0, ""450-475"": 0.0, ""475-500"": 0.0}",0.00,0.00,0.00,0.00,0.00,0.00,0.00,2026-05-20,,settlement_export
2026-05-20 10:00:00,2026/5/20 23:59:59 CT,2027-12-08,350-375,,,,,0.00,"{""325-350"": 0.0, ""350-375"": 0.0, ""375-400"": 0.0, ""400-425"": 0.0, ""425-450"": 0.0, ""450-475"": 0.0, ""475-500"": 0.0}",0.00,0.00,0.00,0.00,0.00,0.00,0.00,2026-05-20,,settlement_export
2026-05-21 10:00:00,2026/5/21 23:59:59 CT,2026-09-16,350-375,,,,350-375,64.39,"{""325-350"": 0.0, ""350-375"": 0.643854, ""375-400"": 0.317975, ""400-425"": 0.037488, ""425-450"": 0.000683, ""450-475"": 0.0, ""475-500"": 0.0}",0.00,64.39,31.80,3.75,0.07,0.00,0.00,2026-05-21,,settlement_export
2026-05-21 10:00:00,2026/5/21 23:59:59 CT,2026-10-28,350-375,,,,350-375,54.41,"{""325-350"": 0.0, ""350-375"": 0.544057, ""375-400"": 0.368486, ""400-425"": 0.080964, ""425-450"": 0.006388, ""450-475"": 0.000106, ""475-500"": 0.0}",0.00,54.41,36.85,8.10,0.64,0.01,0.00,2026-05-21,,settlement_export
2026-05-21 10:00:00,2026/5/21 23:59:59 CT,2026-12-09,350-375,,,,375-400,41.40,"{""325-350"": 0.0, ""350-375"": 0.403005, ""375-400"": 0.414004, ""400-425"": 0.155507, ""425-450"": 0.025722, ""450-475"": 0.001734, ""475-500"": 2.7e-05}",0.00,40.30,41.40,15.55,2.57,0.17,0.00,2026-05-21,,settlement_export
2026-05-21 10:00:00,2026/5/21 23:59:59 CT,2027-01-27,350-375,,,,375-400,41.22,"{""325-350"": 0.0, ""350-375"": 0.338226, ""375-400"": 0.412236, ""400-425"": 0.197058, ""425-450"": 0.046584, ""450-475"": 0.00559, ""475-500"": 0.000302}",0.00,33.82,41.22,19.71,4.66,0.56,0.03,2026-05-21,,settlement_export
2026-05-21 10:00:00,2026/5/21 23:59:59 CT,2027-03-17,350-375,,,,375-400,39.51,"{""325-350"": 0.0, ""350-375"": 0.259951, ""375-400"": 0.395108, ""400-425"": 0.246856, ""425-450"": 0.081408, ""450-475"": 0.015077, ""475-500"": 0.001526}",0.00,26.00,39.51,24.69,8.14,1.51,0.15,2026-05-21,,settlement_export
2026-05-21 10:00:00,2026/5/21 23:59:59 CT,2027-04-28,350-375,,,,375-400,37.77,"{""325-350"": 0.0, ""350-375"": 0.226528, ""375-400"": 0.377731, ""400-425"": 0.265917, ""425-450"": 0.10268, ""450-475"": 0.023606, ""475-500"": 0.003268}",0.00,22.65,37.77,26.59,10.27,2.36,0.33,2026-05-21,,settlement_export
2026-05-21 10:00:00,2026/5/21 23:59:59 CT,2027-06-09,350-375,,,,375-400,37.77,"{""325-350"": 0.0, ""350-375"": 0.226528, ""375-400"": 0.377731, ""400-425"": 0.265917, ""425-450"": 0.10268, ""450-475"": 0.023606, ""475-500"": 0.003268}",0.00,22.65,37.77,26.59,10.27,2.36,0.33,2026-05-21,,settlement_export
2026-05-21 10:00:00,2026/5/21 23:59:59 CT,2027-07-28,350-375,,,,,0.00,"{""325-350"": 0.0, ""350-375"": 0.0, ""375-400"": 0.0, ""400-425"": 0.0, ""425-450"": 0.0, ""450-475"": 0.0, ""475-500"": 0.0}",0.00,0.00,0.00,0.00,0.00,0.00,0.00,2026-05-21,,settlement_export
2026-05-21 10:00:00,2026/5/21 23:59:59 CT,2027-09-15,350-375,,,,,0.00,"{""325-350"": 0.0, ""350-375"": 0.0, ""375-400"": 0.0, ""400-425"": 0.0, ""425-450"": 0.0, ""450-475"": 0.0, ""475-500"": 0.0}",0.00,0.00,0.00,0.00,0.00,0.00,0.00,2026-05-21,,settlement_export
2026-05-21 10:00:00,2026/5/21 23:59:59 CT,2027-10-27,350-375,,,,,0.00,"{""325-350"": 0.0, ""350-375"": 0.0, ""375-400"": 0.0, ""400-425"": 0.0, ""425-450"": 0.0, ""450-475"": 0.0, ""475-500"": 0.0}",0.00,0.00,0.00,0.00,0.00,0.00,0.00,2026-05-21,,settlement_export
2026-05-21 10:00:00,2026/5/21 23:59:59 CT,2027-12-08,350-375,,,,,0.00,"{""325-350"": 0.0, ""350-375"": 0.0, ""375-400"": 0.0, ""400-425"": 0.0, ""425-450"": 0.0, ""450-475"": 0.0, ""475-500"": 0.0}",0.00,0.00,0.00,0.00,0.00,0.00,0.00,2026-05-21,,settlement_export
2026-05-22 10:00:00,2026/5/22 23:59:59 CT,2026-09-16,350-375,,,,350-375,60.33,"{""325-350"": 0.0, ""350-375"": 0.603285, ""375-400"": 0.34429, ""400-425"": 0.050851, ""425-450"": 0.001574, ""450-475"": 0.0, ""475-500"": 0.0}",0.00,60.33,34.43,5.09,0.16,0.00,0.00,2026-05-22,,settlement_export
2026-05-22 10:00:00,2026/5/22 23:59:59 CT,2026-10-28,350-375,,,,350-375,48.31,"{""325-350"": 0.0, ""350-375"": 0.483059, ""375-400"": 0.395904, ""400-425"": 0.109329, ""425-450"": 0.011394, ""450-475"": 0.000314, ""475-500"": 0.0}",0.00,48.31,39.59,10.93,1.14,0.03,0.00,2026-05-22,,settlement_export
2026-05-22 10:00:00,2026/5/22 23:59:59 CT,2026-12-09,350-375,,,,375-400,42.52,"{""325-350"": 0.0, ""350-375"": 0.320608, ""375-400"": 0.425214, ""400-425"": 0.205703, ""425-450"": 0.044329, ""450-475"": 0.00404, ""475-500"": 0.000105}",0.00,32.06,42.52,20.57,4.43,0.40,0.01,2026-05-22,,settlement_export
2026-05-22 10:00:00,2026/5/22 23:59:59 CT,2027-01-27,350-375,,,,375-400,40.60,"{""325-350"": 0.0, ""350-375"": 0.261711, ""375-400"": 0.405997, ""400-425"": 0.246028, ""425-450"": 0.073974, ""450-475"": 0.011441, ""475-500"": 0.000828}",0.00,26.17,40.60,24.60,7.40,1.14,0.08,2026-05-22,,settlement_export
2026-05-22 10:00:00,2026/5/22 23:59:59 CT,2027-03-17,350-375,,,,375-400,36.97,"{""325-350"": 0.0, ""350-375"": 0.195909, ""375-400"": 0.36972, ""400-425"": 0.286249, ""425-450"": 0.117234, ""450-475"": 0.027164, ""475-500"": 0.003497}",0.00,19.59,36.97,28.62,11.72,2.72,0.35,2026-05-22,,settlement_export
2026-05-22 10:00:00,2026/5/22 23:59:59 CT,2027-04-28,350-375,,,,375-400,34.74,"{""325-350"": 0.0, ""350-375"": 0.170721, ""375-400"": 0.347373, ""400-425"": 0.296981, ""425-450"": 0.138964, ""450-475"": 0.038744, ""475-500"": 0.00654}",0.00,17.07,34.74,29.70,13.90,3.87,0.65,2026-05-22,,settlement_export
2026-05-22 10:00:00,2026/5/22 23:59:59 CT,2027-06-09,350-375,,,,375-400,34.74,"{""325-350"": 0.0, ""350-375"": 0.170721, ""375-400"": 0.347373, ""400-425"": 0.296981, ""425-450"": 0.138964, ""450-475"": 0.038744, ""475-500"": 0.00654}",0.00,17.07,34.74,29.70,13.90,3.87,0.65,2026-05-22,,settlement_export
2026-05-22 10:00:00,2026/5/22 23:59:59 CT,2027-07-28,350-375,,,,,0.00,"{""325-350"": 0.0, ""350-375"": 0.0, ""375-400"": 0.0, ""400-425"": 0.0, ""425-450"": 0.0, ""450-475"": 0.0, ""475-500"": 0.0}",0.00,0.00,0.00,0.00,0.00,0.00,0.00,2026-05-22,,settlement_export
2026-05-22 10:00:00,2026/5/22 23:59:59 CT,2027-09-15,350-375,,,,,0.00,"{""325-350"": 0.0, ""350-375"": 0.0, ""375-400"": 0.0, ""400-425"": 0.0, ""425-450"": 0.0, ""450-475"": 0.0, ""475-500"": 0.0}",0.00,0.00,0.00,0.00,0.00,0.00,0.00,2026-05-22,,settlement_export
2026-05-22 10:00:00,2026/5/22 23:59:59 CT,2027-10-27,350-375,,,,,0.00,"{""325-350"": 0.0, ""350-375"": 0.0, ""375-400"": 0.0, ""400-425"": 0.0, ""425-450"": 0.0, ""450-475"": 0.0, ""475-500"": 0.0}",0.00,0.00,0.00,0.00,0.00,0.00,0.00,2026-05-22,,settlement_export
2026-05-22 10:00:00,2026/5/22 23:59:59 CT,2027-12-08,350-375,,,,,0.00,"{""325-350"": 0.0, ""350-375"": 0.0, ""375-400"": 0.0, ""400-425"": 0.0, ""425-450"": 0.0, ""450-475"": 0.0, ""475-500"": 0.0}",0.00,0.00,0.00,0.00,0.00,0.00,0.00,2026-05-22,,settlement_export
2026-05-26 10:00:00,2026/5/26 23:59:59 CT,2026-09-16,350-375,,,,350-375,71.46,"{""325-350"": 0.0, ""350-375"": 0.714564, ""375-400"": 0.261851, ""400-425"": 0.02332, ""425-450"": 0.000265, ""450-475"": 0.0, ""475-500"": 0.0}",0.00,71.46,26.19,2.33,0.03,0.00,0.00,2026-05-26,,settlement_export
2026-05-26 10:00:00,2026/5/26 23:59:59 CT,2026-10-28,350-375,,,,350-375,63.55,"{""325-350"": 0.0, ""350-375"": 0.635452, ""375-400"": 0.311973, ""400-425"": 0.049728, ""425-450"": 0.002818, ""450-475"": 2.9e-05, ""475-500"": 0.0}",0.00,63.55,31.20,4.97,0.28,0.00,0.00,2026-05-26,,settlement_export
2026-05-26 10:00:00,2026/5/26 23:59:59 CT,2026-12-09,350-375,,,,350-375,48.15,"{""325-350"": 0.0, ""350-375"": 0.481531, ""375-400"": 0.390327, ""400-425"": 0.11325, ""425-450"": 0.01418, ""450-475"": 0.000705, ""475-500"": 7e-06}",0.00,48.15,39.03,11.33,1.42,0.07,0.00,2026-05-26,,settlement_export
2026-05-26 10:00:00,2026/5/26 23:59:59 CT,2027-01-27,350-375,,,,350-375,41.52,"{""325-350"": 0.0, ""350-375"": 0.415187, ""375-400"": 0.402893, ""400-425"": 0.151425, ""425-450"": 0.02783, ""450-475"": 0.002561, ""475-500"": 0.000103}",0.00,41.52,40.29,15.14,2.78,0.26,0.01,2026-05-26,,settlement_export
2026-05-26 10:00:00,2026/5/26 23:59:59 CT,2027-03-17,350-375,,,,375-400,40.55,"{""325-350"": 0.0, ""350-375"": 0.326811, ""375-400"": 0.40551, ""400-425"": 0.204952, ""425-450"": 0.054138, ""450-475"": 0.00794, ""475-500"": 0.000626}",0.00,32.68,40.55,20.50,5.41,0.79,0.06,2026-05-26,,settlement_export
2026-05-26 10:00:00,2026/5/26 23:59:59 CT,2027-04-28,350-375,,,,375-400,39.71,"{""325-350"": 0.0, ""350-375"": 0.291796, ""375-400"": 0.397078, ""400-425"": 0.22644, ""425-450"": 0.070297, ""450-475"": 0.01289, ""475-500"": 0.00141}",0.00,29.18,39.71,22.64,7.03,1.29,0.14,2026-05-26,,settlement_export
2026-05-26 10:00:00,2026/5/26 23:59:59 CT,2027-06-09,350-375,,,,375-400,39.71,"{""325-350"": 0.0, ""350-375"": 0.291796, ""375-400"": 0.397078, ""400-425"": 0.22644, ""425-450"": 0.070297, ""450-475"": 0.01289, ""475-500"": 0.00141}",0.00,29.18,39.71,22.64,7.03,1.29,0.14,2026-05-26,,settlement_export
2026-05-26 10:00:00,2026/5/26 23:59:59 CT,2027-07-28,350-375,,,,,0.00,"{""325-350"": 0.0, ""350-375"": 0.0, ""375-400"": 0.0, ""400-425"": 0.0, ""425-450"": 0.0, ""450-475"": 0.0, ""475-500"": 0.0}",0.00,0.00,0.00,0.00,0.00,0.00,0.00,2026-05-26,,settlement_export
2026-05-26 10:00:00,2026/5/26 23:59:59 CT,2027-09-15,350-375,,,,,0.00,"{""325-350"": 0.0, ""350-375"": 0.0, ""375-400"": 0.0, ""400-425"": 0.0, ""425-450"": 0.0, ""450-475"": 0.0, ""475-500"": 0.0}",0.00,0.00,0.00,0.00,0.00,0.00,0.00,2026-05-26,,settlement_export
2026-05-26 10:00:00,2026/5/26 23:59:59 CT,2027-10-27,350-375,,,,,0.00,"{""325-350"": 0.0, ""350-375"": 0.0, ""375-400"": 0.0, ""400-425"": 0.0, ""425-450"": 0.0, ""450-475"": 0.0, ""475-500"": 0.0}",0.00,0.00,0.00,0.00,0.00,0.00,0.00,2026-05-26,,settlement_export
2026-05-26 10:00:00,2026/5/26 23:59:59 CT,2027-12-08,350-375,,,,,0.00,"{""325-350"": 0.0, ""350-375"": 0.0, ""375-400"": 0.0, ""400-425"": 0.0, ""425-450"": 0.0, ""450-475"": 0.0, ""475-500"": 0.0}",0.00,0.00,0.00,0.00,0.00,0.00,0.00,2026-05-26,,settlement_export
2026-05-27 10:00:00,2026/5/27 23:59:59 CT,2026-09-16,350-375,,,,350-375,73.61,"{""325-350"": 0.0, ""350-375"": 0.73611, ""375-400"": 0.246425, ""400-425"": 0.017392, ""425-450"": 7.3e-05, ""450-475"": 0.0, ""475-500"": 0.0}",0.00,73.61,24.64,1.74,0.01,0.00,0.00,2026-05-27,,settlement_export
2026-05-27 10:00:00,2026/5/27 23:59:59 CT,2026-10-28,350-375,,,,350-375,67.09,"{""325-350"": 0.0, ""350-375"": 0.670912, ""375-400"": 0.289797, ""400-425"": 0.037678, ""425-450"": 0.001607, ""450-475"": 6e-06, ""475-500"": 0.0}",0.00,67.09,28.98,3.77,0.16,0.00,0.00,2026-05-27,,settlement_export
2026-05-27 10:00:00,2026/5/27 23:59:59 CT,2026-12-09,350-375,,,,350-375,50.64,"{""325-350"": 0.0, ""350-375"": 0.506414, ""375-400"": 0.383241, ""400-425"": 0.099494, ""425-450"": 0.010451, ""450-475"": 0.000399, ""475-500"": 2e-06}",0.00,50.64,38.32,9.95,1.05,0.04,0.00,2026-05-27,,settlement_export
2026-05-27 10:00:00,2026/5/27 23:59:59 CT,2027-01-27,350-375,,,,350-375,44.83,"{""325-350"": 0.0, ""350-375"": 0.44827, ""375-400"": 0.397383, ""400-425"": 0.132072, ""425-450"": 0.020675, ""450-475"": 0.001553, ""475-500"": 4.7e-05}",0.00,44.83,39.74,13.21,2.07,0.16,0.00,2026-05-27,,settlement_export
2026-05-27 10:00:00,2026/5/27 23:59:59 CT,2027-03-17,350-375,,,,375-400,40.82,"{""325-350"": 0.0, ""350-375"": 0.352853, ""375-400"": 0.408215, ""400-425"": 0.188545, ""425-450"": 0.044386, ""450-475"": 0.005623, ""475-500"": 0.000368}",0.00,35.29,40.82,18.85,4.44,0.56,0.04,2026-05-27,,settlement_export
2026-05-27 10:00:00,2026/5/27 23:59:59 CT,2027-04-28,350-375,,,,375-400,40.23,"{""325-350"": 0.0, ""350-375"": 0.315047, ""375-400"": 0.402283, ""400-425"": 0.212081, ""425-450"": 0.059832, ""450-475"": 0.009776, ""475-500"": 0.000931}",0.00,31.50,40.23,21.21,5.98,0.98,0.09,2026-05-27,,settlement_export
2026-05-27 10:00:00,2026/5/27 23:59:59 CT,2027-06-09,350-375,,,,375-400,40.23,"{""325-350"": 0.0, ""350-375"": 0.315047, ""375-400"": 0.402283, ""400-425"": 0.212081, ""425-450"": 0.059832, ""450-475"": 0.009776, ""475-500"": 0.000931}",0.00,31.50,40.23,21.21,5.98,0.98,0.09,2026-05-27,,settlement_export
2026-05-27 10:00:00,2026/5/27 23:59:59 CT,2027-07-28,350-375,,,,,0.00,"{""325-350"": 0.0, ""350-375"": 0.0, ""375-400"": 0.0, ""400-425"": 0.0, ""425-450"": 0.0, ""450-475"": 0.0, ""475-500"": 0.0}",0.00,0.00,0.00,0.00,0.00,0.00,0.00,2026-05-27,,settlement_export
2026-05-27 10:00:00,2026/5/27 23:59:59 CT,2027-09-15,350-375,,,,,0.00,"{""325-350"": 0.0, ""350-375"": 0.0, ""375-400"": 0.0, ""400-425"": 0.0, ""425-450"": 0.0, ""450-475"": 0.0, ""475-500"": 0.0}",0.00,0.00,0.00,0.00,0.00,0.00,0.00,2026-05-27,,settlement_export
2026-05-27 10:00:00,2026/5/27 23:59:59 CT,2027-10-27,350-375,,,,,0.00,"{""325-350"": 0.0, ""350-375"": 0.0, ""375-400"": 0.0, ""400-425"": 0.0, ""425-450"": 0.0, ""450-475"": 0.0, ""475-500"": 0.0}",0.00,0.00,0.00,0.00,0.00,0.00,0.00,2026-05-27,,settlement_export
2026-05-27 10:00:00,2026/5/27 23:59:59 CT,2027-12-08,350-375,,,,,0.00,"{""325-350"": 0.0, ""350-375"": 0.0, ""375-400"": 0.0, ""400-425"": 0.0, ""425-450"": 0.0, ""450-475"": 0.0, ""475-500"": 0.0}",0.00,0.00,0.00,0.00,0.00,0.00,0.00,2026-05-27,,settlement_export
2026-05-28 10:00:00,2026/5/28 23:59:59 CT,2026-09-16,350-375,,,,350-375,75.23,"{""325-350"": 0.0, ""350-375"": 0.752275, ""375-400"": 0.234093, ""400-425"": 0.01356, ""425-450"": 7.2e-05, ""450-475"": 0.0, ""475-500"": 0.0}",0.00,75.23,23.41,1.36,0.01,0.00,0.00,2026-05-28,,settlement_export
2026-05-28 10:00:00,2026/5/28 23:59:59 CT,2026-10-28,350-375,,,,350-375,68.56,"{""325-350"": 0.0, ""350-375"": 0.685645, ""375-400"": 0.279989, ""400-425"": 0.033093, ""425-450"": 0.001267, ""450-475"": 6e-06, ""475-500"": 0.0}",0.00,68.56,28.00,3.31,0.13,0.00,0.00,2026-05-28,,settlement_export
2026-05-28 10:00:00,2026/5/28 23:59:59 CT,2026-12-09,350-375,,,,350-375,51.55,"{""325-350"": 0.0, ""350-375"": 0.515504, ""375-400"": 0.380652, ""400-425"": 0.09436, ""425-450"": 0.009164, ""450-475"": 0.000319, ""475-500"": 2e-06}",0.00,51.55,38.07,9.44,0.92,0.03,0.00,2026-05-28,,settlement_export
2026-05-28 10:00:00,2026/5/28 23:59:59 CT,2027-01-27,350-375,,,,350-375,46.82,"{""325-350"": 0.0, ""350-375"": 0.468154, ""375-400"": 0.393038, ""400-425"": 0.120656, ""425-450"": 0.01699, ""450-475"": 0.001132, ""475-500"": 3.1e-05}",0.00,46.82,39.30,12.07,1.70,0.11,0.00,2026-05-28,,settlement_export
2026-05-28 10:00:00,2026/5/28 23:59:59 CT,2027-03-17,350-375,,,,375-400,40.91,"{""325-350"": 0.0, ""350-375"": 0.367835, ""375-400"": 0.409134, ""400-425"": 0.179024, ""425-450"": 0.039204, ""450-475"": 0.00453, ""475-500"": 0.000267}",0.00,36.78,40.91,17.90,3.92,0.45,0.03,2026-05-28,,settlement_export
2026-05-28 10:00:00,2026/5/28 23:59:59 CT,2027-04-28,350-375,,,,375-400,40.56,"{""325-350"": 0.0, ""350-375"": 0.336306, ""375-400"": 0.405594, ""400-425"": 0.198747, ""425-450"": 0.051188, ""450-475"": 0.007502, ""475-500"": 0.000632}",0.00,33.63,40.56,19.87,5.12,0.75,0.06,2026-05-28,,settlement_export
2026-05-28 10:00:00,2026/5/28 23:59:59 CT,2027-06-09,350-375,,,,375-400,40.56,"{""325-350"": 0.0, ""350-375"": 0.336306, ""375-400"": 0.405594, ""400-425"": 0.198747, ""425-450"": 0.051188, ""450-475"": 0.007502, ""475-500"": 0.000632}",0.00,33.63,40.56,19.87,5.12,0.75,0.06,2026-05-28,,settlement_export
2026-05-28 10:00:00,2026/5/28 23:59:59 CT,2027-07-28,350-375,,,,,0.00,"{""325-350"": 0.0, ""350-375"": 0.0, ""375-400"": 0.0, ""400-425"": 0.0, ""425-450"": 0.0, ""450-475"": 0.0, ""475-500"": 0.0}",0.00,0.00,0.00,0.00,0.00,0.00,0.00,2026-05-28,,settlement_export
2026-05-28 10:00:00,2026/5/28 23:59:59 CT,2027-09-15,350-375,,,,,0.00,"{""325-350"": 0.0, ""350-375"": 0.0, ""375-400"": 0.0, ""400-425"": 0.0, ""425-450"": 0.0, ""450-475"": 0.0, ""475-500"": 0.0}",0.00,0.00,0.00,0.00,0.00,0.00,0.00,2026-05-28,,settlement_export
2026-05-28 10:00:00,2026/5/28 23:59:59 CT,2027-10-27,350-375,,,,,0.00,"{""325-350"": 0.0, ""350-375"": 0.0, ""375-400"": 0.0, ""400-425"": 0.0, ""425-450"": 0.0, ""450-475"": 0.0, ""475-500"": 0.0}",0.00,0.00,0.00,0.00,0.00,0.00,0.00,2026-05-28,,settlement_export
2026-05-28 10:00:00,2026/5/28 23:59:59 CT,2027-12-08,350-375,,,,,0.00,"{""325-350"": 0.0, ""350-375"": 0.0, ""375-400"": 0.0, ""400-425"": 0.0, ""425-450"": 0.0, ""450-475"": 0.0, ""475-500"": 0.0}",0.00,0.00,0.00,0.00,0.00,0.00,0.00,2026-05-28,,settlement_export
2026-05-29 10:00:00,2026/5/29 23:59:59 CT,2026-09-16,350-375,,,,350-375,79.17,"{""325-350"": 0.003286, ""350-375"": 0.791671, ""375-400"": 0.19537, ""400-425"": 0.009672, ""425-450"": 0.0, ""450-475"": 0.0, ""475-500"": 0.0}",0.33,79.17,19.54,0.97,0.00,0.00,0.00,2026-05-29,,settlement_export
2026-05-29 10:00:00,2026/5/29 23:59:59 CT,2026-10-28,350-375,,,,350-375,72.18,"{""325-350"": 0.002995, ""350-375"": 0.721843, ""375-400"": 0.248186, ""400-425"": 0.02612, ""425-450"": 0.000857, ""450-475"": 0.0, ""475-500"": 0.0}",0.30,72.18,24.82,2.61,0.09,0.00,0.00,2026-05-29,,settlement_export
2026-05-29 10:00:00,2026/5/29 23:59:59 CT,2026-12-09,350-375,,,,350-375,54.56,"{""325-350"": 0.002261, ""350-375"": 0.545592, ""375-400"": 0.364319, ""400-425"": 0.080567, ""425-450"": 0.007051, ""450-475"": 0.00021, ""475-500"": 0.0}",0.23,54.56,36.43,8.06,0.71,0.02,0.00,2026-05-29,,settlement_export
2026-05-29 10:00:00,2026/5/29 23:59:59 CT,2027-01-27,350-375,,,,350-375,48.32,"{""325-350"": 0.002001, ""350-375"": 0.48321, ""375-400"": 0.385132, ""400-425"": 0.113146, ""425-450"": 0.015492, ""450-475"": 0.000995, ""475-500"": 2.4e-05}",0.20,48.32,38.51,11.31,1.55,0.10,0.00,2026-05-29,,settlement_export
2026-05-29 10:00:00,2026/5/29 23:59:59 CT,2027-03-17,350-375,,,,375-400,40.42,"{""325-350"": 0.001612, ""350-375"": 0.389718, ""375-400"": 0.404187, ""400-425"": 0.165989, ""425-450"": 0.034464, ""450-475"": 0.003812, ""475-500"": 0.000213}",0.16,38.97,40.42,16.60,3.45,0.38,0.02,2026-05-29,,settlement_export
2026-05-29 10:00:00,2026/5/29 23:59:59 CT,2027-04-28,350-375,,,,375-400,40.29,"{""325-350"": 0.001474, ""350-375"": 0.356451, ""375-400"": 0.402947, ""400-425"": 0.186406, ""425-450"": 0.045738, ""450-475"": 0.006439, ""475-500"": 0.000521}",0.15,35.65,40.29,18.64,4.57,0.64,0.05,2026-05-29,,settlement_export
2026-05-29 10:00:00,2026/5/29 23:59:59 CT,2027-06-09,350-375,,,,375-400,40.29,"{""325-350"": 0.001474, ""350-375"": 0.356451, ""375-400"": 0.402947, ""400-425"": 0.186406, ""425-450"": 0.045738, ""450-475"": 0.006439, ""475-500"": 0.000521}",0.15,35.65,40.29,18.64,4.57,0.64,0.05,2026-05-29,,settlement_export
2026-05-29 10:00:00,2026/5/29 23:59:59 CT,2027-07-28,350-375,,,,,0.00,"{""325-350"": 0.0, ""350-375"": 0.0, ""375-400"": 0.0, ""400-425"": 0.0, ""425-450"": 0.0, ""450-475"": 0.0, ""475-500"": 0.0}",0.00,0.00,0.00,0.00,0.00,0.00,0.00,2026-05-29,,settlement_export
2026-05-29 10:00:00,2026/5/29 23:59:59 CT,2027-09-15,350-375,,,,,0.00,"{""325-350"": 0.0, ""350-375"": 0.0, ""375-400"": 0.0, ""400-425"": 0.0, ""425-450"": 0.0, ""450-475"": 0.0, ""475-500"": 0.0}",0.00,0.00,0.00,0.00,0.00,0.00,0.00,2026-05-29,,settlement_export
2026-05-29 10:00:00,2026/5/29 23:59:59 CT,2027-10-27,350-375,,,,,0.00,"{""325-350"": 0.0, ""350-375"": 0.0, ""375-400"": 0.0, ""400-425"": 0.0, ""425-450"": 0.0, ""450-475"": 0.0, ""475-500"": 0.0}",0.00,0.00,0.00,0.00,0.00,0.00,0.00,2026-05-29,,settlement_export
2026-05-29 10:00:00,2026/5/29 23:59:59 CT,2027-12-08,350-375,,,,,0.00,"{""325-350"": 0.0, ""350-375"": 0.0, ""375-400"": 0.0, ""400-425"": 0.0, ""425-450"": 0.0, ""450-475"": 0.0, ""475-500"": 0.0}",0.00,0.00,0.00,0.00,0.00,0.00,0.00,2026-05-29,,settlement_export
2026-06-01 10:00:00,2026/6/1 23:59:59 CT,2026-09-16,350-375,,,,350-375,76.05,"{""325-350"": 0.003156, ""350-375"": 0.760504, ""375-400"": 0.224523, ""400-425"": 0.011816, ""425-450"": 0.0, ""450-475"": 0.0, ""475-500"": 0.0}",0.32,76.05,22.45,1.18,0.00,0.00,0.00,2026-06-01,,settlement_export
2026-06-01 10:00:00,2026/6/1 23:59:59 CT,2026-10-28,350-375,,,,350-375,64.31,"{""325-350"": 0.002667, ""350-375"": 0.643115, ""375-400"": 0.3076, ""400-425"": 0.044786, ""425-450"": 0.001832, ""450-475"": 0.0, ""475-500"": 0.0}",0.27,64.31,30.76,4.48,0.18,0.00,0.00,2026-06-01,,settlement_export
2026-06-01 10:00:00,2026/6/1 23:59:59 CT,2026-12-09,350-375,,,,350-375,46.24,"{""325-350"": 0.001914, ""350-375"": 0.462366, ""375-400"": 0.40229, ""400-425"": 0.118958, ""425-450"": 0.013954, ""450-475"": 0.000517, ""475-500"": 0.0}",0.19,46.24,40.23,11.90,1.40,0.05,0.00,2026-06-01,,settlement_export
2026-06-01 10:00:00,2026/6/1 23:59:59 CT,2027-01-27,350-375,,,,375-400,41.06,"{""325-350"": 0.001651, ""350-375"": 0.398926, ""375-400"": 0.410567, ""400-425"": 0.157995, ""425-450"": 0.028421, ""450-475"": 0.002368, ""475-500"": 7.1e-05}",0.17,39.89,41.06,15.80,2.84,0.24,0.01,2026-06-01,,settlement_export
2026-06-01 10:00:00,2026/6/1 23:59:59 CT,2027-03-17,350-375,,,,375-400,40.76,"{""325-350"": 0.001233, ""350-375"": 0.298472, ""375-400"": 0.407624, ""400-425"": 0.22186, ""425-450"": 0.061185, ""450-475"": 0.008956, ""475-500"": 0.000652}",0.12,29.85,40.76,22.19,6.12,0.90,0.07,2026-06-01,,settlement_export
2026-06-01 10:00:00,2026/6/1 23:59:59 CT,2027-04-28,350-375,,,,375-400,39.59,"{""325-350"": 0.001101, ""350-375"": 0.266625, ""375-400"": 0.395929, ""400-425"": 0.241763, ""425-450"": 0.0784, ""450-475"": 0.014552, ""475-500"": 0.001542}",0.11,26.66,39.59,24.18,7.84,1.46,0.15,2026-06-01,,settlement_export
2026-06-01 10:00:00,2026/6/1 23:59:59 CT,2027-06-09,350-375,,,,375-400,39.59,"{""325-350"": 0.001101, ""350-375"": 0.266625, ""375-400"": 0.395929, ""400-425"": 0.241763, ""425-450"": 0.0784, ""450-475"": 0.014552, ""475-500"": 0.001542}",0.11,26.66,39.59,24.18,7.84,1.46,0.15,2026-06-01,,settlement_export
2026-06-01 10:00:00,2026/6/1 23:59:59 CT,2027-07-28,350-375,,,,,0.00,"{""325-350"": 0.0, ""350-375"": 0.0, ""375-400"": 0.0, ""400-425"": 0.0, ""425-450"": 0.0, ""450-475"": 0.0, ""475-500"": 0.0}",0.00,0.00,0.00,0.00,0.00,0.00,0.00,2026-06-01,,settlement_export
2026-06-01 10:00:00,2026/6/1 23:59:59 CT,2027-09-15,350-375,,,,,0.00,"{""325-350"": 0.0, ""350-375"": 0.0, ""375-400"": 0.0, ""400-425"": 0.0, ""425-450"": 0.0, ""450-475"": 0.0, ""475-500"": 0.0}",0.00,0.00,0.00,0.00,0.00,0.00,0.00,2026-06-01,,settlement_export
2026-06-01 10:00:00,2026/6/1 23:59:59 CT,2027-10-27,350-375,,,,,0.00,"{""325-350"": 0.0, ""350-375"": 0.0, ""375-400"": 0.0, ""400-425"": 0.0, ""425-450"": 0.0, ""450-475"": 0.0, ""475-500"": 0.0}",0.00,0.00,0.00,0.00,0.00,0.00,0.00,2026-06-01,,settlement_export
2026-06-01 10:00:00,2026/6/1 23:59:59 CT,2027-12-08,350-375,,,,,0.00,"{""325-350"": 0.0, ""350-375"": 0.0, ""375-400"": 0.0, ""400-425"": 0.0, ""425-450"": 0.0, ""450-475"": 0.0, ""475-500"": 0.0}",0.00,0.00,0.00,0.00,0.00,0.00,0.00,2026-06-01,,settlement_export
2026-06-02 10:00:00,2026/6/2 23:59:59 CT,2026-09-16,350-375,,,,350-375,74.98,"{""325-350"": 0.018411, ""350-375"": 0.749758, ""375-400"": 0.220252, ""400-425"": 0.011579, ""425-450"": 0.0, ""450-475"": 0.0, ""475-500"": 0.0}",1.84,74.98,22.03,1.16,0.00,0.00,0.00,2026-06-02,,settlement_export
2026-06-02 10:00:00,2026/6/2 23:59:59 CT,2026-10-28,350-375,,,,350-375,63.64,"{""325-350"": 0.015557, ""350-375"": 0.636399, ""375-400"": 0.302326, ""400-425"": 0.043923, ""425-450"": 0.001795, ""450-475"": 0.0, ""475-500"": 0.0}",1.56,63.64,30.23,4.39,0.18,0.00,0.00,2026-06-02,,settlement_export
2026-06-02 10:00:00,2026/6/2 23:59:59 CT,2026-12-09,350-375,,,,350-375,44.88,"{""325-350"": 0.010855, ""350-375"": 0.448767, ""375-400"": 0.40329, ""400-425"": 0.122018, ""425-450"": 0.014527, ""450-475"": 0.000542, ""475-500"": 0.0}",1.09,44.88,40.33,12.20,1.45,0.05,0.00,2026-06-02,,settlement_export
2026-06-02 10:00:00,2026/6/2 23:59:59 CT,2027-01-27,350-375,,,,375-400,40.96,"{""325-350"": 0.00936, ""350-375"": 0.388432, ""375-400"": 0.409556, ""400-425"": 0.160771, ""425-450"": 0.029337, ""450-475"": 0.002469, ""475-500"": 7.5e-05}",0.94,38.84,40.96,16.08,2.93,0.25,0.01,2026-06-02,,settlement_export
2026-06-02 10:00:00,2026/6/2 23:59:59 CT,2027-03-17,350-375,,,,375-400,40.42,"{""325-350"": 0.006993, ""350-375"": 0.292581, ""375-400"": 0.404215, ""400-425"": 0.223678, ""425-450"": 0.062571, ""450-475"": 0.009263, ""475-500"": 0.00068}",0.70,29.26,40.42,22.37,6.26,0.93,0.07,2026-06-02,,settlement_export
2026-06-02 10:00:00,2026/6/2 23:59:59 CT,2027-04-28,350-375,,,,375-400,39.23,"{""325-350"": 0.006244, ""350-375"": 0.261982, ""375-400"": 0.392254, ""400-425"": 0.243021, ""425-450"": 0.079833, ""450-475"": 0.014974, ""475-500"": 0.0016}",0.62,26.20,39.23,24.30,7.98,1.50,0.16,2026-06-02,,settlement_export
2026-06-02 10:00:00,2026/6/2 23:59:59 CT,2027-06-09,350-375,,,,375-400,39.23,"{""325-350"": 0.006244, ""350-375"": 0.261982, ""375-400"": 0.392254, ""400-425"": 0.243021, ""425-450"": 0.079833, ""450-475"": 0.014974, ""475-500"": 0.0016}",0.62,26.20,39.23,24.30,7.98,1.50,0.16,2026-06-02,,settlement_export
2026-06-02 10:00:00,2026/6/2 23:59:59 CT,2027-07-28,350-375,,,,,0.00,"{""325-350"": 0.0, ""350-375"": 0.0, ""375-400"": 0.0, ""400-425"": 0.0, ""425-450"": 0.0, ""450-475"": 0.0, ""475-500"": 0.0}",0.00,0.00,0.00,0.00,0.00,0.00,0.00,2026-06-02,,settlement_export
2026-06-02 10:00:00,2026/6/2 23:59:59 CT,2027-09-15,350-375,,,,,0.00,"{""325-350"": 0.0, ""350-375"": 0.0, ""375-400"": 0.0, ""400-425"": 0.0, ""425-450"": 0.0, ""450-475"": 0.0, ""475-500"": 0.0}",0.00,0.00,0.00,0.00,0.00,0.00,0.00,2026-06-02,,settlement_export
2026-06-02 10:00:00,2026/6/2 23:59:59 CT,2027-10-27,350-375,,,,,0.00,"{""325-350"": 0.0, ""350-375"": 0.0, ""375-400"": 0.0, ""400-425"": 0.0, ""425-450"": 0.0, ""450-475"": 0.0, ""475-500"": 0.0}",0.00,0.00,0.00,0.00,0.00,0.00,0.00,2026-06-02,,settlement_export
2026-06-02 10:00:00,2026/6/2 23:59:59 CT,2027-12-08,350-375,,,,,0.00,"{""325-350"": 0.0, ""350-375"": 0.0, ""375-400"": 0.0, ""400-425"": 0.0, ""425-450"": 0.0, ""450-475"": 0.0, ""475-500"": 0.0}",0.00,0.00,0.00,0.00,0.00,0.00,0.00,2026-06-02,,settlement_export
2026-06-03 10:00:00,2026/6/3 23:59:59 CT,2026-09-16,350-375,,,,350-375,69.81,"{""325-350"": 0.019097, ""350-375"": 0.69813, ""375-400"": 0.261448, ""400-425"": 0.021324, ""425-450"": 0.0, ""450-475"": 0.0, ""475-500"": 0.0}",1.91,69.81,26.14,2.13,0.00,0.00,0.00,2026-06-03,,settlement_export
2026-06-03 10:00:00,2026/6/3 23:59:59 CT,2026-10-28,350-375,,,,350-375,59.29,"{""325-350"": 0.016137, ""350-375"": 0.59288, ""375-400"": 0.329134, ""400-425"": 0.058544, ""425-450"": 0.003305, ""450-475"": 0.0, ""475-500"": 0.0}",1.61,59.29,32.91,5.85,0.33,0.00,0.00,2026-06-03,,settlement_export
2026-06-03 10:00:00,2026/6/3 23:59:59 CT,2026-12-09,350-375,,,,375-400,41.26,"{""325-350"": 0.011033, ""350-375"": 0.410458, ""375-400"": 0.412556, ""400-425"": 0.14413, ""425-450"": 0.020777, ""450-475"": 0.001045, ""475-500"": 0.0}",1.10,41.05,41.26,14.41,2.08,0.10,0.00,2026-06-03,,settlement_export
2026-06-03 10:00:00,2026/6/3 23:59:59 CT,2027-01-27,350-375,,,,375-400,41.22,"{""325-350"": 0.009006, ""350-375"": 0.337082, ""375-400"": 0.412171, ""400-425"": 0.193441, ""425-450"": 0.043437, ""450-475"": 0.00467, ""475-500"": 0.000192}",0.90,33.71,41.22,19.34,4.34,0.47,0.02,2026-06-03,,settlement_export
2026-06-03 10:00:00,2026/6/3 23:59:59 CT,2027-03-17,350-375,,,,375-400,39.19,"{""325-350"": 0.006574, ""350-375"": 0.248502, ""375-400"": 0.391897, ""400-425"": 0.252498, ""425-450"": 0.083938, ""450-475"": 0.015137, ""475-500"": 0.001401}",0.66,24.85,39.19,25.25,8.39,1.51,0.14,2026-06-03,,settlement_export
2026-06-03 10:00:00,2026/6/3 23:59:59 CT,2027-04-28,350-375,,,,375-400,37.04,"{""325-350"": 0.005588, ""350-375"": 0.212213, ""375-400"": 0.370388, ""400-425"": 0.273408, ""425-450"": 0.109222, ""450-475"": 0.025458, ""475-500"": 0.003462}",0.56,21.22,37.04,27.34,10.92,2.55,0.35,2026-06-03,,settlement_export
2026-06-03 10:00:00,2026/6/3 23:59:59 CT,2027-06-09,350-375,,,,375-400,36.59,"{""325-350"": 0.005429, ""350-375"": 0.206309, ""375-400"": 0.365868, ""400-425"": 0.276179, ""425-450"": 0.113913, ""450-475"": 0.027851, ""475-500"": 0.00409}",0.54,20.63,36.59,27.62,11.39,2.79,0.41,2026-06-03,,settlement_export
2026-06-03 10:00:00,2026/6/3 23:59:59 CT,2027-07-28,350-375,,,,,0.00,"{""325-350"": 0.0, ""350-375"": 0.0, ""375-400"": 0.0, ""400-425"": 0.0, ""425-450"": 0.0, ""450-475"": 0.0, ""475-500"": 0.0}",0.00,0.00,0.00,0.00,0.00,0.00,0.00,2026-06-03,,settlement_export
2026-06-03 10:00:00,2026/6/3 23:59:59 CT,2027-09-15,350-375,,,,,0.00,"{""325-350"": 0.0, ""350-375"": 0.0, ""375-400"": 0.0, ""400-425"": 0.0, ""425-450"": 0.0, ""450-475"": 0.0, ""475-500"": 0.0}",0.00,0.00,0.00,0.00,0.00,0.00,0.00,2026-06-03,,settlement_export
2026-06-03 10:00:00,2026/6/3 23:59:59 CT,2027-10-27,350-375,,,,,0.00,"{""325-350"": 0.0, ""350-375"": 0.0, ""375-400"": 0.0, ""400-425"": 0.0, ""425-450"": 0.0, ""450-475"": 0.0, ""475-500"": 0.0}",0.00,0.00,0.00,0.00,0.00,0.00,0.00,2026-06-03,,settlement_export
2026-06-03 10:00:00,2026/6/3 23:59:59 CT,2027-12-08,350-375,,,,,0.00,"{""325-350"": 0.0, ""350-375"": 0.0, ""375-400"": 0.0, ""400-425"": 0.0, ""425-450"": 0.0, ""450-475"": 0.0, ""475-500"": 0.0}",0.00,0.00,0.00,0.00,0.00,0.00,0.00,2026-06-03,,settlement_export
2026-06-04 10:00:00,2026/6/4 23:59:59 CT,2026-09-16,350-375,,,,350-375,72.05,"{""325-350"": 0.033835, ""350-375"": 0.720463, ""375-400"": 0.230427, ""400-425"": 0.015275, ""425-450"": 0.0, ""450-475"": 0.0, ""475-500"": 0.0}",3.38,72.05,23.04,1.53,0.00,0.00,0.00,2026-06-04,,settlement_export
2026-06-04 10:00:00,2026/6/4 23:59:59 CT,2026-10-28,350-375,,,,350-375,62.92,"{""325-350"": 0.02934, ""350-375"": 0.629239, ""375-400"": 0.295532, ""400-425"": 0.04386, ""425-450"": 0.002029, ""450-475"": 0.0, ""475-500"": 0.0}",2.93,62.92,29.55,4.39,0.20,0.00,0.00,2026-06-04,,settlement_export
2026-06-04 10:00:00,2026/6/4 23:59:59 CT,2026-12-09,350-375,,,,350-375,47.37,"{""325-350"": 0.021733, ""350-375"": 0.47371, ""375-400"": 0.382048, ""400-425"": 0.109108, ""425-450"": 0.012874, ""450-475"": 0.000526, ""475-500"": 0.0}",2.17,47.37,38.20,10.91,1.29,0.05,0.00,2026-06-04,,settlement_export
2026-06-04 10:00:00,2026/6/4 23:59:59 CT,2027-01-27,350-375,,,,350-375,40.11,"{""325-350"": 0.01824, ""350-375"": 0.401059, ""375-400"": 0.396782, ""400-425"": 0.152981, ""425-450"": 0.028343, ""450-475"": 0.002511, ""475-500"": 8.5e-05}",1.82,40.11,39.68,15.30,2.83,0.25,0.01,2026-06-04,,settlement_export
2026-06-04 10:00:00,2026/6/4 23:59:59 CT,2027-03-17,350-375,,,,375-400,39.79,"{""325-350"": 0.013654, ""350-375"": 0.304807, ""375-400"": 0.397857, ""400-425"": 0.214279, ""425-450"": 0.059681, ""450-475"": 0.009006, ""475-500"": 0.000695}",1.37,30.48,39.79,21.43,5.97,0.90,0.07,2026-06-04,,settlement_export
2026-06-04 10:00:00,2026/6/4 23:59:59 CT,2027-04-28,350-375,,,,375-400,38.59,"{""325-350"": 0.011898, ""350-375"": 0.267373, ""375-400"": 0.385894, ""400-425"": 0.237882, ""425-450"": 0.079558, ""450-475"": 0.015521, ""475-500"": 0.001763}",1.19,26.74,38.59,23.79,7.96,1.55,0.18,2026-06-04,,settlement_export
2026-06-04 10:00:00,2026/6/4 23:59:59 CT,2027-06-09,350-375,,,,375-400,38.25,"{""325-350"": 0.011558, ""350-375"": 0.260074, ""375-400"": 0.382507, ""400-425"": 0.242111, ""425-450"": 0.084081, ""450-475"": 0.017351, ""475-500"": 0.002156}",1.16,26.01,38.25,24.21,8.41,1.74,0.22,2026-06-04,,settlement_export
2026-06-04 10:00:00,2026/6/4 23:59:59 CT,2027-07-28,350-375,,,,,0.00,"{""325-350"": 0.0, ""350-375"": 0.0, ""375-400"": 0.0, ""400-425"": 0.0, ""425-450"": 0.0, ""450-475"": 0.0, ""475-500"": 0.0}",0.00,0.00,0.00,0.00,0.00,0.00,0.00,2026-06-04,,settlement_export
2026-06-04 10:00:00,2026/6/4 23:59:59 CT,2027-09-15,350-375,,,,,0.00,"{""325-350"": 0.0, ""350-375"": 0.0, ""375-400"": 0.0, ""400-425"": 0.0, ""425-450"": 0.0, ""450-475"": 0.0, ""475-500"": 0.0}",0.00,0.00,0.00,0.00,0.00,0.00,0.00,2026-06-04,,settlement_export
2026-06-04 10:00:00,2026/6/4 23:59:59 CT,2027-10-27,350-375,,,,,0.00,"{""325-350"": 0.0, ""350-375"": 0.0, ""375-400"": 0.0, ""400-425"": 0.0, ""425-450"": 0.0, ""450-475"": 0.0, ""475-500"": 0.0}",0.00,0.00,0.00,0.00,0.00,0.00,0.00,2026-06-04,,settlement_export
2026-06-04 10:00:00,2026/6/4 23:59:59 CT,2027-12-08,350-375,,,,,0.00,"{""325-350"": 0.0, ""350-375"": 0.0, ""375-400"": 0.0, ""400-425"": 0.0, ""425-450"": 0.0, ""450-475"": 0.0, ""475-500"": 0.0}",0.00,0.00,0.00,0.00,0.00,0.00,0.00,2026-06-04,,settlement_export
2026-06-05 10:00:00,2026/6/5 23:59:59 CT,2026-09-16,350-375,,,,350-375,60.41,"{""325-350"": 0.017289, ""350-375"": 0.604066, ""375-400"": 0.341428, ""400-425"": 0.037217, ""425-450"": 0.0, ""450-475"": 0.0, ""475-500"": 0.0}",1.73,60.41,34.14,3.72,0.00,0.00,0.00,2026-06-05,,settlement_export
2026-06-05 10:00:00,2026/6/5 23:59:59 CT,2026-10-28,350-375,,,,350-375,47.41,"{""325-350"": 0.013461, ""350-375"": 0.474137, ""375-400"": 0.399583, ""400-425"": 0.104578, ""425-450"": 0.008241, ""450-475"": 0.0, ""475-500"": 0.0}",1.35,47.41,39.96,10.46,0.82,0.00,0.00,2026-06-05,,settlement_export
2026-06-05 10:00:00,2026/6/5 23:59:59 CT,2026-12-09,350-375,,,,375-400,43.02,"{""325-350"": 0.007937, ""350-375"": 0.285089, ""375-400"": 0.430178, ""400-425"": 0.225639, ""425-450"": 0.047775, ""450-475"": 0.003382, ""475-500"": 0.0}",0.79,28.51,43.02,22.56,4.78,0.34,0.00,2026-06-05,,settlement_export
2026-06-05 10:00:00,2026/6/5 23:59:59 CT,2027-01-27,350-375,,,,375-400,39.69,"{""325-350"": 0.006114, ""350-375"": 0.221447, ""375-400"": 0.396861, ""400-425"": 0.272607, ""425-450"": 0.088618, ""450-475"": 0.013576, ""475-500"": 0.000777}",0.61,22.14,39.69,27.26,8.86,1.36,0.08,2026-06-05,,settlement_export
2026-06-05 10:00:00,2026/6/5 23:59:59 CT,2027-03-17,350-375,,,,375-400,34.25,"{""325-350"": 0.004219, ""350-375"": 0.154694, ""375-400"": 0.342483, ""400-425"": 0.311126, ""425-450"": 0.145654, ""450-475"": 0.036839, ""475-500"": 0.004744}",0.42,15.47,34.25,31.11,14.57,3.68,0.47,2026-06-05,,settlement_export
2026-06-05 10:00:00,2026/6/5 23:59:59 CT,2027-04-28,350-375,,,,400-425,31.58,"{""325-350"": 0.003586, ""350-375"": 0.132123, ""375-400"": 0.314315, ""400-425"": 0.31583, ""425-450"": 0.170475, ""450-475"": 0.053161, ""475-500"": 0.009558}",0.36,13.21,31.43,31.58,17.05,5.32,0.96,2026-06-05,,settlement_export
2026-06-05 10:00:00,2026/6/5 23:59:59 CT,2027-06-09,350-375,,,,400-425,31.57,"{""325-350"": 0.003381, ""350-375"": 0.124778, ""375-400"": 0.303904, ""400-425"": 0.315743, ""425-450"": 0.178781, ""450-475"": 0.059865, ""475-500"": 0.01205}",0.34,12.48,30.39,31.57,17.88,5.99,1.21,2026-06-05,,settlement_export
2026-06-05 10:00:00,2026/6/5 23:59:59 CT,2027-07-28,350-375,,,,,0.00,"{""325-350"": 0.0, ""350-375"": 0.0, ""375-400"": 0.0, ""400-425"": 0.0, ""425-450"": 0.0, ""450-475"": 0.0, ""475-500"": 0.0}",0.00,0.00,0.00,0.00,0.00,0.00,0.00,2026-06-05,,settlement_export
2026-06-05 10:00:00,2026/6/5 23:59:59 CT,2027-09-15,350-375,,,,,0.00,"{""325-350"": 0.0, ""350-375"": 0.0, ""375-400"": 0.0, ""400-425"": 0.0, ""425-450"": 0.0, ""450-475"": 0.0, ""475-500"": 0.0}",0.00,0.00,0.00,0.00,0.00,0.00,0.00,2026-06-05,,settlement_export
2026-06-05 10:00:00,2026/6/5 23:59:59 CT,2027-10-27,350-375,,,,,0.00,"{""325-350"": 0.0, ""350-375"": 0.0, ""375-400"": 0.0, ""400-425"": 0.0, ""425-450"": 0.0, ""450-475"": 0.0, ""475-500"": 0.0}",0.00,0.00,0.00,0.00,0.00,0.00,0.00,2026-06-05,,settlement_export
2026-06-05 10:00:00,2026/6/5 23:59:59 CT,2027-12-08,350-375,,,,,0.00,"{""325-350"": 0.0, ""350-375"": 0.0, ""375-400"": 0.0, ""400-425"": 0.0, ""425-450"": 0.0, ""450-475"": 0.0, ""475-500"": 0.0}",0.00,0.00,0.00,0.00,0.00,0.00,0.00,2026-06-05,,settlement_export
2026-06-08 10:00:00,2026/6/8 23:59:59 CT,2026-09-16,350-375,,,,350-375,57.33,"{""325-350"": 0.017184, ""350-375"": 0.573323, ""375-400"": 0.363231, ""400-425"": 0.046262, ""425-450"": 0.0, ""450-475"": 0.0, ""475-500"": 0.0}",1.72,57.33,36.32,4.63,0.00,0.00,0.00,2026-06-08,,settlement_export
2026-06-08 10:00:00,2026/6/8 23:59:59 CT,2026-10-28,350-375,,,,350-375,45.02,"{""325-350"": 0.013379, ""350-375"": 0.450178, ""375-400"": 0.409751, ""400-425"": 0.116448, ""425-450"": 0.010244, ""450-475"": 0.0, ""475-500"": 0.0}",1.34,45.02,40.98,11.64,1.02,0.00,0.00,2026-06-08,,settlement_export
2026-06-08 10:00:00,2026/6/8 23:59:59 CT,2026-12-09,350-375,,,,375-400,42.57,"{""325-350"": 0.008116, ""350-375"": 0.27837, ""375-400"": 0.425653, ""400-425"": 0.231814, ""425-450"": 0.052017, ""450-475"": 0.004029, ""475-500"": 0.0}",0.81,27.84,42.57,23.18,5.20,0.40,0.00,2026-06-08,,settlement_export
2026-06-08 10:00:00,2026/6/8 23:59:59 CT,2027-01-27,350-375,,,,375-400,39.52,"{""325-350"": 0.006439, ""350-375"": 0.222518, ""375-400"": 0.395214, ""400-425"": 0.271874, ""425-450"": 0.089175, ""450-475"": 0.013947, ""475-500"": 0.000833}",0.64,22.25,39.52,27.19,8.92,1.39,0.08,2026-06-08,,settlement_export
2026-06-08 10:00:00,2026/6/8 23:59:59 CT,2027-03-17,350-375,,,,375-400,34.83,"{""325-350"": 0.004691, ""350-375"": 0.163868, ""375-400"": 0.34834, ""400-425"": 0.305352, ""425-450"": 0.138765, ""450-475"": 0.034366, ""475-500"": 0.004392}",0.47,16.39,34.83,30.54,13.88,3.44,0.44,2026-06-08,,settlement_export
2026-06-08 10:00:00,2026/6/8 23:59:59 CT,2027-04-28,350-375,,,,375-400,32.46,"{""325-350"": 0.004088, ""350-375"": 0.143402, ""375-400"": 0.324622, ""400-425"": 0.310879, ""425-450"": 0.160183, ""450-475"": 0.047789, ""475-500"": 0.008246}",0.41,14.34,32.46,31.09,16.02,4.78,0.82,2026-06-08,,settlement_export
2026-06-08 10:00:00,2026/6/8 23:59:59 CT,2027-06-09,350-375,,,,375-400,31.43,"{""325-350"": 0.003855, ""350-375"": 0.135442, ""375-400"": 0.314266, ""400-425"": 0.311664, ""425-450"": 0.168795, ""450-475"": 0.054211, ""475-500"": 0.010506}",0.39,13.54,31.43,31.17,16.88,5.42,1.05,2026-06-08,,settlement_export
2026-06-08 10:00:00,2026/6/8 23:59:59 CT,2027-07-28,350-375,,,,,0.00,"{""325-350"": 0.0, ""350-375"": 0.0, ""375-400"": 0.0, ""400-425"": 0.0, ""425-450"": 0.0, ""450-475"": 0.0, ""475-500"": 0.0}",0.00,0.00,0.00,0.00,0.00,0.00,0.00,2026-06-08,,settlement_export
2026-06-08 10:00:00,2026/6/8 23:59:59 CT,2027-09-15,350-375,,,,,0.00,"{""325-350"": 0.0, ""350-375"": 0.0, ""375-400"": 0.0, ""400-425"": 0.0, ""425-450"": 0.0, ""450-475"": 0.0, ""475-500"": 0.0}",0.00,0.00,0.00,0.00,0.00,0.00,0.00,2026-06-08,,settlement_export
2026-06-08 10:00:00,2026/6/8 23:59:59 CT,2027-10-27,350-375,,,,,0.00,"{""325-350"": 0.0, ""350-375"": 0.0, ""375-400"": 0.0, ""400-425"": 0.0, ""425-450"": 0.0, ""450-475"": 0.0, ""475-500"": 0.0}",0.00,0.00,0.00,0.00,0.00,0.00,0.00,2026-06-08,,settlement_export
2026-06-08 10:00:00,2026/6/8 23:59:59 CT,2027-12-08,350-375,,,,,0.00,"{""325-350"": 0.0, ""350-375"": 0.0, ""375-400"": 0.0, ""400-425"": 0.0, ""425-450"": 0.0, ""450-475"": 0.0, ""475-500"": 0.0}",0.00,0.00,0.00,0.00,0.00,0.00,0.00,2026-06-08,,settlement_export
2026-06-09 10:00:00,2026/6/9 23:59:59 CT,2026-09-16,350-375,,,,350-375,62.46,"{""325-350"": 0.005189, ""350-375"": 0.624618, ""375-400"": 0.334482, ""400-425"": 0.035711, ""425-450"": 0.0, ""450-475"": 0.0, ""475-500"": 0.0}",0.52,62.46,33.45,3.57,0.00,0.00,0.00,2026-06-09,,settlement_export
2026-06-09 10:00:00,2026/6/9 23:59:59 CT,2026-10-28,350-375,,,,350-375,50.12,"{""325-350"": 0.004155, ""350-375"": 0.501175, ""375-400"": 0.392302, ""400-425"": 0.095252, ""425-450"": 0.007117, ""450-475"": 0.0, ""475-500"": 0.0}",0.42,50.12,39.23,9.53,0.71,0.00,0.00,2026-06-09,,settlement_export
2026-06-09 10:00:00,2026/6/9 23:59:59 CT,2026-12-09,350-375,,,,375-400,43.33,"{""325-350"": 0.002591, ""350-375"": 0.314148, ""375-400"": 0.43327, ""400-425"": 0.20703, ""425-450"": 0.040282, ""450-475"": 0.002678, ""475-500"": 0.0}",0.26,31.41,43.33,20.70,4.03,0.27,0.00,2026-06-09,,settlement_export
2026-06-09 10:00:00,2026/6/9 23:59:59 CT,2027-01-27,350-375,,,,375-400,41.14,"{""325-350"": 0.002115, ""350-375"": 0.256914, ""375-400"": 0.411387, ""400-425"": 0.248592, ""425-450"": 0.070914, ""450-475"": 0.009586, ""475-500"": 0.000492}",0.21,25.69,41.14,24.86,7.09,0.96,0.05,2026-06-09,,settlement_export
2026-06-09 10:00:00,2026/6/9 23:59:59 CT,2027-03-17,350-375,,,,375-400,37.25,"{""325-350"": 0.001584, ""350-375"": 0.19285, ""375-400"": 0.372548, ""400-425"": 0.289523, ""425-450"": 0.115587, ""450-475"": 0.025006, ""475-500"": 0.002778}",0.16,19.29,37.25,28.95,11.56,2.50,0.28,2026-06-09,,settlement_export
2026-06-09 10:00:00,2026/6/9 23:59:59 CT,2027-04-28,350-375,,,,375-400,34.94,"{""325-350"": 0.00138, ""350-375"": 0.168259, ""375-400"": 0.349444, ""400-425"": 0.300198, ""425-450"": 0.13795, ""450-475"": 0.036652, ""475-500"": 0.005636}",0.14,16.83,34.94,30.02,13.79,3.67,0.56,2026-06-09,,settlement_export
2026-06-09 10:00:00,2026/6/9 23:59:59 CT,2027-06-09,350-375,,,,375-400,34.43,"{""325-350"": 0.001341, ""350-375"": 0.163491, ""375-400"": 0.344267, ""400-425"": 0.301605, ""425-450"": 0.142586, ""450-475"": 0.039546, ""475-500"": 0.006522}",0.13,16.35,34.43,30.16,14.26,3.95,0.65,2026-06-09,,settlement_export
2026-06-09 10:00:00,2026/6/9 23:59:59 CT,2027-07-28,350-375,,,,,0.00,"{""325-350"": 0.0, ""350-375"": 0.0, ""375-400"": 0.0, ""400-425"": 0.0, ""425-450"": 0.0, ""450-475"": 0.0, ""475-500"": 0.0}",0.00,0.00,0.00,0.00,0.00,0.00,0.00,2026-06-09,,settlement_export
2026-06-09 10:00:00,2026/6/9 23:59:59 CT,2027-09-15,350-375,,,,,0.00,"{""325-350"": 0.0, ""350-375"": 0.0, ""375-400"": 0.0, ""400-425"": 0.0, ""425-450"": 0.0, ""450-475"": 0.0, ""475-500"": 0.0}",0.00,0.00,0.00,0.00,0.00,0.00,0.00,2026-06-09,,settlement_export
2026-06-09 10:00:00,2026/6/9 23:59:59 CT,2027-10-27,350-375,,,,,0.00,"{""325-350"": 0.0, ""350-375"": 0.0, ""375-400"": 0.0, ""400-425"": 0.0, ""425-450"": 0.0, ""450-475"": 0.0, ""475-500"": 0.0}",0.00,0.00,0.00,0.00,0.00,0.00,0.00,2026-06-09,,settlement_export
2026-06-09 10:00:00,2026/6/9 23:59:59 CT,2027-12-08,350-375,,,,,0.00,"{""325-350"": 0.0, ""350-375"": 0.0, ""375-400"": 0.0, ""400-425"": 0.0, ""425-450"": 0.0, ""450-475"": 0.0, ""475-500"": 0.0}",0.00,0.00,0.00,0.00,0.00,0.00,0.00,2026-06-09,,settlement_export
2026-06-10 10:00:00,2026/6/10 23:59:59 CT,2026-09-16,350-375,,,,350-375,61.70,"{""325-350"": 0.016798, ""350-375"": 0.616971, ""375-400"": 0.334951, ""400-425"": 0.031281, ""425-450"": 0.0, ""450-475"": 0.0, ""475-500"": 0.0}",1.68,61.70,33.50,3.13,0.00,0.00,0.00,2026-06-10,,settlement_export
2026-06-10 10:00:00,2026/6/10 23:59:59 CT,2026-10-28,350-375,,,,350-375,49.74,"{""325-350"": 0.01345, ""350-375"": 0.497365, ""375-400"": 0.391153, ""400-425"": 0.091798, ""425-450"": 0.006234, ""450-475"": 0.0, ""475-500"": 0.0}",1.34,49.74,39.12,9.18,0.62,0.00,0.00,2026-06-10,,settlement_export
2026-06-10 10:00:00,2026/6/10 23:59:59 CT,2026-12-09,350-375,,,,375-400,42.90,"{""325-350"": 0.008658, ""350-375"": 0.324948, ""375-400"": 0.428996, ""400-425"": 0.198457, ""425-450"": 0.03672, ""450-475"": 0.002221, ""475-500"": 0.0}",0.87,32.49,42.90,19.85,3.67,0.22,0.00,2026-06-10,,settlement_export
2026-06-10 10:00:00,2026/6/10 23:59:59 CT,2027-01-27,350-375,,,,375-400,40.99,"{""325-350"": 0.007067, ""350-375"": 0.266844, ""375-400"": 0.409882, ""400-425"": 0.240808, ""425-450"": 0.066432, ""450-475"": 0.008559, ""475-500"": 0.000408}",0.71,26.68,40.99,24.08,6.64,0.86,0.04,2026-06-10,,settlement_export
2026-06-10 10:00:00,2026/6/10 23:59:59 CT,2027-03-17,350-375,,,,375-400,36.82,"{""325-350"": 0.005008, ""350-375"": 0.191138, ""375-400"": 0.368197, ""400-425"": 0.290081, ""425-450"": 0.11725, ""450-475"": 0.025424, ""475-500"": 0.002783}",0.50,19.11,36.82,29.01,11.72,2.54,0.28,2026-06-10,,settlement_export
2026-06-10 10:00:00,2026/6/10 23:59:59 CT,2027-04-28,350-375,,,,375-400,34.54,"{""325-350"": 0.004364, ""350-375"": 0.167207, ""375-400"": 0.345432, ""400-425"": 0.300124, ""425-450"": 0.139471, ""450-475"": 0.037231, ""475-500"": 0.005694}",0.44,16.72,34.54,30.01,13.95,3.72,0.57,2026-06-10,,settlement_export
2026-06-10 10:00:00,2026/6/10 23:59:59 CT,2027-06-09,350-375,,,,375-400,34.03,"{""325-350"": 0.004239, ""350-375"": 0.162554, ""375-400"": 0.34034, ""400-425"": 0.301419, ""425-450"": 0.144061, ""450-475"": 0.040152, ""475-500"": 0.006595}",0.42,16.26,34.03,30.14,14.41,4.02,0.66,2026-06-10,,settlement_export
2026-06-10 10:00:00,2026/6/10 23:59:59 CT,2027-07-28,350-375,,,,,0.00,"{""325-350"": 0.0, ""350-375"": 0.0, ""375-400"": 0.0, ""400-425"": 0.0, ""425-450"": 0.0, ""450-475"": 0.0, ""475-500"": 0.0}",0.00,0.00,0.00,0.00,0.00,0.00,0.00,2026-06-10,,settlement_export
2026-06-10 10:00:00,2026/6/10 23:59:59 CT,2027-09-15,350-375,,,,,0.00,"{""325-350"": 0.0, ""350-375"": 0.0, ""375-400"": 0.0, ""400-425"": 0.0, ""425-450"": 0.0, ""450-475"": 0.0, ""475-500"": 0.0}",0.00,0.00,0.00,0.00,0.00,0.00,0.00,2026-06-10,,settlement_export
2026-06-10 10:00:00,2026/6/10 23:59:59 CT,2027-10-27,350-375,,,,,0.00,"{""325-350"": 0.0, ""350-375"": 0.0, ""375-400"": 0.0, ""400-425"": 0.0, ""425-450"": 0.0, ""450-475"": 0.0, ""475-500"": 0.0}",0.00,0.00,0.00,0.00,0.00,0.00,0.00,2026-06-10,,settlement_export
2026-06-10 10:00:00,2026/6/10 23:59:59 CT,2027-12-08,350-375,,,,,0.00,"{""325-350"": 0.0, ""350-375"": 0.0, ""375-400"": 0.0, ""400-425"": 0.0, ""425-450"": 0.0, ""450-475"": 0.0, ""475-500"": 0.0}",0.00,0.00,0.00,0.00,0.00,0.00,0.00,2026-06-10,,settlement_export
2026-06-11 10:00:00,2026/6/11 23:59:59 CT,2026-09-16,350-375,,,,350-375,67.83,"{""325-350"": 0.017568, ""350-375"": 0.678317, ""375-400"": 0.283519, ""400-425"": 0.020596, ""425-450"": 0.0, ""450-475"": 0.0, ""475-500"": 0.0}",1.76,67.83,28.35,2.06,0.00,0.00,0.00,2026-06-11,,settlement_export
2026-06-11 10:00:00,2026/6/11 23:59:59 CT,2026-10-28,350-375,,,,350-375,59.05,"{""325-350"": 0.015234, ""350-375"": 0.590532, ""375-400"": 0.335971, ""400-425"": 0.055527, ""425-450"": 0.002736, ""450-475"": 0.0, ""475-500"": 0.0}",1.52,59.05,33.60,5.55,0.27,0.00,0.00,2026-06-11,,settlement_export
2026-06-11 10:00:00,2026/6/11 23:59:59 CT,2026-12-09,350-375,,,,350-375,41.84,"{""325-350"": 0.010675, ""350-375"": 0.418368, ""375-400"": 0.412151, ""400-425"": 0.139452, ""425-450"": 0.018534, ""450-475"": 0.000819, ""475-500"": 0.0}",1.07,41.84,41.22,13.95,1.85,0.08,0.00,2026-06-11,,settlement_export
2026-06-11 10:00:00,2026/6/11 23:59:59 CT,2027-01-27,350-375,,,,375-400,41.32,"{""325-350"": 0.008959, ""350-375"": 0.352836, ""375-400"": 0.41315, ""400-425"": 0.183286, ""425-450"": 0.037971, ""450-475"": 0.003666, ""475-500"": 0.000132}",0.90,35.28,41.32,18.33,3.80,0.37,0.01,2026-06-11,,settlement_export
2026-06-11 10:00:00,2026/6/11 23:59:59 CT,2027-03-17,350-375,,,,375-400,39.79,"{""325-350"": 0.006694, ""350-375"": 0.265884, ""375-400"": 0.397899, ""400-425"": 0.241409, ""425-450"": 0.074715, ""450-475"": 0.012341, ""475-500"": 0.001025}",0.67,26.59,39.79,24.14,7.47,1.23,0.10,2026-06-11,,settlement_export
2026-06-11 10:00:00,2026/6/11 23:59:59 CT,2027-04-28,350-375,,,,375-400,38.38,"{""325-350"": 0.005977, ""350-375"": 0.238114, ""375-400"": 0.383755, ""400-425"": 0.258176, ""425-450"": 0.092575, ""450-475"": 0.019024, ""475-500"": 0.002238}",0.60,23.81,38.38,25.82,9.26,1.90,0.22,2026-06-11,,settlement_export
2026-06-11 10:00:00,2026/6/11 23:59:59 CT,2027-06-09,350-375,,,,375-400,37.96,"{""325-350"": 0.005806, ""350-375"": 0.231481, ""375-400"": 0.379594, ""400-425"": 0.261764, ""425-450"": 0.097306, ""450-475"": 0.021125, ""475-500"": 0.002717}",0.58,23.15,37.96,26.18,9.73,2.11,0.27,2026-06-11,,settlement_export
2026-06-11 10:00:00,2026/6/11 23:59:59 CT,2027-07-28,350-375,,,,,0.00,"{""325-350"": 0.0, ""350-375"": 0.0, ""375-400"": 0.0, ""400-425"": 0.0, ""425-450"": 0.0, ""450-475"": 0.0, ""475-500"": 0.0}",0.00,0.00,0.00,0.00,0.00,0.00,0.00,2026-06-11,,settlement_export
2026-06-11 10:00:00,2026/6/11 23:59:59 CT,2027-09-15,350-375,,,,,0.00,"{""325-350"": 0.0, ""350-375"": 0.0, ""375-400"": 0.0, ""400-425"": 0.0, ""425-450"": 0.0, ""450-475"": 0.0, ""475-500"": 0.0}",0.00,0.00,0.00,0.00,0.00,0.00,0.00,2026-06-11,,settlement_export
2026-06-11 10:00:00,2026/6/11 23:59:59 CT,2027-10-27,350-375,,,,,0.00,"{""325-350"": 0.0, ""350-375"": 0.0, ""375-400"": 0.0, ""400-425"": 0.0, ""425-450"": 0.0, ""450-475"": 0.0, ""475-500"": 0.0}",0.00,0.00,0.00,0.00,0.00,0.00,0.00,2026-06-11,,settlement_export
2026-06-11 10:00:00,2026/6/11 23:59:59 CT,2027-12-08,350-375,,,,,0.00,"{""325-350"": 0.0, ""350-375"": 0.0, ""375-400"": 0.0, ""400-425"": 0.0, ""425-450"": 0.0, ""450-475"": 0.0, ""475-500"": 0.0}",0.00,0.00,0.00,0.00,0.00,0.00,0.00,2026-06-11,,settlement_export
2026-06-12 10:00:00,2026/6/12 23:59:59 CT,2026-09-16,350-375,,,,350-375,71.50,"{""325-350"": 0.018551, ""350-375"": 0.714981, ""375-400"": 0.249384, ""400-425"": 0.017084, ""425-450"": 0.0, ""450-475"": 0.0, ""475-500"": 0.0}",1.86,71.50,24.94,1.71,0.00,0.00,0.00,2026-06-12,,settlement_export
2026-06-12 10:00:00,2026/6/12 23:59:59 CT,2026-10-28,350-375,,,,350-375,60.70,"{""325-350"": 0.015676, ""350-375"": 0.607034, ""375-400"": 0.321552, ""400-425"": 0.05309, ""425-450"": 0.002648, ""450-475"": 0.0, ""475-500"": 0.0}",1.57,60.70,32.16,5.31,0.26,0.00,0.00,2026-06-12,,settlement_export
2026-06-12 10:00:00,2026/6/12 23:59:59 CT,2026-12-09,350-375,,,,375-400,42.33,"{""325-350"": 0.010091, ""350-375"": 0.396336, ""375-400"": 0.423268, ""400-425"": 0.148742, ""425-450"": 0.02062, ""450-475"": 0.000943, ""475-500"": 0.0}",1.01,39.63,42.33,14.87,2.06,0.09,0.00,2026-06-12,,settlement_export
2026-06-12 10:00:00,2026/6/12 23:59:59 CT,2027-01-27,350-375,,,,375-400,41.83,"{""325-350"": 0.008237, ""350-375"": 0.325381, ""375-400"": 0.41832, ""400-425"": 0.199173, ""425-450"": 0.044157, ""450-475"": 0.004558, ""475-500"": 0.000173}",0.82,32.54,41.83,19.92,4.42,0.46,0.02,2026-06-12,,settlement_export
2026-06-12 10:00:00,2026/6/12 23:59:59 CT,2027-03-17,350-375,,,,375-400,39.68,"{""325-350"": 0.006331, ""350-375"": 0.251985, ""375-400"": 0.396812, ""400-425"": 0.24989, ""425-450"": 0.080032, ""450-475"": 0.013722, ""475-500"": 0.001188}",0.63,25.20,39.68,24.99,8.00,1.37,0.12,2026-06-12,,settlement_export
2026-06-12 10:00:00,2026/6/12 23:59:59 CT,2027-04-28,350-375,,,,375-400,37.82,"{""325-350"": 0.005517, ""350-375"": 0.220401, ""375-400"": 0.378191, ""400-425"": 0.26878, ""425-450"": 0.101871, ""450-475"": 0.022248, ""475-500"": 0.0028}",0.55,22.04,37.82,26.88,10.19,2.22,0.28,2026-06-12,,settlement_export
2026-06-12 10:00:00,2026/6/12 23:59:59 CT,2027-06-09,350-375,,,,375-400,37.37,"{""325-350"": 0.005359, ""350-375"": 0.214261, ""375-400"": 0.373683, ""400-425"": 0.271906, ""425-450"": 0.10664, ""450-475"": 0.024523, ""475-500"": 0.003355}",0.54,21.43,37.37,27.19,10.66,2.45,0.34,2026-06-12,,settlement_export
2026-06-12 10:00:00,2026/6/12 23:59:59 CT,2027-07-28,350-375,,,,,0.00,"{""325-350"": 0.0, ""350-375"": 0.0, ""375-400"": 0.0, ""400-425"": 0.0, ""425-450"": 0.0, ""450-475"": 0.0, ""475-500"": 0.0}",0.00,0.00,0.00,0.00,0.00,0.00,0.00,2026-06-12,,settlement_export
2026-06-12 10:00:00,2026/6/12 23:59:59 CT,2027-09-15,350-375,,,,,0.00,"{""325-350"": 0.0, ""350-375"": 0.0, ""375-400"": 0.0, ""400-425"": 0.0, ""425-450"": 0.0, ""450-475"": 0.0, ""475-500"": 0.0}",0.00,0.00,0.00,0.00,0.00,0.00,0.00,2026-06-12,,settlement_export
2026-06-12 10:00:00,2026/6/12 23:59:59 CT,2027-10-27,350-375,,,,,0.00,"{""325-350"": 0.0, ""350-375"": 0.0, ""375-400"": 0.0, ""400-425"": 0.0, ""425-450"": 0.0, ""450-475"": 0.0, ""475-500"": 0.0}",0.00,0.00,0.00,0.00,0.00,0.00,0.00,2026-06-12,,settlement_export
2026-06-12 10:00:00,2026/6/12 23:59:59 CT,2027-12-08,350-375,,,,,0.00,"{""325-350"": 0.0, ""350-375"": 0.0, ""375-400"": 0.0, ""400-425"": 0.0, ""425-450"": 0.0, ""450-475"": 0.0, ""475-500"": 0.0}",0.00,0.00,0.00,0.00,0.00,0.00,0.00,2026-06-12,,settlement_export
2026-06-15 10:00:00,2026/6/15 23:59:59 CT,2026-09-16,350-375,,,,350-375,72.14,"{""325-350"": 0.002993, ""350-375"": 0.72138, ""375-400"": 0.261119, ""400-425"": 0.014508, ""425-450"": 0.0, ""450-475"": 0.0, ""475-500"": 0.0}",0.30,72.14,26.11,1.45,0.00,0.00,0.00,2026-06-15,,settlement_export
2026-06-15 10:00:00,2026/6/15 23:59:59 CT,2026-10-28,350-375,,,,350-375,62.59,"{""325-350"": 0.002595, ""350-375"": 0.625937, ""375-400"": 0.322268, ""400-425"": 0.047272, ""425-450"": 0.001928, ""450-475"": 0.0, ""475-500"": 0.0}",0.26,62.59,32.23,4.73,0.19,0.00,0.00,2026-06-15,,settlement_export
2026-06-15 10:00:00,2026/6/15 23:59:59 CT,2026-12-09,350-375,,,,350-375,42.69,"{""325-350"": 0.001767, ""350-375"": 0.426929, ""375-400"": 0.419217, ""400-425"": 0.135067, ""425-450"": 0.016404, ""450-475"": 0.000615, ""475-500"": 0.0}",0.18,42.69,41.92,13.51,1.64,0.06,0.00,2026-06-15,,settlement_export
2026-06-15 10:00:00,2026/6/15 23:59:59 CT,2027-01-27,350-375,,,,375-400,42.05,"{""325-350"": 0.001483, ""350-375"": 0.358588, ""375-400"": 0.420457, ""400-425"": 0.180742, ""425-450"": 0.035478, ""450-475"": 0.003153, ""475-500"": 9.9e-05}",0.15,35.86,42.05,18.07,3.55,0.32,0.01,2026-06-15,,settlement_export
2026-06-15 10:00:00,2026/6/15 23:59:59 CT,2027-03-17,350-375,,,,375-400,40.84,"{""325-350"": 0.001195, ""350-375"": 0.289208, ""375-400"": 0.408437, ""400-425"": 0.227315, ""425-450"": 0.063701, ""450-475"": 0.009434, ""475-500"": 0.000692}",0.12,28.92,40.84,22.73,6.37,0.94,0.07,2026-06-15,,settlement_export
2026-06-15 10:00:00,2026/6/15 23:59:59 CT,2027-04-28,350-375,,,,375-400,39.82,"{""325-350"": 0.001092, ""350-375"": 0.264521, ""375-400"": 0.398217, ""400-425"": 0.24284, ""425-450"": 0.077725, ""450-475"": 0.014085, ""475-500"": 0.001442}",0.11,26.45,39.82,24.28,7.77,1.41,0.14,2026-06-15,,settlement_export
2026-06-15 10:00:00,2026/6/15 23:59:59 CT,2027-06-09,350-375,,,,375-400,39.44,"{""325-350"": 0.001061, ""350-375"": 0.256994, ""375-400"": 0.394397, ""400-425"": 0.247279, ""425-450"": 0.082442, ""450-475"": 0.015903, ""475-500"": 0.001803}",0.11,25.70,39.44,24.73,8.24,1.59,0.18,2026-06-15,,settlement_export
2026-06-15 10:00:00,2026/6/15 23:59:59 CT,2027-07-28,350-375,,,,,0.00,"{""325-350"": 0.0, ""350-375"": 0.0, ""375-400"": 0.0, ""400-425"": 0.0, ""425-450"": 0.0, ""450-475"": 0.0, ""475-500"": 0.0}",0.00,0.00,0.00,0.00,0.00,0.00,0.00,2026-06-15,,settlement_export
2026-06-15 10:00:00,2026/6/15 23:59:59 CT,2027-09-15,350-375,,,,,0.00,"{""325-350"": 0.0, ""350-375"": 0.0, ""375-400"": 0.0, ""400-425"": 0.0, ""425-450"": 0.0, ""450-475"": 0.0, ""475-500"": 0.0}",0.00,0.00,0.00,0.00,0.00,0.00,0.00,2026-06-15,,settlement_export
2026-06-15 10:00:00,2026/6/15 23:59:59 CT,2027-10-27,350-375,,,,,0.00,"{""325-350"": 0.0, ""350-375"": 0.0, ""375-400"": 0.0, ""400-425"": 0.0, ""425-450"": 0.0, ""450-475"": 0.0, ""475-500"": 0.0}",0.00,0.00,0.00,0.00,0.00,0.00,0.00,2026-06-15,,settlement_export
2026-06-15 10:00:00,2026/6/15 23:59:59 CT,2027-12-08,350-375,,,,,0.00,"{""325-350"": 0.0, ""350-375"": 0.0, ""375-400"": 0.0, ""400-425"": 0.0, ""425-450"": 0.0, ""450-475"": 0.0, ""475-500"": 0.0}",0.00,0.00,0.00,0.00,0.00,0.00,0.00,2026-06-15,,settlement_export
2026-06-16 10:00:00,2026/6/16 23:59:59 CT,2026-09-16,350-375,,,,350-375,70.44,"{""325-350"": 0.003899, ""350-375"": 0.704376, ""375-400"": 0.272407, ""400-425"": 0.019317, ""425-450"": 0.0, ""450-475"": 0.0, ""475-500"": 0.0}",0.39,70.44,27.24,1.93,0.00,0.00,0.00,2026-06-16,,settlement_export
2026-06-16 10:00:00,2026/6/16 23:59:59 CT,2026-10-28,350-375,,,,350-375,61.13,"{""325-350"": 0.003381, ""350-375"": 0.611313, ""375-400"": 0.329797, ""400-425"": 0.052942, ""425-450"": 0.002566, ""450-475"": 0.0, ""475-500"": 0.0}",0.34,61.13,32.98,5.29,0.26,0.00,0.00,2026-06-16,,settlement_export
2026-06-16 10:00:00,2026/6/16 23:59:59 CT,2026-12-09,350-375,,,,375-400,42.61,"{""325-350"": 0.002224, ""350-375"": 0.403265, ""375-400"": 0.426138, ""400-425"": 0.147688, ""425-450"": 0.019806, ""450-475"": 0.000878, ""475-500"": 0.0}",0.22,40.33,42.61,14.77,1.98,0.09,0.00,2026-06-16,,settlement_export
2026-06-16 10:00:00,2026/6/16 23:59:59 CT,2027-01-27,350-375,,,,375-400,42.30,"{""325-350"": 0.001918, ""350-375"": 0.34801, ""375-400"": 0.422987, ""400-425"": 0.186052, ""425-450"": 0.037425, ""450-475"": 0.003486, ""475-500"": 0.000121}",0.19,34.80,42.30,18.61,3.74,0.35,0.01,2026-06-16,,settlement_export
2026-06-16 10:00:00,2026/6/16 23:59:59 CT,2027-03-17,350-375,,,,375-400,41.13,"{""325-350"": 0.001619, ""350-375"": 0.294119, ""375-400"": 0.411312, ""400-425"": 0.222947, ""425-450"": 0.060569, ""450-475"": 0.008771, ""475-500"": 0.000645}",0.16,29.41,41.13,22.29,6.06,0.88,0.06,2026-06-16,,settlement_export
2026-06-16 10:00:00,2026/6/16 23:59:59 CT,2027-04-28,350-375,,,,375-400,40.38,"{""325-350"": 0.001515, ""350-375"": 0.275315, ""375-400"": 0.403778, ""400-425"": 0.235056, ""425-450"": 0.071007, ""450-475"": 0.012101, ""475-500"": 0.001167}",0.15,27.53,40.38,23.51,7.10,1.21,0.12,2026-06-16,,settlement_export
2026-06-16 10:00:00,2026/6/16 23:59:59 CT,2027-06-09,350-375,,,,375-400,39.90,"{""325-350"": 0.009338, ""350-375"": 0.278986, ""375-400"": 0.398957, ""400-425"": 0.230369, ""425-450"": 0.069324, ""450-475"": 0.011788, ""475-500"": 0.001136}",0.93,27.90,39.90,23.04,6.93,1.18,0.11,2026-06-16,,settlement_export
2026-06-16 10:00:00,2026/6/16 23:59:59 CT,2027-07-28,350-375,,,,,0.00,"{""325-350"": 0.0, ""350-375"": 0.0, ""375-400"": 0.0, ""400-425"": 0.0, ""425-450"": 0.0, ""450-475"": 0.0, ""475-500"": 0.0}",0.00,0.00,0.00,0.00,0.00,0.00,0.00,2026-06-16,,settlement_export
2026-06-16 10:00:00,2026/6/16 23:59:59 CT,2027-09-15,350-375,,,,,0.00,"{""325-350"": 0.0, ""350-375"": 0.0, ""375-400"": 0.0, ""400-425"": 0.0, ""425-450"": 0.0, ""450-475"": 0.0, ""475-500"": 0.0}",0.00,0.00,0.00,0.00,0.00,0.00,0.00,2026-06-16,,settlement_export
2026-06-16 10:00:00,2026/6/16 23:59:59 CT,2027-10-27,350-375,,,,,0.00,"{""325-350"": 0.0, ""350-375"": 0.0, ""375-400"": 0.0, ""400-425"": 0.0, ""425-450"": 0.0, ""450-475"": 0.0, ""475-500"": 0.0}",0.00,0.00,0.00,0.00,0.00,0.00,0.00,2026-06-16,,settlement_export
2026-06-16 10:00:00,2026/6/16 23:59:59 CT,2027-12-08,350-375,,,,,0.00,"{""325-350"": 0.0, ""350-375"": 0.0, ""375-400"": 0.0, ""400-425"": 0.0, ""425-450"": 0.0, ""450-475"": 0.0, ""475-500"": 0.0}",0.00,0.00,0.00,0.00,0.00,0.00,0.00,2026-06-16,,settlement_export
2026-06-17 10:00:00,2026/6/17 23:59:59 CT,2026-09-16,350-375,,,,350-375,45.14,"{""325-350"": 0.0, ""350-375"": 0.451421, ""375-400"": 0.438656, ""400-425"": 0.10771, ""425-450"": 0.002212, ""450-475"": 0.0, ""475-500"": 0.0}",0.00,45.14,43.87,10.77,0.22,0.00,0.00,2026-06-17,,settlement_export
2026-06-17 10:00:00,2026/6/17 23:59:59 CT,2026-10-28,350-375,,,,375-400,44.12,"{""325-350"": 0.0, ""350-375"": 0.361459, ""375-400"": 0.4412, ""400-425"": 0.173663, ""425-450"": 0.023237, ""450-475"": 0.000441, ""475-500"": 0.0}",0.00,36.15,44.12,17.37,2.32,0.04,0.00,2026-06-17,,settlement_export
2026-06-17 10:00:00,2026/6/17 23:59:59 CT,2026-12-09,350-375,,,,375-400,40.46,"{""325-350"": 0.0, ""350-375"": 0.195456, ""375-400"": 0.404578, ""400-425"": 0.296532, ""425-450"": 0.092321, ""450-475"": 0.01091, ""475-500"": 0.000202}",0.00,19.55,40.46,29.65,9.23,1.09,0.02,2026-06-17,,settlement_export
2026-06-17 10:00:00,2026/6/17 23:59:59 CT,2027-01-27,350-375,,,,375-400,37.10,"{""325-350"": 0.0, ""350-375"": 0.164038, ""375-400"": 0.370964, ""400-425"": 0.313899, ""425-450"": 0.125146, ""450-475"": 0.023996, ""475-500"": 0.001924}",0.00,16.40,37.10,31.39,12.51,2.40,0.19,2026-06-17,,settlement_export
2026-06-17 10:00:00,2026/6/17 23:59:59 CT,2027-03-17,350-375,,,,375-400,33.02,"{""325-350"": 0.0, ""350-375"": 0.131699, ""375-400"": 0.33017, ""400-425"": 0.325149, ""425-450"": 0.162358, ""450-475"": 0.043937, ""475-500"": 0.006275}",0.00,13.17,33.02,32.51,16.24,4.39,0.63,2026-06-17,,settlement_export
2026-06-17 10:00:00,2026/6/17 23:59:59 CT,2027-04-28,350-375,,,,400-425,32.54,"{""325-350"": 0.0, ""350-375"": 0.126055, ""375-400"": 0.321664, ""400-425"": 0.325364, ""425-450"": 0.169334, ""450-475"": 0.049012, ""475-500"": 0.007889}",0.00,12.61,32.17,32.54,16.93,4.90,0.79,2026-06-17,,settlement_export
2026-06-17 10:00:00,2026/6/17 23:59:59 CT,2027-06-09,350-375,,,,375-400,32.19,"{""325-350"": 0.007203, ""350-375"": 0.137233, ""375-400"": 0.321875, ""400-425"": 0.316448, ""425-450"": 0.162459, ""450-475"": 0.046663, ""475-500"": 0.007476}",0.72,13.72,32.19,31.64,16.25,4.67,0.75,2026-06-17,,settlement_export
2026-06-17 10:00:00,2026/6/17 23:59:59 CT,2027-07-28,350-375,,,,,0.00,"{""325-350"": 0.0, ""350-375"": 0.0, ""375-400"": 0.0, ""400-425"": 0.0, ""425-450"": 0.0, ""450-475"": 0.0, ""475-500"": 0.0}",0.00,0.00,0.00,0.00,0.00,0.00,0.00,2026-06-17,,settlement_export
2026-06-17 10:00:00,2026/6/17 23:59:59 CT,2027-09-15,350-375,,,,,0.00,"{""325-350"": 0.0, ""350-375"": 0.0, ""375-400"": 0.0, ""400-425"": 0.0, ""425-450"": 0.0, ""450-475"": 0.0, ""475-500"": 0.0}",0.00,0.00,0.00,0.00,0.00,0.00,0.00,2026-06-17,,settlement_export
2026-06-17 10:00:00,2026/6/17 23:59:59 CT,2027-10-27,350-375,,,,,0.00,"{""325-350"": 0.0, ""350-375"": 0.0, ""375-400"": 0.0, ""400-425"": 0.0, ""425-450"": 0.0, ""450-475"": 0.0, ""475-500"": 0.0}",0.00,0.00,0.00,0.00,0.00,0.00,0.00,2026-06-17,,settlement_export
2026-06-17 10:00:00,2026/6/17 23:59:59 CT,2027-12-08,350-375,,,,,0.00,"{""325-350"": 0.0, ""350-375"": 0.0, ""375-400"": 0.0, ""400-425"": 0.0, ""425-450"": 0.0, ""450-475"": 0.0, ""475-500"": 0.0}",0.00,0.00,0.00,0.00,0.00,0.00,0.00,2026-06-17,,settlement_export
2026-06-18 10:00:00,2026/6/18 23:59:59 CT,2026-09-16,350-375,,,,375-400,49.87,"{""325-350"": 0.0, ""350-375"": 0.311101, ""375-400"": 0.498684, ""400-425"": 0.190215, ""425-450"": 0.0, ""450-475"": 0.0, ""475-500"": 0.0}",0.00,31.11,49.87,19.02,0.00,0.00,0.00,2026-06-18,,settlement_export
2026-06-18 10:00:00,2026/6/18 23:59:59 CT,2026-10-28,350-375,,,,375-400,44.88,"{""325-350"": 0.0, ""350-375"": 0.228437, ""375-400"": 0.44884, ""400-425"": 0.272179, ""425-450"": 0.050543, ""450-475"": 0.0, ""475-500"": 0.0}",0.00,22.84,44.88,27.22,5.05,0.00,0.00,2026-06-18,,settlement_export
2026-06-18 10:00:00,2026/6/18 23:59:59 CT,2026-12-09,350-375,,,,375-400,36.08,"{""325-350"": 0.0, ""350-375"": 0.137232, ""375-400"": 0.360842, ""400-425"": 0.342713, ""425-450"": 0.139033, ""450-475"": 0.02018, ""475-500"": 0.0}",0.00,13.72,36.08,34.27,13.90,2.02,0.00,2026-06-18,,settlement_export
2026-06-18 10:00:00,2026/6/18 23:59:59 CT,2027-01-27,350-375,,,,400-425,34.56,"{""325-350"": 0.0, ""350-375"": 0.115173, ""375-400"": 0.324899, ""400-425"": 0.345627, ""425-450"": 0.171773, ""450-475"": 0.039284, ""475-500"": 0.003244}",0.00,11.52,32.49,34.56,17.18,3.93,0.32,2026-06-18,,settlement_export
2026-06-18 10:00:00,2026/6/18 23:59:59 CT,2027-03-17,350-375,,,,400-425,34.23,"{""325-350"": 0.0, ""350-375"": 0.096745, ""375-400"": 0.291343, ""400-425"": 0.342311, ""425-450"": 0.19959, ""450-475"": 0.060482, ""475-500"": 0.00901}",0.00,9.67,29.13,34.23,19.96,6.05,0.90,2026-06-18,,settlement_export
2026-06-18 10:00:00,2026/6/18 23:59:59 CT,2027-04-28,350-375,,,,400-425,34.23,"{""325-350"": 0.0, ""350-375"": 0.096745, ""375-400"": 0.291343, ""400-425"": 0.342311, ""425-450"": 0.19959, ""450-475"": 0.060482, ""475-500"": 0.00901}",0.00,9.67,29.13,34.23,19.96,6.05,0.90,2026-06-18,,settlement_export
2026-06-18 10:00:00,2026/6/18 23:59:59 CT,2027-06-09,350-375,,,,400-425,32.99,"{""325-350"": 0.008431, ""350-375"": 0.113703, ""375-400"": 0.295784, ""400-425"": 0.329874, ""425-450"": 0.187467, ""450-475"": 0.055997, ""475-500"": 0.00827}",0.84,11.37,29.58,32.99,18.75,5.60,0.83,2026-06-18,,settlement_export
2026-06-18 10:00:00,2026/6/18 23:59:59 CT,2027-07-28,350-375,,,,400-425,31.10,"{""325-350"": 0.022417, ""350-375"": 0.137894, ""375-400"": 0.300313, ""400-425"": 0.310954, ""425-450"": 0.170001, ""450-475"": 0.049656, ""475-500"": 0.007234}",2.24,13.79,30.03,31.10,17.00,4.97,0.72,2026-06-18,,settlement_export
2026-06-18 10:00:00,2026/6/18 23:59:59 CT,2027-09-15,350-375,,,,,0.00,"{""325-350"": 0.0, ""350-375"": 0.0, ""375-400"": 0.0, ""400-425"": 0.0, ""425-450"": 0.0, ""450-475"": 0.0, ""475-500"": 0.0}",0.00,0.00,0.00,0.00,0.00,0.00,0.00,2026-06-18,,settlement_export
2026-06-18 10:00:00,2026/6/18 23:59:59 CT,2027-10-27,350-375,,,,,0.00,"{""325-350"": 0.0, ""350-375"": 0.0, ""375-400"": 0.0, ""400-425"": 0.0, ""425-450"": 0.0, ""450-475"": 0.0, ""475-500"": 0.0}",0.00,0.00,0.00,0.00,0.00,0.00,0.00,2026-06-18,,settlement_export
2026-06-18 10:00:00,2026/6/18 23:59:59 CT,2027-12-08,350-375,,,,,0.00,"{""325-350"": 0.0, ""350-375"": 0.0, ""375-400"": 0.0, ""400-425"": 0.0, ""425-450"": 0.0, ""450-475"": 0.0, ""475-500"": 0.0}",0.00,0.00,0.00,0.00,0.00,0.00,0.00,2026-06-18,,settlement_export
2026-06-22 10:00:00,2026/6/22 23:59:59 CT,2026-09-16,350-375,,,,375-400,52.46,"{""325-350"": 0.0, ""350-375"": 0.260986, ""375-400"": 0.524579, ""400-425"": 0.214434, ""425-450"": 0.0, ""450-475"": 0.0, ""475-500"": 0.0}",0.00,26.10,52.46,21.44,0.00,0.00,0.00,2026-06-22,,settlement_export
2026-06-22 10:00:00,2026/6/22 23:59:59 CT,2026-10-28,350-375,,,,375-400,44.29,"{""325-350"": 0.0, ""350-375"": 0.18008, ""375-400"": 0.442865, ""400-425"": 0.310579, ""425-450"": 0.066475, ""450-475"": 0.0, ""475-500"": 0.0}",0.00,18.01,44.29,31.06,6.65,0.00,0.00,2026-06-22,,settlement_export
2026-06-22 10:00:00,2026/6/22 23:59:59 CT,2026-12-09,350-375,,,,400-425,36.30,"{""325-350"": 0.0, ""350-375"": 0.108715, ""375-400"": 0.338725, ""400-425"": 0.363004, ""425-450"": 0.163212, ""450-475"": 0.026344, ""475-500"": 0.0}",0.00,10.87,33.87,36.30,16.32,2.63,0.00,2026-06-22,,settlement_export
2026-06-22 10:00:00,2026/6/22 23:59:59 CT,2027-01-27,350-375,,,,400-425,35.85,"{""325-350"": 0.0, ""350-375"": 0.088744, ""375-400"": 0.296471, ""400-425"": 0.358544, ""425-450"": 0.199915, ""450-475"": 0.051487, ""475-500"": 0.004839}",0.00,8.87,29.65,35.85,19.99,5.15,0.48,2026-06-22,,settlement_export
2026-06-22 10:00:00,2026/6/22 23:59:59 CT,2027-03-17,350-375,,,,400-425,34.75,"{""325-350"": 0.0, ""350-375"": 0.073024, ""375-400"": 0.259674, ""400-425"": 0.347548, ""425-450"": 0.228015, ""450-475"": 0.07778, ""475-500"": 0.013103}",0.00,7.30,25.97,34.75,22.80,7.78,1.31,2026-06-22,,settlement_export
2026-06-22 10:00:00,2026/6/22 23:59:59 CT,2027-04-28,350-375,,,,400-425,34.38,"{""325-350"": 0.0, ""350-375"": 0.069894, ""375-400"": 0.251674, ""400-425"": 0.343782, ""425-450"": 0.233138, ""450-475"": 0.084219, ""475-500"": 0.015875}",0.00,6.99,25.17,34.38,23.31,8.42,1.59,2026-06-22,,settlement_export
2026-06-22 10:00:00,2026/6/22 23:59:59 CT,2027-06-09,350-375,,,,400-425,33.61,"{""325-350"": 0.004843, ""350-375"": 0.082489, ""375-400"": 0.258056, ""400-425"": 0.336116, ""425-450"": 0.22282, ""450-475"": 0.079483, ""475-500"": 0.01487}",0.48,8.25,25.81,33.61,22.28,7.95,1.49,2026-06-22,,settlement_export
2026-06-22 10:00:00,2026/6/22 23:59:59 CT,2027-07-28,350-375,,,,400-425,32.36,"{""325-350"": 0.013439, ""350-375"": 0.101927, ""375-400"": 0.266699, ""400-425"": 0.323572, ""425-450"": 0.20695, ""450-475"": 0.07233, ""475-500"": 0.013367}",1.34,10.19,26.67,32.36,20.70,7.23,1.34,2026-06-22,,settlement_export
2026-06-22 10:00:00,2026/6/22 23:59:59 CT,2027-09-15,350-375,,,,,0.00,"{""325-350"": 0.0, ""350-375"": 0.0, ""375-400"": 0.0, ""400-425"": 0.0, ""425-450"": 0.0, ""450-475"": 0.0, ""475-500"": 0.0}",0.00,0.00,0.00,0.00,0.00,0.00,0.00,2026-06-22,,settlement_export
2026-06-22 10:00:00,2026/6/22 23:59:59 CT,2027-10-27,350-375,,,,,0.00,"{""325-350"": 0.0, ""350-375"": 0.0, ""375-400"": 0.0, ""400-425"": 0.0, ""425-450"": 0.0, ""450-475"": 0.0, ""475-500"": 0.0}",0.00,0.00,0.00,0.00,0.00,0.00,0.00,2026-06-22,,settlement_export
2026-06-22 10:00:00,2026/6/22 23:59:59 CT,2027-12-08,350-375,,,,,0.00,"{""325-350"": 0.0, ""350-375"": 0.0, ""375-400"": 0.0, ""400-425"": 0.0, ""425-450"": 0.0, ""450-475"": 0.0, ""475-500"": 0.0}",0.00,0.00,0.00,0.00,0.00,0.00,0.00,2026-06-22,,settlement_export
2026-06-23 10:00:00,2026/6/23 23:59:59 CT,2026-09-16,350-375,,,,375-400,50.99,"{""325-350"": 0.0, ""350-375"": 0.295087, ""375-400"": 0.509949, ""400-425"": 0.194964, ""425-450"": 0.0, ""450-475"": 0.0, ""475-500"": 0.0}",0.00,29.51,50.99,19.50,0.00,0.00,0.00,2026-06-23,,settlement_export
2026-06-23 10:00:00,2026/6/23 23:59:59 CT,2026-10-28,350-375,,,,375-400,45.76,"{""325-350"": 0.0, ""350-375"": 0.223212, ""375-400"": 0.457615, ""400-425"": 0.271685, ""425-450"": 0.047488, ""450-475"": 0.0, ""475-500"": 0.0}",0.00,22.32,45.76,27.17,4.75,0.00,0.00,2026-06-23,,settlement_export
2026-06-23 10:00:00,2026/6/23 23:59:59 CT,2026-12-09,350-375,,,,375-400,37.27,"{""325-350"": 0.0, ""350-375"": 0.14236, ""375-400"": 0.372709, ""400-425"": 0.339033, ""425-450"": 0.128697, ""450-475"": 0.017201, ""475-500"": 0.0}",0.00,14.24,37.27,33.90,12.87,1.72,0.00,2026-06-23,,settlement_export
2026-06-23 10:00:00,2026/6/23 23:59:59 CT,2027-01-27,350-375,,,,400-425,34.37,"{""325-350"": 0.0, ""350-375"": 0.122746, ""375-400"": 0.340972, ""400-425"": 0.343673, ""425-450"": 0.157677, ""450-475"": 0.032563, ""475-500"": 0.00237}",0.00,12.27,34.10,34.37,15.77,3.26,0.24,2026-06-23,,settlement_export
2026-06-23 10:00:00,2026/6/23 23:59:59 CT,2027-03-17,350-375,,,,400-425,34.32,"{""325-350"": 0.0, ""350-375"": 0.103457, ""375-400"": 0.306679, ""400-425"": 0.343248, ""425-450"": 0.186905, ""450-475"": 0.052224, ""475-500"": 0.007115}",0.00,10.35,30.67,34.32,18.69,5.22,0.71,2026-06-23,,settlement_export
2026-06-23 10:00:00,2026/6/23 23:59:59 CT,2027-04-28,350-375,,,,400-425,34.17,"{""325-350"": 0.0, ""350-375"": 0.099023, ""375-400"": 0.29797, ""400-425"": 0.341681, ""425-450"": 0.193605, ""450-475"": 0.057996, ""475-500"": 0.009048}",0.00,9.90,29.80,34.17,19.36,5.80,0.90,2026-06-23,,settlement_export
2026-06-23 10:00:00,2026/6/23 23:59:59 CT,2027-06-09,350-375,,,,400-425,33.11,"{""325-350"": 0.007073, ""350-375"": 0.113234, ""375-400"": 0.301092, ""400-425"": 0.331104, ""425-450"": 0.183919, ""450-475"": 0.054499, ""475-500"": 0.008449}",0.71,11.32,30.11,33.11,18.39,5.45,0.84,2026-06-23,,settlement_export
2026-06-23 10:00:00,2026/6/23 23:59:59 CT,2027-07-28,350-375,,,,400-425,31.81,"{""325-350"": 0.016476, ""350-375"": 0.129873, ""375-400"": 0.30375, ""400-425"": 0.318068, ""425-450"": 0.172456, ""450-475"": 0.050421, ""475-500"": 0.007755}",1.65,12.99,30.38,31.81,17.25,5.04,0.78,2026-06-23,,settlement_export
2026-06-23 10:00:00,2026/6/23 23:59:59 CT,2027-09-15,350-375,,,,,0.00,"{""325-350"": 0.0, ""350-375"": 0.0, ""375-400"": 0.0, ""400-425"": 0.0, ""425-450"": 0.0, ""450-475"": 0.0, ""475-500"": 0.0}",0.00,0.00,0.00,0.00,0.00,0.00,0.00,2026-06-23,,settlement_export
2026-06-23 10:00:00,2026/6/23 23:59:59 CT,2027-10-27,350-375,,,,,0.00,"{""325-350"": 0.0, ""350-375"": 0.0, ""375-400"": 0.0, ""400-425"": 0.0, ""425-450"": 0.0, ""450-475"": 0.0, ""475-500"": 0.0}",0.00,0.00,0.00,0.00,0.00,0.00,0.00,2026-06-23,,settlement_export
2026-06-23 10:00:00,2026/6/23 23:59:59 CT,2027-12-08,350-375,,,,,0.00,"{""325-350"": 0.0, ""350-375"": 0.0, ""375-400"": 0.0, ""400-425"": 0.0, ""425-450"": 0.0, ""450-475"": 0.0, ""475-500"": 0.0}",0.00,0.00,0.00,0.00,0.00,0.00,0.00,2026-06-23,,settlement_export
2026-06-24 10:00:00,2026/6/24 23:59:59 CT,2026-09-16,350-375,,,,375-400,49.32,"{""325-350"": 0.0, ""350-375"": 0.343064, ""375-400"": 0.493232, ""400-425"": 0.163704, ""425-450"": 0.0, ""450-475"": 0.0, ""475-500"": 0.0}",0.00,34.31,49.32,16.37,0.00,0.00,0.00,2026-06-24,,settlement_export
2026-06-24 10:00:00,2026/6/24 23:59:59 CT,2026-10-28,350-375,,,,375-400,46.00,"{""325-350"": 0.0, ""350-375"": 0.2671, ""375-400"": 0.45998, ""400-425"": 0.236671, ""425-450"": 0.036249, ""450-475"": 0.0, ""475-500"": 0.0}",0.00,26.71,46.00,23.67,3.62,0.00,0.00,2026-06-24,,settlement_export
2026-06-24 10:00:00,2026/6/24 23:59:59 CT,2026-12-09,350-375,,,,375-400,40.11,"{""325-350"": 0.0, ""350-375"": 0.185585, ""375-400"": 0.401116, ""400-425"": 0.304822, ""425-450"": 0.097415, ""450-475"": 0.011063, ""475-500"": 0.0}",0.00,18.56,40.11,30.48,9.74,1.11,0.00,2026-06-24,,settlement_export
2026-06-24 10:00:00,2026/6/24 23:59:59 CT,2027-01-27,350-375,,,,375-400,37.64,"{""325-350"": 0.0, ""350-375"": 0.164277, ""375-400"": 0.37637, ""400-425"": 0.315878, ""425-450"": 0.121228, ""450-475"": 0.020977, ""475-500"": 0.00127}",0.00,16.43,37.64,31.59,12.12,2.10,0.13,2026-06-24,,settlement_export
2026-06-24 10:00:00,2026/6/24 23:59:59 CT,2027-03-17,350-375,,,,375-400,35.12,"{""325-350"": 0.0, ""350-375"": 0.144798, ""375-400"": 0.351222, ""400-425"": 0.32305, ""425-450"": 0.144308, ""450-475"": 0.032864, ""475-500"": 0.003607}",0.00,14.48,35.12,32.30,14.43,3.29,0.36,2026-06-24,,settlement_export
2026-06-24 10:00:00,2026/6/24 23:59:59 CT,2027-04-28,350-375,,,,375-400,34.68,"{""325-350"": 0.0, ""350-375"": 0.141696, ""375-400"": 0.346798, ""400-425"": 0.323654, ""425-450"": 0.148138, ""450-475"": 0.035252, ""475-500"": 0.004234}",0.00,14.17,34.68,32.37,14.81,3.53,0.42,2026-06-24,,settlement_export
2026-06-24 10:00:00,2026/6/24 23:59:59 CT,2027-06-09,350-375,,,,375-400,34.47,"{""325-350"": 0.012651, ""350-375"": 0.160008, ""375-400"": 0.344732, ""400-425"": 0.307983, ""425-450"": 0.138059, ""450-475"": 0.032483, ""475-500"": 0.003876}",1.27,16.00,34.47,30.80,13.81,3.25,0.39,2026-06-24,,settlement_export
2026-06-24 10:00:00,2026/6/24 23:59:59 CT,2027-07-28,350-375,,,,375-400,34.07,"{""325-350"": 0.028966, ""350-375"": 0.18046, ""375-400"": 0.340663, ""400-425"": 0.28917, ""425-450"": 0.12637, ""450-475"": 0.029315, ""475-500"": 0.003469}",2.90,18.05,34.07,28.92,12.64,2.93,0.35,2026-06-24,,settlement_export
2026-06-24 10:00:00,2026/6/24 23:59:59 CT,2027-09-15,350-375,,,,,0.00,"{""325-350"": 0.0, ""350-375"": 0.0, ""375-400"": 0.0, ""400-425"": 0.0, ""425-450"": 0.0, ""450-475"": 0.0, ""475-500"": 0.0}",0.00,0.00,0.00,0.00,0.00,0.00,0.00,2026-06-24,,settlement_export
2026-06-24 10:00:00,2026/6/24 23:59:59 CT,2027-10-27,350-375,,,,,0.00,"{""325-350"": 0.0, ""350-375"": 0.0, ""375-400"": 0.0, ""400-425"": 0.0, ""425-450"": 0.0, ""450-475"": 0.0, ""475-500"": 0.0}",0.00,0.00,0.00,0.00,0.00,0.00,0.00,2026-06-24,,settlement_export
2026-06-24 10:00:00,2026/6/24 23:59:59 CT,2027-12-08,350-375,,,,,0.00,"{""325-350"": 0.0, ""350-375"": 0.0, ""375-400"": 0.0, ""400-425"": 0.0, ""425-450"": 0.0, ""450-475"": 0.0, ""475-500"": 0.0}",0.00,0.00,0.00,0.00,0.00,0.00,0.00,2026-06-24,,settlement_export
2026-06-25 10:00:00,2026/6/25 23:59:59 CT,2026-09-16,350-375,,,,375-400,48.51,"{""325-350"": 0.0, ""350-375"": 0.367798, ""375-400"": 0.485143, ""400-425"": 0.147059, ""425-450"": 0.0, ""450-475"": 0.0, ""475-500"": 0.0}",0.00,36.78,48.51,14.71,0.00,0.00,0.00,2026-06-25,,settlement_export
2026-06-25 10:00:00,2026/6/25 23:59:59 CT,2026-10-28,350-375,,,,375-400,45.92,"{""325-350"": 0.0, ""350-375"": 0.286357, ""375-400"": 0.459159, ""400-425"": 0.221921, ""425-450"": 0.032563, ""450-475"": 0.0, ""475-500"": 0.0}",0.00,28.64,45.92,22.19,3.26,0.00,0.00,2026-06-25,,settlement_export
2026-06-25 10:00:00,2026/6/25 23:59:59 CT,2026-12-09,350-375,,,,375-400,40.25,"{""325-350"": 0.0, ""350-375"": 0.19239, ""375-400"": 0.402455, ""400-425"": 0.29977, ""425-450"": 0.0947, ""450-475"": 0.010686, ""475-500"": 0.0}",0.00,19.24,40.25,29.98,9.47,1.07,0.00,2026-06-25,,settlement_export
2026-06-25 10:00:00,2026/6/25 23:59:59 CT,2027-01-27,350-375,,,,375-400,38.32,"{""325-350"": 0.0, ""350-375"": 0.174718, ""375-400"": 0.38316, ""400-425"": 0.309202, ""425-450"": 0.113536, ""450-475"": 0.018402, ""475-500"": 0.000981}",0.00,17.47,38.32,30.92,11.35,1.84,0.10,2026-06-25,,settlement_export
2026-06-25 10:00:00,2026/6/25 23:59:59 CT,2027-03-17,350-375,,,,375-400,35.78,"{""325-350"": 0.0, ""350-375"": 0.153502, ""375-400"": 0.357849, ""400-425"": 0.318182, ""425-450"": 0.137296, ""450-475"": 0.029954, ""475-500"": 0.003097}",0.00,15.35,35.78,31.82,13.73,3.00,0.31,2026-06-25,,settlement_export
2026-06-25 10:00:00,2026/6/25 23:59:59 CT,2027-04-28,350-375,,,,375-400,35.70,"{""325-350"": 0.003289, ""350-375"": 0.157881, ""375-400"": 0.356999, ""400-425"": 0.314306, ""425-450"": 0.134996, ""450-475"": 0.029379, ""475-500"": 0.003033}",0.33,15.79,35.70,31.43,13.50,2.94,0.30,2026-06-25,,settlement_export
2026-06-25 10:00:00,2026/6/25 23:59:59 CT,2027-06-09,350-375,,,,375-400,35.23,"{""325-350"": 0.020184, ""350-375"": 0.179642, ""375-400"": 0.352333, ""400-425"": 0.29471, ""425-450"": 0.123453, ""450-475"": 0.0265, ""475-500"": 0.002714}",2.02,17.96,35.23,29.47,12.35,2.65,0.27,2026-06-25,,settlement_export
2026-06-25 10:00:00,2026/6/25 23:59:59 CT,2027-07-28,350-375,,,,375-400,34.60,"{""325-350"": 0.037838, ""350-375"": 0.198761, ""375-400"": 0.345954, ""400-425"": 0.27575, ""425-450"": 0.112719, ""450-475"": 0.023866, ""475-500"": 0.002425}",3.78,19.88,34.60,27.57,11.27,2.39,0.24,2026-06-25,,settlement_export
2026-06-25 10:00:00,2026/6/25 23:59:59 CT,2027-09-15,350-375,,,,,0.00,"{""325-350"": 0.0, ""350-375"": 0.0, ""375-400"": 0.0, ""400-425"": 0.0, ""425-450"": 0.0, ""450-475"": 0.0, ""475-500"": 0.0}",0.00,0.00,0.00,0.00,0.00,0.00,0.00,2026-06-25,,settlement_export
2026-06-25 10:00:00,2026/6/25 23:59:59 CT,2027-10-27,350-375,,,,,0.00,"{""325-350"": 0.0, ""350-375"": 0.0, ""375-400"": 0.0, ""400-425"": 0.0, ""425-450"": 0.0, ""450-475"": 0.0, ""475-500"": 0.0}",0.00,0.00,0.00,0.00,0.00,0.00,0.00,2026-06-25,,settlement_export
2026-06-25 10:00:00,2026/6/25 23:59:59 CT,2027-12-08,350-375,,,,,0.00,"{""325-350"": 0.0, ""350-375"": 0.0, ""375-400"": 0.0, ""400-425"": 0.0, ""425-450"": 0.0, ""450-475"": 0.0, ""475-500"": 0.0}",0.00,0.00,0.00,0.00,0.00,0.00,0.00,2026-06-25,,settlement_export
2026-06-26 10:00:00,2026/6/26 23:59:59 CT,2026-09-16,350-375,,,,375-400,46.82,"{""325-350"": 0.0, ""350-375"": 0.4059, ""375-400"": 0.468176, ""400-425"": 0.125924, ""425-450"": 0.0, ""450-475"": 0.0, ""475-500"": 0.0}",0.00,40.59,46.82,12.59,0.00,0.00,0.00,2026-06-26,,settlement_export
2026-06-26 10:00:00,2026/6/26 23:59:59 CT,2026-10-28,350-375,,,,375-400,45.58,"{""325-350"": 0.0, ""350-375"": 0.32501, ""375-400"": 0.455765, ""400-425"": 0.19413, ""425-450"": 0.025095, ""450-475"": 0.0, ""475-500"": 0.0}",0.00,32.50,45.58,19.41,2.51,0.00,0.00,2026-06-26,,settlement_export
2026-06-26 10:00:00,2026/6/26 23:59:59 CT,2026-12-09,350-375,,,,375-400,41.77,"{""325-350"": 0.0, ""350-375"": 0.230396, ""375-400"": 0.417701, ""400-425"": 0.270295, ""425-450"": 0.074303, ""450-475"": 0.007305, ""475-500"": 0.0}",0.00,23.04,41.77,27.03,7.43,0.73,0.00,2026-06-26,,settlement_export
2026-06-26 10:00:00,2026/6/26 23:59:59 CT,2027-01-27,350-375,,,,375-400,40.48,"{""325-350"": 0.0, ""350-375"": 0.214524, ""375-400"": 0.404798, ""400-425"": 0.28045, ""425-450"": 0.087805, ""450-475"": 0.011921, ""475-500"": 0.000503}",0.00,21.45,40.48,28.04,8.78,1.19,0.05,2026-06-26,,settlement_export
2026-06-26 10:00:00,2026/6/26 23:59:59 CT,2027-03-17,350-375,,,,375-400,38.17,"{""325-350"": 0.0, ""350-375"": 0.188475, ""375-400"": 0.381693, ""400-425"": 0.295549, ""425-450"": 0.111197, ""450-475"": 0.021135, ""475-500"": 0.00189}",0.00,18.85,38.17,29.55,11.12,2.11,0.19,2026-06-26,,settlement_export
2026-06-26 10:00:00,2026/6/26 23:59:59 CT,2027-04-28,350-375,,,,375-400,37.98,"{""325-350"": 0.004039, ""350-375"": 0.192615, ""375-400"": 0.379847, ""400-425"": 0.291599, ""425-450"": 0.109267, ""450-475"": 0.020723, ""475-500"": 0.00185}",0.40,19.26,37.98,29.16,10.93,2.07,0.18,2026-06-26,,settlement_export
2026-06-26 10:00:00,2026/6/26 23:59:59 CT,2027-06-09,350-375,,,,375-400,37.02,"{""325-350"": 0.024647, ""350-375"": 0.213077, ""375-400"": 0.370203, ""400-425"": 0.271672, ""425-450"": 0.099591, ""450-475"": 0.01866, ""475-500"": 0.001655}",2.46,21.31,37.02,27.17,9.96,1.87,0.17,2026-06-26,,settlement_export
2026-06-26 10:00:00,2026/6/26 23:59:59 CT,2027-07-28,350-375,,,,375-400,35.93,"{""325-350"": 0.045509, ""350-375"": 0.230473, ""375-400"": 0.359294, ""400-425"": 0.252621, ""425-450"": 0.090631, ""450-475"": 0.016778, ""475-500"": 0.001477}",4.55,23.05,35.93,25.26,9.06,1.68,0.15,2026-06-26,,settlement_export
2026-06-26 10:00:00,2026/6/26 23:59:59 CT,2027-09-15,350-375,,,,,0.00,"{""325-350"": 0.0, ""350-375"": 0.0, ""375-400"": 0.0, ""400-425"": 0.0, ""425-450"": 0.0, ""450-475"": 0.0, ""475-500"": 0.0}",0.00,0.00,0.00,0.00,0.00,0.00,0.00,2026-06-26,,settlement_export
2026-06-26 10:00:00,2026/6/26 23:59:59 CT,2027-10-27,350-375,,,,,0.00,"{""325-350"": 0.0, ""350-375"": 0.0, ""375-400"": 0.0, ""400-425"": 0.0, ""425-450"": 0.0, ""450-475"": 0.0, ""475-500"": 0.0}",0.00,0.00,0.00,0.00,0.00,0.00,0.00,2026-06-26,,settlement_export
2026-06-26 10:00:00,2026/6/26 23:59:59 CT,2027-12-08,350-375,,,,,0.00,"{""325-350"": 0.0, ""350-375"": 0.0, ""375-400"": 0.0, ""400-425"": 0.0, ""425-450"": 0.0, ""450-475"": 0.0, ""475-500"": 0.0}",0.00,0.00,0.00,0.00,0.00,0.00,0.00,2026-06-26,,settlement_export
2026-06-29 10:00:00,2026/6/29 23:59:59 CT,2026-09-16,350-375,,,,375-400,48.34,"{""325-350"": 0.0, ""350-375"": 0.379373, ""375-400"": 0.483371, ""400-425"": 0.137255, ""425-450"": 0.0, ""450-475"": 0.0, ""475-500"": 0.0}",0.00,37.94,48.34,13.73,0.00,0.00,0.00,2026-06-29,,settlement_export
2026-06-29 10:00:00,2026/6/29 23:59:59 CT,2026-10-28,350-375,,,,375-400,46.03,"{""325-350"": 0.0, ""350-375"": 0.295369, ""375-400"": 0.460343, ""400-425"": 0.213895, ""425-450"": 0.030392, ""450-475"": 0.0, ""475-500"": 0.0}",0.00,29.54,46.03,21.39,3.04,0.00,0.00,2026-06-29,,settlement_export
2026-06-29 10:00:00,2026/6/29 23:59:59 CT,2026-12-09,350-375,,,,375-400,40.62,"{""325-350"": 0.0, ""350-375"": 0.198444, ""375-400"": 0.406207, ""400-425"": 0.294767, ""425-450"": 0.090608, ""450-475"": 0.009973, ""475-500"": 0.0}",0.00,19.84,40.62,29.48,9.06,1.00,0.00,2026-06-29,,settlement_export
2026-06-29 10:00:00,2026/6/29 23:59:59 CT,2027-01-27,350-375,,,,375-400,38.71,"{""325-350"": 0.0, ""350-375"": 0.180217, ""375-400"": 0.387124, ""400-425"": 0.305003, ""425-450"": 0.109361, ""450-475"": 0.01738, ""475-500"": 0.000916}",0.00,18.02,38.71,30.50,10.94,1.74,0.09,2026-06-29,,settlement_export
2026-06-29 10:00:00,2026/6/29 23:59:59 CT,2027-03-17,350-375,,,,375-400,36.20,"{""325-350"": 0.0, ""350-375"": 0.158333, ""375-400"": 0.362, ""400-425"": 0.314975, ""425-450"": 0.133117, ""450-475"": 0.028549, ""475-500"": 0.002915}",0.00,15.83,36.20,31.50,13.31,2.85,0.29,2026-06-29,,settlement_export
2026-06-29 10:00:00,2026/6/29 23:59:59 CT,2027-04-28,350-375,,,,375-400,36.10,"{""325-350"": 0.003393, ""350-375"": 0.162698, ""375-400"": 0.360992, ""400-425"": 0.311078, ""425-450"": 0.130876, ""450-475"": 0.027999, ""475-500"": 0.002855}",0.34,16.27,36.10,31.11,13.09,2.80,0.29,2026-06-29,,settlement_export
2026-06-29 10:00:00,2026/6/29 23:59:59 CT,2027-06-09,350-375,,,,375-400,35.56,"{""325-350"": 0.020461, ""350-375"": 0.183944, ""375-400"": 0.355644, ""400-425"": 0.29177, ""425-450"": 0.119854, ""450-475"": 0.025305, ""475-500"": 0.002561}",2.05,18.39,35.56,29.18,11.99,2.53,0.26,2026-06-29,,settlement_export
2026-06-29 10:00:00,2026/6/29 23:59:59 CT,2027-07-28,350-375,,,,375-400,34.72,"{""325-350"": 0.042181, ""350-375"": 0.206755, ""375-400"": 0.347158, ""400-425"": 0.26893, ""425-450"": 0.107292, ""450-475"": 0.022284, ""475-500"": 0.002234}",4.22,20.68,34.72,26.89,10.73,2.23,0.22,2026-06-29,,settlement_export
2026-06-29 10:00:00,2026/6/29 23:59:59 CT,2027-09-15,350-375,,,,,0.00,"{""325-350"": 0.0, ""350-375"": 0.0, ""375-400"": 0.0, ""400-425"": 0.0, ""425-450"": 0.0, ""450-475"": 0.0, ""475-500"": 0.0}",0.00,0.00,0.00,0.00,0.00,0.00,0.00,2026-06-29,,settlement_export
2026-06-29 10:00:00,2026/6/29 23:59:59 CT,2027-10-27,350-375,,,,,0.00,"{""325-350"": 0.0, ""350-375"": 0.0, ""375-400"": 0.0, ""400-425"": 0.0, ""425-450"": 0.0, ""450-475"": 0.0, ""475-500"": 0.0}",0.00,0.00,0.00,0.00,0.00,0.00,0.00,2026-06-29,,settlement_export
2026-06-29 10:00:00,2026/6/29 23:59:59 CT,2027-12-08,350-375,,,,,0.00,"{""325-350"": 0.0, ""350-375"": 0.0, ""375-400"": 0.0, ""400-425"": 0.0, ""425-450"": 0.0, ""450-475"": 0.0, ""475-500"": 0.0}",0.00,0.00,0.00,0.00,0.00,0.00,0.00,2026-06-29,,settlement_export
2026-06-30 10:00:00,2026/6/30 23:59:59 CT,2026-09-16,350-375,,,,375-400,50.63,"{""325-350"": 0.0, ""350-375"": 0.321893, ""375-400"": 0.506263, ""400-425"": 0.171844, ""425-450"": 0.0, ""450-475"": 0.0, ""475-500"": 0.0}",0.00,32.19,50.63,17.18,0.00,0.00,0.00,2026-06-30,,settlement_export
2026-06-30 10:00:00,2026/6/30 23:59:59 CT,2026-10-28,350-375,,,,375-400,46.54,"{""325-350"": 0.0, ""350-375"": 0.250617, ""375-400"": 0.465438, ""400-425"": 0.245894, ""425-450"": 0.038051, ""450-475"": 0.0, ""475-500"": 0.0}",0.00,25.06,46.54,24.59,3.81,0.00,0.00,2026-06-30,,settlement_export
2026-06-30 10:00:00,2026/6/30 23:59:59 CT,2026-12-09,350-375,,,,375-400,39.06,"{""325-350"": 0.0, ""350-375"": 0.163365, ""375-400"": 0.390649, ""400-425"": 0.322328, ""425-450"": 0.110411, ""450-475"": 0.013247, ""475-500"": 0.0}",0.00,16.34,39.06,32.23,11.04,1.32,0.00,2026-06-30,,settlement_export
2026-06-30 10:00:00,2026/6/30 23:59:59 CT,2027-01-27,350-375,,,,375-400,36.98,"{""325-350"": 0.0, ""350-375"": 0.14836, ""375-400"": 0.369772, ""400-425"": 0.328603, ""425-450"": 0.129876, ""450-475"": 0.022172, ""475-500"": 0.001217}",0.00,14.84,36.98,32.86,12.99,2.22,0.12,2026-06-30,,settlement_export
2026-06-30 10:00:00,2026/6/30 23:59:59 CT,2027-03-17,350-375,,,,400-425,33.52,"{""325-350"": 0.0, ""350-375"": 0.12441, ""375-400"": 0.33403, ""400-425"": 0.335249, ""425-450"": 0.161956, ""450-475"": 0.039559, ""475-500"": 0.0046}",0.00,12.44,33.40,33.52,16.20,3.96,0.46,2026-06-30,,settlement_export
2026-06-30 10:00:00,2026/6/30 23:59:59 CT,2027-04-28,350-375,,,,375-400,33.41,"{""325-350"": 0.002666, ""350-375"": 0.128902, ""375-400"": 0.334056, ""400-425"": 0.331536, ""425-450"": 0.159334, ""450-475"": 0.038809, ""475-500"": 0.004505}",0.27,12.89,33.41,33.15,15.93,3.88,0.45,2026-06-30,,settlement_export
2026-06-30 10:00:00,2026/6/30 23:59:59 CT,2027-06-09,350-375,,,,375-400,33.38,"{""325-350"": 0.016191, ""350-375"": 0.150883, ""375-400"": 0.333786, ""400-425"": 0.313085, ""425-450"": 0.14642, ""450-475"": 0.035134, ""475-500"": 0.004043}",1.62,15.09,33.38,31.31,14.64,3.51,0.40,2026-06-30,,settlement_export
2026-06-30 10:00:00,2026/6/30 23:59:59 CT,2027-07-28,350-375,,,,375-400,33.10,"{""325-350"": 0.034086, ""350-375"": 0.175183, ""375-400"": 0.331036, ""400-425"": 0.290943, ""425-450"": 0.131635, ""450-475"": 0.031003, ""475-500"": 0.003529}",3.41,17.52,33.10,29.09,13.16,3.10,0.35,2026-06-30,,settlement_export
2026-06-30 10:00:00,2026/6/30 23:59:59 CT,2027-09-15,350-375,,,,,0.00,"{""325-350"": 0.0, ""350-375"": 0.0, ""375-400"": 0.0, ""400-425"": 0.0, ""425-450"": 0.0, ""450-475"": 0.0, ""475-500"": 0.0}",0.00,0.00,0.00,0.00,0.00,0.00,0.00,2026-06-30,,settlement_export
2026-06-30 10:00:00,2026/6/30 23:59:59 CT,2027-10-27,350-375,,,,,0.00,"{""325-350"": 0.0, ""350-375"": 0.0, ""375-400"": 0.0, ""400-425"": 0.0, ""425-450"": 0.0, ""450-475"": 0.0, ""475-500"": 0.0}",0.00,0.00,0.00,0.00,0.00,0.00,0.00,2026-06-30,,settlement_export
2026-06-30 10:00:00,2026/6/30 23:59:59 CT,2027-12-08,350-375,,,,,0.00,"{""325-350"": 0.0, ""350-375"": 0.0, ""375-400"": 0.0, ""400-425"": 0.0, ""425-450"": 0.0, ""450-475"": 0.0, ""475-500"": 0.0}",0.00,0.00,0.00,0.00,0.00,0.00,0.00,2026-06-30,,settlement_export
2026-07-01 10:00:00,2026/7/1 23:59:59 CT,2026-09-16,350-375,,,,375-400,49.85,"{""325-350"": 0.0, ""350-375"": 0.35823, ""375-400"": 0.49849, ""400-425"": 0.14328, ""425-450"": 0.0, ""450-475"": 0.0, ""475-500"": 0.0}",0.00,35.82,49.85,14.33,0.00,0.00,0.00,2026-07-01,,settlement_export
2026-07-01 10:00:00,2026/7/1 23:59:59 CT,2026-10-28,350-375,,,,375-400,46.43,"{""325-350"": 0.0, ""350-375"": 0.270976, ""375-400"": 0.464327, ""400-425"": 0.229799, ""425-450"": 0.034899, ""450-475"": 0.0, ""475-500"": 0.0}",0.00,27.10,46.43,22.98,3.49,0.00,0.00,2026-07-01,,settlement_export
2026-07-01 10:00:00,2026/7/1 23:59:59 CT,2026-12-09,350-375,,,,375-400,39.04,"{""325-350"": 0.0, ""350-375"": 0.167403, ""375-400"": 0.390424, ""400-425"": 0.319441, ""425-450"": 0.109394, ""450-475"": 0.013339, ""475-500"": 0.0}",0.00,16.74,39.04,31.94,10.94,1.33,0.00,2026-07-01,,settlement_export
2026-07-01 10:00:00,2026/7/1 23:59:59 CT,2027-01-27,350-375,,,,375-400,35.97,"{""325-350"": 0.0, ""350-375"": 0.144338, ""375-400"": 0.359696, ""400-425"": 0.32922, ""425-450"": 0.138334, ""450-475"": 0.026573, ""475-500"": 0.001838}",0.00,14.43,35.97,32.92,13.83,2.66,0.18,2026-07-01,,settlement_export
2026-07-01 10:00:00,2026/7/1 23:59:59 CT,2027-03-17,350-375,,,,400-425,33.47,"{""325-350"": 0.0, ""350-375"": 0.118564, ""375-400"": 0.32124, ""400-425"": 0.334663, ""425-450"": 0.172421, ""450-475"": 0.046531, ""475-500"": 0.006255}",0.00,11.86,32.12,33.47,17.24,4.65,0.63,2026-07-01,,settlement_export
2026-07-01 10:00:00,2026/7/1 23:59:59 CT,2027-04-28,350-375,,,,400-425,33.44,"{""325-350"": 0.0, ""350-375"": 0.116023, ""375-400"": 0.316897, ""400-425"": 0.334375, ""425-450"": 0.175897, ""450-475"": 0.049228, ""475-500"": 0.007118}",0.00,11.60,31.69,33.44,17.59,4.92,0.71,2026-07-01,,settlement_export
2026-07-01 10:00:00,2026/7/1 23:59:59 CT,2027-06-09,350-375,,,,400-425,32.06,"{""325-350"": 0.010111, ""350-375"": 0.133528, ""375-400"": 0.31842, ""400-425"": 0.320565, ""425-450"": 0.164859, ""450-475"": 0.045559, ""475-500"": 0.006537}",1.01,13.35,31.84,32.06,16.49,4.56,0.65,2026-07-01,,settlement_export
2026-07-01 10:00:00,2026/7/1 23:59:59 CT,2027-07-28,350-375,,,,375-400,31.87,"{""325-350"": 0.026507, ""350-375"": 0.158092, ""375-400"": 0.318705, ""400-425"": 0.299878, ""425-450"": 0.149009, ""450-475"": 0.040374, ""475-500"": 0.005724}",2.65,15.81,31.87,29.99,14.90,4.04,0.57,2026-07-01,,settlement_export
2026-07-01 10:00:00,2026/7/1 23:59:59 CT,2027-09-15,350-375,,,,,0.00,"{""325-350"": 0.0, ""350-375"": 0.0, ""375-400"": 0.0, ""400-425"": 0.0, ""425-450"": 0.0, ""450-475"": 0.0, ""475-500"": 0.0}",0.00,0.00,0.00,0.00,0.00,0.00,0.00,2026-07-01,,settlement_export
2026-07-01 10:00:00,2026/7/1 23:59:59 CT,2027-10-27,350-375,,,,,0.00,"{""325-350"": 0.0, ""350-375"": 0.0, ""375-400"": 0.0, ""400-425"": 0.0, ""425-450"": 0.0, ""450-475"": 0.0, ""475-500"": 0.0}",0.00,0.00,0.00,0.00,0.00,0.00,0.00,2026-07-01,,settlement_export
2026-07-01 10:00:00,2026/7/1 23:59:59 CT,2027-12-08,350-375,,,,,0.00,"{""325-350"": 0.0, ""350-375"": 0.0, ""375-400"": 0.0, ""400-425"": 0.0, ""425-450"": 0.0, ""450-475"": 0.0, ""475-500"": 0.0}",0.00,0.00,0.00,0.00,0.00,0.00,0.00,2026-07-01,,settlement_export
2026-07-02 10:00:00,2026/7/2 23:59:59 CT,2026-09-16,350-375,,,,375-400,46.09,"{""325-350"": 0.0, ""350-375"": 0.459403, ""375-400"": 0.460898, ""400-425"": 0.079699, ""425-450"": 0.0, ""450-475"": 0.0, ""475-500"": 0.0}",0.00,45.94,46.09,7.97,0.00,0.00,0.00,2026-07-02,,settlement_export
2026-07-02 10:00:00,2026/7/2 23:59:59 CT,2026-10-28,350-375,,,,375-400,46.06,"{""325-350"": 0.0, ""350-375"": 0.357678, ""375-400"": 0.460567, ""400-425"": 0.164107, ""425-450"": 0.017648, ""450-475"": 0.0, ""475-500"": 0.0}",0.00,35.77,46.06,16.41,1.76,0.00,0.00,2026-07-02,,settlement_export
2026-07-02 10:00:00,2026/7/2 23:59:59 CT,2026-12-09,350-375,,,,375-400,42.12,"{""325-350"": 0.0, ""350-375"": 0.220966, ""375-400"": 0.421241, ""400-425"": 0.277421, ""425-450"": 0.073628, ""450-475"": 0.006745, ""475-500"": 0.0}",0.00,22.10,42.12,27.74,7.36,0.67,0.00,2026-07-02,,settlement_export
2026-07-02 10:00:00,2026/7/2 23:59:59 CT,2027-01-27,350-375,,,,375-400,39.36,"{""325-350"": 0.0, ""350-375"": 0.190522, ""375-400"": 0.393647, ""400-425"": 0.297236, ""425-450"": 0.101706, ""450-475"": 0.01596, ""475-500"": 0.000929}",0.00,19.05,39.36,29.72,10.17,1.60,0.09,2026-07-02,,settlement_export
2026-07-02 10:00:00,2026/7/2 23:59:59 CT,2027-03-17,350-375,,,,375-400,35.74,"{""325-350"": 0.0, ""350-375"": 0.1565, ""375-400"": 0.357375, ""400-425"": 0.314452, ""425-450"": 0.136622, ""450-475"": 0.031272, ""475-500"": 0.003613}",0.00,15.65,35.74,31.45,13.66,3.13,0.36,2026-07-02,,settlement_export
2026-07-02 10:00:00,2026/7/2 23:59:59 CT,2027-04-28,350-375,,,,375-400,35.31,"{""325-350"": 0.0, ""350-375"": 0.153146, ""375-400"": 0.35307, ""400-425"": 0.315372, ""425-450"": 0.140433, ""450-475"": 0.033529, ""475-500"": 0.004206}",0.00,15.31,35.31,31.54,14.04,3.35,0.42,2026-07-02,,settlement_export
2026-07-02 10:00:00,2026/7/2 23:59:59 CT,2027-06-09,350-375,,,,375-400,35.05,"{""325-350"": 0.010283, ""350-375"": 0.16657, ""375-400"": 0.350539, ""400-425"": 0.303626, ""425-450"": 0.133255, ""450-475"": 0.031561, ""475-500"": 0.00394}",1.03,16.66,35.05,30.36,13.33,3.16,0.39,2026-07-02,,settlement_export
2026-07-02 10:00:00,2026/7/2 23:59:59 CT,2027-07-28,350-375,,,,375-400,34.43,"{""325-350"": 0.031047, ""350-375"": 0.191011, ""375-400"": 0.344306, ""400-425"": 0.280991, ""425-450"": 0.119744, ""450-475"": 0.027891, ""475-500"": 0.003446}",3.10,19.10,34.43,28.10,11.97,2.79,0.34,2026-07-02,,settlement_export
2026-07-02 10:00:00,2026/7/2 23:59:59 CT,2027-09-15,350-375,,,,,0.00,"{""325-350"": 0.0, ""350-375"": 0.0, ""375-400"": 0.0, ""400-425"": 0.0, ""425-450"": 0.0, ""450-475"": 0.0, ""475-500"": 0.0}",0.00,0.00,0.00,0.00,0.00,0.00,0.00,2026-07-02,,settlement_export
2026-07-02 10:00:00,2026/7/2 23:59:59 CT,2027-10-27,350-375,,,,,0.00,"{""325-350"": 0.0, ""350-375"": 0.0, ""375-400"": 0.0, ""400-425"": 0.0, ""425-450"": 0.0, ""450-475"": 0.0, ""475-500"": 0.0}",0.00,0.00,0.00,0.00,0.00,0.00,0.00,2026-07-02,,settlement_export
2026-07-02 10:00:00,2026/7/2 23:59:59 CT,2027-12-08,350-375,,,,,0.00,"{""325-350"": 0.0, ""350-375"": 0.0, ""375-400"": 0.0, ""400-425"": 0.0, ""425-450"": 0.0, ""450-475"": 0.0, ""475-500"": 0.0}",0.00,0.00,0.00,0.00,0.00,0.00,0.00,2026-07-02,,settlement_export
2026-07-06 10:00:00,2026/7/6 23:59:59 CT,2026-09-16,350-375,,,,375-400,46.24,"{""325-350"": 0.0, ""350-375"": 0.429076, ""375-400"": 0.462439, ""400-425"": 0.108485, ""425-450"": 0.0, ""450-475"": 0.0, ""475-500"": 0.0}",0.00,42.91,46.24,10.85,0.00,0.00,0.00,2026-07-06,,settlement_export
2026-07-06 10:00:00,2026/7/6 23:59:59 CT,2026-10-28,350-375,,,,375-400,45.65,"{""325-350"": 0.0, ""350-375"": 0.353068, ""375-400"": 0.456529, ""400-425"": 0.171185, ""425-450"": 0.019217, ""450-475"": 0.0, ""475-500"": 0.0}",0.00,35.31,45.65,17.12,1.92,0.00,0.00,2026-07-06,,settlement_export
2026-07-06 10:00:00,2026/7/6 23:59:59 CT,2026-12-09,350-375,,,,375-400,42.29,"{""325-350"": 0.0, ""350-375"": 0.238256, ""375-400"": 0.422885, ""400-425"": 0.263975, ""425-450"": 0.068635, ""450-475"": 0.006249, ""475-500"": 0.0}",0.00,23.83,42.29,26.40,6.86,0.62,0.00,2026-07-06,,settlement_export
2026-07-06 10:00:00,2026/7/6 23:59:59 CT,2027-01-27,350-375,,,,375-400,40.17,"{""325-350"": 0.0, ""350-375"": 0.2109, ""375-400"": 0.401687, ""400-425"": 0.28222, ""425-450"": 0.091063, ""450-475"": 0.013412, ""475-500"": 0.000717}",0.00,21.09,40.17,28.22,9.11,1.34,0.07,2026-07-06,,settlement_export
2026-07-06 10:00:00,2026/7/6 23:59:59 CT,2027-03-17,350-375,,,,375-400,36.76,"{""325-350"": 0.0, ""350-375"": 0.17324, ""375-400"": 0.367618, ""400-425"": 0.303554, ""425-450"": 0.125198, ""450-475"": 0.027278, ""475-500"": 0.002984}",0.00,17.32,36.76,30.36,12.52,2.73,0.30,2026-07-06,,settlement_export
2026-07-06 10:00:00,2026/7/6 23:59:59 CT,2027-04-28,350-375,,,,375-400,36.35,"{""325-350"": 0.0, ""350-375"": 0.169527, ""375-400"": 0.363453, ""400-425"": 0.304926, ""425-450"": 0.12902, ""450-475"": 0.029377, ""475-500"": 0.003505}",0.00,16.95,36.35,30.49,12.90,2.94,0.35,2026-07-06,,settlement_export
2026-07-06 10:00:00,2026/7/6 23:59:59 CT,2027-06-09,350-375,,,,375-400,35.84,"{""325-350"": 0.014773, ""350-375"": 0.186427, ""375-400"": 0.358353, ""400-425"": 0.289597, ""425-450"": 0.120337, ""450-475"": 0.027122, ""475-500"": 0.003216}",1.48,18.64,35.84,28.96,12.03,2.71,0.32,2026-07-06,,settlement_export
2026-07-06 10:00:00,2026/7/6 23:59:59 CT,2027-07-28,350-375,,,,375-400,34.92,"{""325-350"": 0.037578, ""350-375"": 0.209268, ""375-400"": 0.349218, ""400-425"": 0.26711, ""425-450"": 0.107953, ""450-475"": 0.023946, ""475-500"": 0.002812}",3.76,20.93,34.92,26.71,10.80,2.39,0.28,2026-07-06,,settlement_export
2026-07-06 10:00:00,2026/7/6 23:59:59 CT,2027-09-15,350-375,,,,,0.00,"{""325-350"": 0.0, ""350-375"": 0.0, ""375-400"": 0.0, ""400-425"": 0.0, ""425-450"": 0.0, ""450-475"": 0.0, ""475-500"": 0.0}",0.00,0.00,0.00,0.00,0.00,0.00,0.00,2026-07-06,,settlement_export
2026-07-06 10:00:00,2026/7/6 23:59:59 CT,2027-10-27,350-375,,,,,0.00,"{""325-350"": 0.0, ""350-375"": 0.0, ""375-400"": 0.0, ""400-425"": 0.0, ""425-450"": 0.0, ""450-475"": 0.0, ""475-500"": 0.0}",0.00,0.00,0.00,0.00,0.00,0.00,0.00,2026-07-06,,settlement_export
2026-07-06 10:00:00,2026/7/6 23:59:59 CT,2027-12-08,350-375,,,,,0.00,"{""325-350"": 0.0, ""350-375"": 0.0, ""375-400"": 0.0, ""400-425"": 0.0, ""425-450"": 0.0, ""450-475"": 0.0, ""475-500"": 0.0}",0.00,0.00,0.00,0.00,0.00,0.00,0.00,2026-07-06,,settlement_export
2026-07-07 10:00:00,2026/7/7 23:59:59 CT,2026-09-16,350-375,,,,375-400,49.10,"{""325-350"": 0.0, ""350-375"": 0.380511, ""375-400"": 0.491022, ""400-425"": 0.128467, ""425-450"": 0.0, ""450-475"": 0.0, ""475-500"": 0.0}",0.00,38.05,49.10,12.85,0.00,0.00,0.00,2026-07-07,,settlement_export
2026-07-07 10:00:00,2026/7/7 23:59:59 CT,2026-10-28,350-375,,,,375-400,46.90,"{""325-350"": 0.0, ""350-375"": 0.304681, ""375-400"": 0.468999, ""400-425"": 0.200719, ""425-450"": 0.025602, ""450-475"": 0.0, ""475-500"": 0.0}",0.00,30.47,46.90,20.07,2.56,0.00,0.00,2026-07-07,,settlement_export
2026-07-07 10:00:00,2026/7/7 23:59:59 CT,2026-12-09,350-375,,,,375-400,40.95,"{""325-350"": 0.0, ""350-375"": 0.194319, ""375-400"": 0.409479, ""400-425"": 0.297896, ""425-450"": 0.089033, ""450-475"": 0.009273, ""475-500"": 0.0}",0.00,19.43,40.95,29.79,8.90,0.93,0.00,2026-07-07,,settlement_export
2026-07-07 10:00:00,2026/7/7 23:59:59 CT,2027-01-27,350-375,,,,375-400,37.98,"{""325-350"": 0.0, ""350-375"": 0.167546, ""375-400"": 0.379835, ""400-425"": 0.31327, ""425-450"": 0.11781, ""450-475"": 0.020263, ""475-500"": 0.001278}",0.00,16.75,37.98,31.33,11.78,2.03,0.13,2026-07-07,,settlement_export
2026-07-07 10:00:00,2026/7/7 23:59:59 CT,2027-03-17,350-375,,,,375-400,33.77,"{""325-350"": 0.0, ""350-375"": 0.134276, ""375-400"": 0.33768, ""400-425"": 0.326488, ""425-450"": 0.156622, ""450-475"": 0.039633, ""475-500"": 0.005048}",0.00,13.43,33.77,32.65,15.66,3.96,0.50,2026-07-07,,settlement_export
2026-07-07 10:00:00,2026/7/7 23:59:59 CT,2027-04-28,350-375,,,,375-400,33.33,"{""325-350"": 0.0, ""350-375"": 0.131399, ""375-400"": 0.333322, ""400-425"": 0.326727, ""425-450"": 0.160262, ""450-475"": 0.04214, ""475-500"": 0.005789}",0.00,13.14,33.33,32.67,16.03,4.21,0.58,2026-07-07,,settlement_export
2026-07-07 10:00:00,2026/7/7 23:59:59 CT,2027-06-09,350-375,,,,375-400,33.29,"{""325-350"": 0.009104, ""350-375"": 0.145389, ""375-400"": 0.332865, ""400-425"": 0.315194, ""425-450"": 0.152078, ""450-475"": 0.039621, ""475-500"": 0.005412}",0.91,14.54,33.29,31.52,15.21,3.96,0.54,2026-07-07,,settlement_export
2026-07-07 10:00:00,2026/7/7 23:59:59 CT,2027-07-28,350-375,,,,375-400,33.09,"{""325-350"": 0.024193, ""350-375"": 0.166145, ""375-400"": 0.330908, ""400-425"": 0.297134, ""425-450"": 0.139628, ""450-475"": 0.035834, ""475-500"": 0.00485}",2.42,16.61,33.09,29.71,13.96,3.58,0.48,2026-07-07,,settlement_export
2026-07-07 10:00:00,2026/7/7 23:59:59 CT,2027-09-15,350-375,,,,,0.00,"{""325-350"": 0.0, ""350-375"": 0.0, ""375-400"": 0.0, ""400-425"": 0.0, ""425-450"": 0.0, ""450-475"": 0.0, ""475-500"": 0.0}",0.00,0.00,0.00,0.00,0.00,0.00,0.00,2026-07-07,,settlement_export
2026-07-07 10:00:00,2026/7/7 23:59:59 CT,2027-10-27,350-375,,,,,0.00,"{""325-350"": 0.0, ""350-375"": 0.0, ""375-400"": 0.0, ""400-425"": 0.0, ""425-450"": 0.0, ""450-475"": 0.0, ""475-500"": 0.0}",0.00,0.00,0.00,0.00,0.00,0.00,0.00,2026-07-07,,settlement_export
2026-07-07 10:00:00,2026/7/7 23:59:59 CT,2027-12-08,350-375,,,,,0.00,"{""325-350"": 0.0, ""350-375"": 0.0, ""375-400"": 0.0, ""400-425"": 0.0, ""425-450"": 0.0, ""450-475"": 0.0, ""475-500"": 0.0}",0.00,0.00,0.00,0.00,0.00,0.00,0.00,2026-07-07,,settlement_export
2026-07-08 10:00:00,2026/7/8 23:59:59 CT,2026-09-16,350-375,,,,375-400,50.62,"{""325-350"": 0.0, ""350-375"": 0.333664, ""375-400"": 0.506243, ""400-425"": 0.160093, ""425-450"": 0.0, ""450-475"": 0.0, ""475-500"": 0.0}",0.00,33.37,50.62,16.01,0.00,0.00,0.00,2026-07-08,,settlement_export
2026-07-08 10:00:00,2026/7/8 23:59:59 CT,2026-10-28,350-375,,,,375-400,46.42,"{""325-350"": 0.0, ""350-375"": 0.252393, ""375-400"": 0.464208, ""400-425"": 0.244405, ""425-450"": 0.038994, ""450-475"": 0.0, ""475-500"": 0.0}",0.00,25.24,46.42,24.44,3.90,0.00,0.00,2026-07-08,,settlement_export
2026-07-08 10:00:00,2026/7/8 23:59:59 CT,2026-12-09,350-375,,,,375-400,38.32,"{""325-350"": 0.0, ""350-375"": 0.155923, ""375-400"": 0.383247, ""400-425"": 0.328419, ""425-450"": 0.117507, ""450-475"": 0.014904, ""475-500"": 0.0}",0.00,15.59,38.32,32.84,11.75,1.49,0.00,2026-07-08,,settlement_export
2026-07-08 10:00:00,2026/7/8 23:59:59 CT,2027-01-27,350-375,,,,375-400,35.19,"{""325-350"": 0.0, ""350-375"": 0.13444, ""375-400"": 0.351927, ""400-425"": 0.335973, ""425-450"": 0.146566, ""450-475"": 0.029041, ""475-500"": 0.002053}",0.00,13.44,35.19,33.60,14.66,2.90,0.21,2026-07-08,,settlement_export
2026-07-08 10:00:00,2026/7/8 23:59:59 CT,2027-03-17,350-375,,,,400-425,33.91,"{""325-350"": 0.0, ""350-375"": 0.107936, ""375-400"": 0.309051, ""400-425"": 0.339118, ""425-450"": 0.183906, ""450-475"": 0.05221, ""475-500"": 0.007374}",0.00,10.79,30.91,33.91,18.39,5.22,0.74,2026-07-08,,settlement_export
2026-07-08 10:00:00,2026/7/8 23:59:59 CT,2027-04-28,350-375,,,,400-425,33.78,"{""325-350"": 0.0, ""350-375"": 0.10331, ""375-400"": 0.300432, ""400-425"": 0.337829, ""425-450"": 0.190558, ""450-475"": 0.057854, ""475-500"": 0.009295}",0.00,10.33,30.04,33.78,19.06,5.79,0.93,2026-07-08,,settlement_export
2026-07-08 10:00:00,2026/7/8 23:59:59 CT,2027-06-09,350-375,,,,400-425,32.76,"{""325-350"": 0.007158, ""350-375"": 0.116968, ""375-400"": 0.303023, ""400-425"": 0.327626, ""425-450"": 0.181363, ""450-475"": 0.05449, ""475-500"": 0.0087}",0.72,11.70,30.30,32.76,18.14,5.45,0.87,2026-07-08,,settlement_export
2026-07-08 10:00:00,2026/7/8 23:59:59 CT,2027-07-28,350-375,,,,400-425,31.14,"{""325-350"": 0.019315, ""350-375"": 0.137567, ""375-400"": 0.305747, ""400-425"": 0.311432, ""425-450"": 0.167317, ""450-475"": 0.04942, ""475-500"": 0.007809}",1.93,13.76,30.57,31.14,16.73,4.94,0.78,2026-07-08,,settlement_export
2026-07-08 10:00:00,2026/7/8 23:59:59 CT,2027-09-15,350-375,,,,,0.00,"{""325-350"": 0.0, ""350-375"": 0.0, ""375-400"": 0.0, ""400-425"": 0.0, ""425-450"": 0.0, ""450-475"": 0.0, ""475-500"": 0.0}",0.00,0.00,0.00,0.00,0.00,0.00,0.00,2026-07-08,,settlement_export
2026-07-08 10:00:00,2026/7/8 23:59:59 CT,2027-10-27,350-375,,,,,0.00,"{""325-350"": 0.0, ""350-375"": 0.0, ""375-400"": 0.0, ""400-425"": 0.0, ""425-450"": 0.0, ""450-475"": 0.0, ""475-500"": 0.0}",0.00,0.00,0.00,0.00,0.00,0.00,0.00,2026-07-08,,settlement_export
2026-07-08 10:00:00,2026/7/8 23:59:59 CT,2027-12-08,350-375,,,,,0.00,"{""325-350"": 0.0, ""350-375"": 0.0, ""375-400"": 0.0, ""400-425"": 0.0, ""425-450"": 0.0, ""450-475"": 0.0, ""475-500"": 0.0}",0.00,0.00,0.00,0.00,0.00,0.00,0.00,2026-07-08,,settlement_export
2026-07-09 10:00:00,2026/7/9 23:59:59 CT,2026-09-16,350-375,,,,375-400,50.04,"{""325-350"": 0.0, ""350-375"": 0.37653, ""375-400"": 0.500363, ""400-425"": 0.123107, ""425-450"": 0.0, ""450-475"": 0.0, ""475-500"": 0.0}",0.00,37.65,50.04,12.31,0.00,0.00,0.00,2026-07-09,,settlement_export
2026-07-09 10:00:00,2026/7/9 23:59:59 CT,2026-10-28,350-375,,,,375-400,47.57,"{""325-350"": 0.0, ""350-375"": 0.301493, ""375-400"": 0.475685, ""400-425"": 0.198288, ""425-450"": 0.024533, ""450-475"": 0.0, ""475-500"": 0.0}",0.00,30.15,47.57,19.83,2.45,0.00,0.00,2026-07-09,,settlement_export
2026-07-09 10:00:00,2026/7/9 23:59:59 CT,2026-12-09,350-375,,,,375-400,40.91,"{""325-350"": 0.0, ""350-375"": 0.186256, ""375-400"": 0.409105, ""400-425"": 0.304316, ""425-450"": 0.090946, ""450-475"": 0.009377, ""475-500"": 0.0}",0.00,18.63,40.91,30.43,9.09,0.94,0.00,2026-07-09,,settlement_export
2026-07-09 10:00:00,2026/7/9 23:59:59 CT,2027-01-27,350-375,,,,375-400,37.84,"{""325-350"": 0.0, ""350-375"": 0.160594, ""375-400"": 0.378401, ""400-425"": 0.318753, ""425-450"": 0.120344, ""450-475"": 0.020616, ""475-500"": 0.001292}",0.00,16.06,37.84,31.88,12.03,2.06,0.13,2026-07-09,,settlement_export
2026-07-09 10:00:00,2026/7/9 23:59:59 CT,2027-03-17,350-375,,,,375-400,33.98,"{""325-350"": 0.0, ""350-375"": 0.132146, ""375-400"": 0.339818, ""400-425"": 0.329319, ""425-450"": 0.155491, ""450-475"": 0.038282, ""475-500"": 0.004715}",0.00,13.21,33.98,32.93,15.55,3.83,0.47,2026-07-09,,settlement_export
2026-07-09 10:00:00,2026/7/9 23:59:59 CT,2027-04-28,350-375,,,,375-400,33.09,"{""325-350"": 0.0, ""350-375"": 0.126482, ""375-400"": 0.330918, ""400-425"": 0.329769, ""425-450"": 0.162941, ""450-475"": 0.043305, ""475-500"": 0.006154}",0.00,12.65,33.09,32.98,16.29,4.33,0.62,2026-07-09,,settlement_export
2026-07-09 10:00:00,2026/7/9 23:59:59 CT,2027-06-09,350-375,,,,375-400,33.08,"{""325-350"": 0.009034, ""350-375"": 0.141085, ""375-400"": 0.330836, ""400-425"": 0.317853, ""425-450"": 0.154395, ""450-475"": 0.040651, ""475-500"": 0.005744}",0.90,14.11,33.08,31.79,15.44,4.07,0.57,2026-07-09,,settlement_export
2026-07-09 10:00:00,2026/7/9 23:59:59 CT,2027-07-28,350-375,,,,375-400,32.97,"{""325-350"": 0.02073, ""350-375"": 0.157891, ""375-400"": 0.329686, ""400-425"": 0.303375, ""425-450"": 0.144321, ""450-475"": 0.03756, ""475-500"": 0.00527}",2.07,15.79,32.97,30.34,14.43,3.76,0.53,2026-07-09,,settlement_export
2026-07-09 10:00:00,2026/7/9 23:59:59 CT,2027-09-15,350-375,,,,,0.00,"{""325-350"": 0.0, ""350-375"": 0.0, ""375-400"": 0.0, ""400-425"": 0.0, ""425-450"": 0.0, ""450-475"": 0.0, ""475-500"": 0.0}",0.00,0.00,0.00,0.00,0.00,0.00,0.00,2026-07-09,,settlement_export
2026-07-09 10:00:00,2026/7/9 23:59:59 CT,2027-10-27,350-375,,,,,0.00,"{""325-350"": 0.0, ""350-375"": 0.0, ""375-400"": 0.0, ""400-425"": 0.0, ""425-450"": 0.0, ""450-475"": 0.0, ""475-500"": 0.0}",0.00,0.00,0.00,0.00,0.00,0.00,0.00,2026-07-09,,settlement_export
2026-07-09 10:00:00,2026/7/9 23:59:59 CT,2027-12-08,350-375,,,,,0.00,"{""325-350"": 0.0, ""350-375"": 0.0, ""375-400"": 0.0, ""400-425"": 0.0, ""425-450"": 0.0, ""450-475"": 0.0, ""475-500"": 0.0}",0.00,0.00,0.00,0.00,0.00,0.00,0.00,2026-07-09,,settlement_export
2026-07-10 10:00:00,2026/7/10 23:59:59 CT,2026-09-16,350-375,,,,375-400,51.22,"{""325-350"": 0.0, ""350-375"": 0.303588, ""375-400"": 0.512183, ""400-425"": 0.184229, ""425-450"": 0.0, ""450-475"": 0.0, ""475-500"": 0.0}",0.00,30.36,51.22,18.42,0.00,0.00,0.00,2026-07-10,,settlement_export
2026-07-10 10:00:00,2026/7/10 23:59:59 CT,2026-10-28,350-375,,,,375-400,46.60,"{""325-350"": 0.0, ""350-375"": 0.236365, ""375-400"": 0.465994, ""400-425"": 0.256847, ""425-450"": 0.040793, ""450-475"": 0.0, ""475-500"": 0.0}",0.00,23.64,46.60,25.68,4.08,0.00,0.00,2026-07-10,,settlement_export
2026-07-10 10:00:00,2026/7/10 23:59:59 CT,2026-12-09,350-375,,,,375-400,37.82,"{""325-350"": 0.0, ""350-375"": 0.146021, ""375-400"": 0.378225, ""400-425"": 0.336788, ""425-450"": 0.123374, ""450-475"": 0.015592, ""475-500"": 0.0}",0.00,14.60,37.82,33.68,12.34,1.56,0.00,2026-07-10,,settlement_export
2026-07-10 10:00:00,2026/7/10 23:59:59 CT,2027-01-27,350-375,,,,375-400,34.62,"{""325-350"": 0.0, ""350-375"": 0.125903, ""375-400"": 0.346232, ""400-425"": 0.342497, ""425-450"": 0.152778, ""450-475"": 0.030442, ""475-500"": 0.002148}",0.00,12.59,34.62,34.25,15.28,3.04,0.21,2026-07-10,,settlement_export
2026-07-10 10:00:00,2026/7/10 23:59:59 CT,2027-03-17,350-375,,,,400-425,34.33,"{""325-350"": 0.0, ""350-375"": 0.098564, ""375-400"": 0.298389, ""400-425"": 0.343308, ""425-450"": 0.193974, ""450-475"": 0.057006, ""475-500"": 0.008292}",0.00,9.86,29.84,34.33,19.40,5.70,0.83,2026-07-10,,settlement_export
2026-07-10 10:00:00,2026/7/10 23:59:59 CT,2027-04-28,350-375,,,,400-425,34.14,"{""325-350"": 0.0, ""350-375"": 0.09434, ""375-400"": 0.289825, ""400-425"": 0.341383, ""425-450"": 0.200374, ""450-475"": 0.062876, ""475-500"": 0.01038}",0.00,9.43,28.98,34.14,20.04,6.29,1.04,2026-07-10,,settlement_export
2026-07-10 10:00:00,2026/7/10 23:59:59 CT,2027-06-09,350-375,,,,400-425,33.13,"{""325-350"": 0.006739, ""350-375"": 0.108303, ""375-400"": 0.293508, ""400-425"": 0.331311, ""425-450"": 0.190553, ""450-475"": 0.059127, ""475-500"": 0.009696}",0.67,10.83,29.35,33.13,19.06,5.91,0.97,2026-07-10,,settlement_export
2026-07-10 10:00:00,2026/7/10 23:59:59 CT,2027-07-28,350-375,,,,400-425,31.88,"{""325-350"": 0.015734, ""350-375"": 0.124707, ""375-400"": 0.296856, ""400-425"": 0.318844, ""425-450"": 0.178912, ""450-475"": 0.054749, ""475-500"": 0.008903}",1.57,12.47,29.69,31.88,17.89,5.47,0.89,2026-07-10,,settlement_export
2026-07-10 10:00:00,2026/7/10 23:59:59 CT,2027-09-15,350-375,,,,,0.00,"{""325-350"": 0.0, ""350-375"": 0.0, ""375-400"": 0.0, ""400-425"": 0.0, ""425-450"": 0.0, ""450-475"": 0.0, ""475-500"": 0.0}",0.00,0.00,0.00,0.00,0.00,0.00,0.00,2026-07-10,,settlement_export
2026-07-10 10:00:00,2026/7/10 23:59:59 CT,2027-10-27,350-375,,,,,0.00,"{""325-350"": 0.0, ""350-375"": 0.0, ""375-400"": 0.0, ""400-425"": 0.0, ""425-450"": 0.0, ""450-475"": 0.0, ""475-500"": 0.0}",0.00,0.00,0.00,0.00,0.00,0.00,0.00,2026-07-10,,settlement_export
2026-07-10 10:00:00,2026/7/10 23:59:59 CT,2027-12-08,350-375,,,,,0.00,"{""325-350"": 0.0, ""350-375"": 0.0, ""375-400"": 0.0, ""400-425"": 0.0, ""425-450"": 0.0, ""450-475"": 0.0, ""475-500"": 0.0}",0.00,0.00,0.00,0.00,0.00,0.00,0.00,2026-07-10,,settlement_export
2026-07-13 10:00:00,2026/7/13 23:59:59 CT,2026-09-16,350-375,,,,375-400,51.20,"{""325-350"": 0.0, ""350-375"": 0.249485, ""375-400"": 0.511991, ""400-425"": 0.238524, ""425-450"": 0.0, ""450-475"": 0.0, ""475-500"": 0.0}",0.00,24.95,51.20,23.85,0.00,0.00,0.00,2026-07-13,,settlement_export
2026-07-13 10:00:00,2026/7/13 23:59:59 CT,2026-10-28,350-375,,,,375-400,43.64,"{""325-350"": 0.0, ""350-375"": 0.177669, ""375-400"": 0.436427, ""400-425"": 0.317244, ""425-450"": 0.068661, ""450-475"": 0.0, ""475-500"": 0.0}",0.00,17.77,43.64,31.72,6.87,0.00,0.00,2026-07-13,,settlement_export
2026-07-13 10:00:00,2026/7/13 23:59:59 CT,2026-12-09,350-375,,,,400-425,36.45,"{""325-350"": 0.0, ""350-375"": 0.107259, ""375-400"": 0.333882, ""400-425"": 0.364475, ""425-450"": 0.167173, ""450-475"": 0.02721, ""475-500"": 0.0}",0.00,10.73,33.39,36.45,16.72,2.72,0.00,2026-07-13,,settlement_export
2026-07-13 10:00:00,2026/7/13 23:59:59 CT,2027-01-27,350-375,,,,400-425,35.89,"{""325-350"": 0.0, ""350-375"": 0.087555, ""375-400"": 0.29225, ""400-425"": 0.358855, ""425-450"": 0.203418, ""450-475"": 0.052922, ""475-500"": 0.004999}",0.00,8.76,29.23,35.89,20.34,5.29,0.50,2026-07-13,,settlement_export
2026-07-13 10:00:00,2026/7/13 23:59:59 CT,2027-03-17,350-375,,,,400-425,34.45,"{""325-350"": 0.0, ""350-375"": 0.068668, ""375-400"": 0.248095, ""400-425"": 0.344488, ""425-450"": 0.236948, ""450-475"": 0.085386, ""475-500"": 0.015336}",0.00,6.87,24.81,34.45,23.69,8.54,1.53,2026-07-13,,settlement_export
2026-07-13 10:00:00,2026/7/13 23:59:59 CT,2027-04-28,350-375,,,,400-425,33.83,"{""325-350"": 0.0, ""350-375"": 0.064254, ""375-400"": 0.23656, ""400-425"": 0.338291, ""425-450"": 0.243862, ""450-475"": 0.095129, ""475-500"": 0.01984}",0.00,6.43,23.66,33.83,24.39,9.51,1.98,2026-07-13,,settlement_export
2026-07-13 10:00:00,2026/7/13 23:59:59 CT,2027-06-09,350-375,,,,400-425,33.15,"{""325-350"": 0.00459, ""350-375"": 0.076562, ""375-400"": 0.243827, ""400-425"": 0.331546, ""425-450"": 0.233238, ""450-475"": 0.089752, ""475-500"": 0.018565}",0.46,7.66,24.38,33.15,23.32,8.98,1.86,2026-07-13,,settlement_export
2026-07-13 10:00:00,2026/7/13 23:59:59 CT,2027-07-28,350-375,,,,400-425,32.28,"{""325-350"": 0.010964, ""350-375"": 0.091377, ""375-400"": 0.251596, ""400-425"": 0.322839, ""425-450"": 0.220529, ""450-475"": 0.083446, ""475-500"": 0.017085}",1.10,9.14,25.16,32.28,22.05,8.34,1.71,2026-07-13,,settlement_export
2026-07-13 10:00:00,2026/7/13 23:59:59 CT,2027-09-15,350-375,,,,,0.00,"{""325-350"": 0.0, ""350-375"": 0.0, ""375-400"": 0.0, ""400-425"": 0.0, ""425-450"": 0.0, ""450-475"": 0.0, ""475-500"": 0.0}",0.00,0.00,0.00,0.00,0.00,0.00,0.00,2026-07-13,,settlement_export
2026-07-13 10:00:00,2026/7/13 23:59:59 CT,2027-10-27,350-375,,,,,0.00,"{""325-350"": 0.0, ""350-375"": 0.0, ""375-400"": 0.0, ""400-425"": 0.0, ""425-450"": 0.0, ""450-475"": 0.0, ""475-500"": 0.0}",0.00,0.00,0.00,0.00,0.00,0.00,0.00,2026-07-13,,settlement_export
2026-07-13 10:00:00,2026/7/13 23:59:59 CT,2027-12-08,350-375,,,,,0.00,"{""325-350"": 0.0, ""350-375"": 0.0, ""375-400"": 0.0, ""400-425"": 0.0, ""425-450"": 0.0, ""450-475"": 0.0, ""475-500"": 0.0}",0.00,0.00,0.00,0.00,0.00,0.00,0.00,2026-07-13,,settlement_export
2026-07-14 10:00:00,2026/7/14 23:59:59 CT,2026-09-16,350-375,,,,375-400,50.05,"{""325-350"": 0.0, ""350-375"": 0.419228, ""375-400"": 0.500485, ""400-425"": 0.080287, ""425-450"": 0.0, ""450-475"": 0.0, ""475-500"": 0.0}",0.00,41.92,50.05,8.03,0.00,0.00,0.00,2026-07-14,,settlement_export
2026-07-14 10:00:00,2026/7/14 23:59:59 CT,2026-10-28,350-375,,,,375-400,48.43,"{""325-350"": 0.0, ""350-375"": 0.335682, ""375-400"": 0.484292, ""400-425"": 0.164026, ""425-450"": 0.016, ""450-475"": 0.0, ""475-500"": 0.0}",0.00,33.57,48.43,16.40,1.60,0.00,0.00,2026-07-14,,settlement_export
2026-07-14 10:00:00,2026/7/14 23:59:59 CT,2026-12-09,350-375,,,,375-400,43.09,"{""325-350"": 0.0, ""350-375"": 0.215085, ""375-400"": 0.430902, ""400-425"": 0.279085, ""425-450"": 0.06918, ""450-475"": 0.005748, ""475-500"": 0.0}",0.00,21.51,43.09,27.91,6.92,0.57,0.00,2026-07-14,,settlement_export
2026-07-14 10:00:00,2026/7/14 23:59:59 CT,2027-01-27,350-375,,,,375-400,39.62,"{""325-350"": 0.0, ""350-375"": 0.180512, ""375-400"": 0.396212, ""400-425"": 0.303488, ""425-450"": 0.10292, ""450-475"": 0.015944, ""475-500"": 0.000924}",0.00,18.05,39.62,30.35,10.29,1.59,0.09,2026-07-14,,settlement_export
2026-07-14 10:00:00,2026/7/14 23:59:59 CT,2027-03-17,350-375,,,,375-400,34.14,"{""325-350"": 0.0, ""350-375"": 0.13461, ""375-400"": 0.341362, ""400-425"": 0.327066, ""425-450"": 0.153922, ""450-475"": 0.038061, ""475-500"": 0.004743}",0.00,13.46,34.14,32.71,15.39,3.81,0.47,2026-07-14,,settlement_export
2026-07-14 10:00:00,2026/7/14 23:59:59 CT,2027-04-28,350-375,,,,400-425,32.83,"{""325-350"": 0.0, ""350-375"": 0.123072, ""375-400"": 0.323641, ""400-425"": 0.328292, ""425-450"": 0.168763, ""450-475"": 0.047992, ""475-500"": 0.007599}",0.00,12.31,32.36,32.83,16.88,4.80,0.76,2026-07-14,,settlement_export
2026-07-14 10:00:00,2026/7/14 23:59:59 CT,2027-06-09,350-375,,,,400-425,32.58,"{""325-350"": 0.001934, ""350-375"": 0.126224, ""375-400"": 0.323714, ""400-425"": 0.325785, ""425-450"": 0.166865, ""450-475"": 0.047357, ""475-500"": 0.00749}",0.19,12.62,32.37,32.58,16.69,4.74,0.75,2026-07-14,,settlement_export
2026-07-14 10:00:00,2026/7/14 23:59:59 CT,2027-07-28,350-375,,,,375-400,32.38,"{""325-350"": 0.007438, ""350-375"": 0.13497, ""375-400"": 0.323806, ""400-425"": 0.318747, ""425-450"": 0.161572, ""450-475"": 0.045592, ""475-500"": 0.007185}",0.74,13.50,32.38,31.87,16.16,4.56,0.72,2026-07-14,,settlement_export
2026-07-14 10:00:00,2026/7/14 23:59:59 CT,2027-09-15,350-375,,,,,0.00,"{""325-350"": 0.0, ""350-375"": 0.0, ""375-400"": 0.0, ""400-425"": 0.0, ""425-450"": 0.0, ""450-475"": 0.0, ""475-500"": 0.0}",0.00,0.00,0.00,0.00,0.00,0.00,0.00,2026-07-14,,settlement_export
2026-07-14 10:00:00,2026/7/14 23:59:59 CT,2027-10-27,350-375,,,,,0.00,"{""325-350"": 0.0, ""350-375"": 0.0, ""375-400"": 0.0, ""400-425"": 0.0, ""425-450"": 0.0, ""450-475"": 0.0, ""475-500"": 0.0}",0.00,0.00,0.00,0.00,0.00,0.00,0.00,2026-07-14,,settlement_export
2026-07-14 10:00:00,2026/7/14 23:59:59 CT,2027-12-08,350-375,,,,,0.00,"{""325-350"": 0.0, ""350-375"": 0.0, ""375-400"": 0.0, ""400-425"": 0.0, ""425-450"": 0.0, ""450-475"": 0.0, ""475-500"": 0.0}",0.00,0.00,0.00,0.00,0.00,0.00,0.00,2026-07-14,,settlement_export
2026-07-15 10:00:00,2026/7/15 23:59:59 CT,2026-09-16,350-375,,,,350-375,51.54,"{""325-350"": 0.0, ""350-375"": 0.515448, ""375-400"": 0.43935, ""400-425"": 0.045202, ""425-450"": 0.0, ""450-475"": 0.0, ""475-500"": 0.0}",0.00,51.54,43.94,4.52,0.00,0.00,0.00,2026-07-15,,settlement_export
2026-07-15 10:00:00,2026/7/15 23:59:59 CT,2026-10-28,350-375,,,,375-400,45.28,"{""325-350"": 0.0, ""350-375"": 0.42414, ""375-400"": 0.45283, ""400-425"": 0.115022, ""425-450"": 0.008007, ""450-475"": 0.0, ""475-500"": 0.0}",0.00,42.41,45.28,11.50,0.80,0.00,0.00,2026-07-15,,settlement_export
2026-07-15 10:00:00,2026/7/15 23:59:59 CT,2026-12-09,350-375,,,,375-400,44.42,"{""325-350"": 0.0, ""350-375"": 0.295956, ""375-400"": 0.444159, ""400-425"": 0.217115, ""425-450"": 0.04035, ""450-475"": 0.00242, ""475-500"": 0.0}",0.00,29.60,44.42,21.71,4.04,0.24,0.00,2026-07-15,,settlement_export
2026-07-15 10:00:00,2026/7/15 23:59:59 CT,2027-01-27,350-375,,,,375-400,42.37,"{""325-350"": 0.0, ""350-375"": 0.25518, ""375-400"": 0.42374, ""400-425"": 0.248397, ""425-450"": 0.064704, ""450-475"": 0.007646, ""475-500"": 0.000333}",0.00,25.52,42.37,24.84,6.47,0.76,0.03,2026-07-15,,settlement_export
2026-07-15 10:00:00,2026/7/15 23:59:59 CT,2027-03-17,350-375,,,,375-400,39.10,"{""325-350"": 0.0, ""350-375"": 0.205602, ""375-400"": 0.390991, ""400-425"": 0.282464, ""425-450"": 0.100393, ""450-475"": 0.018731, ""475-500"": 0.001754}",0.00,20.56,39.10,28.25,10.04,1.87,0.18,2026-07-15,,settlement_export
2026-07-15 10:00:00,2026/7/15 23:59:59 CT,2027-04-28,350-375,,,,375-400,37.51,"{""325-350"": 0.0, ""350-375"": 0.187979, ""375-400"": 0.375101, ""400-425"": 0.291766, ""425-450"": 0.115999, ""450-475"": 0.025731, ""475-500"": 0.003209}",0.00,18.80,37.51,29.18,11.60,2.57,0.32,2026-07-15,,settlement_export
2026-07-15 10:00:00,2026/7/15 23:59:59 CT,2027-06-09,350-375,,,,375-400,37.21,"{""325-350"": 0.006714, ""350-375"": 0.194662, ""375-400"": 0.372125, ""400-425"": 0.285489, ""425-450"": 0.112775, ""450-475"": 0.024927, ""475-500"": 0.003102}",0.67,19.47,37.21,28.55,11.28,2.49,0.31,2026-07-15,,settlement_export
2026-07-15 10:00:00,2026/7/15 23:59:59 CT,2027-07-28,350-375,,,,375-400,36.83,"{""325-350"": 0.015037, ""350-375"": 0.202521, ""375-400"": 0.368288, ""400-425"": 0.27784, ""425-450"": 0.108885, ""450-475"": 0.02396, ""475-500"": 0.002974}",1.50,20.25,36.83,27.78,10.89,2.40,0.30,2026-07-15,,settlement_export
2026-07-15 10:00:00,2026/7/15 23:59:59 CT,2027-09-15,350-375,,,,,0.00,"{""325-350"": 0.0, ""350-375"": 0.0, ""375-400"": 0.0, ""400-425"": 0.0, ""425-450"": 0.0, ""450-475"": 0.0, ""475-500"": 0.0}",0.00,0.00,0.00,0.00,0.00,0.00,0.00,2026-07-15,,settlement_export
2026-07-15 10:00:00,2026/7/15 23:59:59 CT,2027-10-27,350-375,,,,,0.00,"{""325-350"": 0.0, ""350-375"": 0.0, ""375-400"": 0.0, ""400-425"": 0.0, ""425-450"": 0.0, ""450-475"": 0.0, ""475-500"": 0.0}",0.00,0.00,0.00,0.00,0.00,0.00,0.00,2026-07-15,,settlement_export
2026-07-15 10:00:00,2026/7/15 23:59:59 CT,2027-12-08,350-375,,,,,0.00,"{""325-350"": 0.0, ""350-375"": 0.0, ""375-400"": 0.0, ""400-425"": 0.0, ""425-450"": 0.0, ""450-475"": 0.0, ""475-500"": 0.0}",0.00,0.00,0.00,0.00,0.00,0.00,0.00,2026-07-15,,settlement_export
2026-07-16 10:00:00,2026/7/16 23:59:59 CT,2026-09-16,350-375,,,,350-375,47.59,"{""325-350"": 0.0, ""350-375"": 0.475873, ""375-400"": 0.469953, ""400-425"": 0.054174, ""425-450"": 0.0, ""450-475"": 0.0, ""475-500"": 0.0}",0.00,47.59,47.00,5.42,0.00,0.00,0.00,2026-07-16,,settlement_export
2026-07-16 10:00:00,2026/7/16 23:59:59 CT,2026-10-28,350-375,,,,375-400,47.11,"{""325-350"": 0.0, ""350-375"": 0.381038, ""375-400"": 0.471133, ""400-425"": 0.137033, ""425-450"": 0.010796, ""450-475"": 0.0, ""475-500"": 0.0}",0.00,38.10,47.11,13.70,1.08,0.00,0.00,2026-07-16,,settlement_export
2026-07-16 10:00:00,2026/7/16 23:59:59 CT,2026-12-09,350-375,,,,375-400,44.24,"{""325-350"": 0.0, ""350-375"": 0.259388, ""375-400"": 0.442369, ""400-425"": 0.243697, ""425-450"": 0.051098, ""450-475"": 0.003447, ""475-500"": 0.0}",0.00,25.94,44.24,24.37,5.11,0.34,0.00,2026-07-16,,settlement_export
2026-07-16 10:00:00,2026/7/16 23:59:59 CT,2027-01-27,350-375,,,,375-400,41.30,"{""325-350"": 0.0, ""350-375"": 0.217694, ""375-400"": 0.412957, ""400-425"": 0.275632, ""425-450"": 0.082057, ""450-475"": 0.011106, ""475-500"": 0.000554}",0.00,21.77,41.30,27.56,8.21,1.11,0.06,2026-07-16,,settlement_export
2026-07-16 10:00:00,2026/7/16 23:59:59 CT,2027-03-17,350-375,,,,375-400,37.11,"{""325-350"": 0.0, ""350-375"": 0.171045, ""375-400"": 0.371115, ""400-425"": 0.305059, ""425-450"": 0.123537, ""450-475"": 0.02631, ""475-500"": 0.002815}",0.00,17.10,37.11,30.51,12.35,2.63,0.28,2026-07-16,,settlement_export
2026-07-16 10:00:00,2026/7/16 23:59:59 CT,2027-04-28,350-375,,,,375-400,35.40,"{""325-350"": 0.0, ""350-375"": 0.156384, ""375-400"": 0.353966, ""400-425"": 0.310721, ""425-450"": 0.139096, ""450-475"": 0.034644, ""475-500"": 0.004829}",0.00,15.64,35.40,31.07,13.91,3.46,0.48,2026-07-16,,settlement_export
2026-07-16 10:00:00,2026/7/16 23:59:59 CT,2027-06-09,350-375,,,,375-400,35.33,"{""325-350"": 0.002457, ""350-375"": 0.159489, ""375-400"": 0.353287, ""400-425"": 0.308024, ""425-450"": 0.137455, ""450-475"": 0.034175, ""475-500"": 0.004759}",0.25,15.95,35.33,30.80,13.75,3.42,0.48,2026-07-16,,settlement_export
2026-07-16 10:00:00,2026/7/16 23:59:59 CT,2027-07-28,350-375,,,,375-400,35.13,"{""325-350"": 0.009412, ""350-375"": 0.168072, ""375-400"": 0.351282, ""400-425"": 0.30047, ""425-450"": 0.132881, ""450-475"": 0.032872, ""475-500"": 0.004563}",0.94,16.81,35.13,30.05,13.29,3.29,0.46,2026-07-16,,settlement_export
2026-07-16 10:00:00,2026/7/16 23:59:59 CT,2027-09-15,350-375,,,,,0.00,"{""325-350"": 0.0, ""350-375"": 0.0, ""375-400"": 0.0, ""400-425"": 0.0, ""425-450"": 0.0, ""450-475"": 0.0, ""475-500"": 0.0}",0.00,0.00,0.00,0.00,0.00,0.00,0.00,2026-07-16,,settlement_export
2026-07-16 10:00:00,2026/7/16 23:59:59 CT,2027-10-27,350-375,,,,,0.00,"{""325-350"": 0.0, ""350-375"": 0.0, ""375-400"": 0.0, ""400-425"": 0.0, ""425-450"": 0.0, ""450-475"": 0.0, ""475-500"": 0.0}",0.00,0.00,0.00,0.00,0.00,0.00,0.00,2026-07-16,,settlement_export
2026-07-16 10:00:00,2026/7/16 23:59:59 CT,2027-12-08,350-375,,,,,0.00,"{""325-350"": 0.0, ""350-375"": 0.0, ""375-400"": 0.0, ""400-425"": 0.0, ""425-450"": 0.0, ""450-475"": 0.0, ""475-500"": 0.0}",0.00,0.00,0.00,0.00,0.00,0.00,0.00,2026-07-16,,settlement_export
2026-07-17 10:00:00,2026/7/17 23:59:59 CT,2026-09-16,350-375,,,,375-400,51.22,"{""325-350"": 0.0, ""350-375"": 0.421541, ""375-400"": 0.512214, ""400-425"": 0.066245, ""425-450"": 0.0, ""450-475"": 0.0, ""475-500"": 0.0}",0.00,42.15,51.22,6.62,0.00,0.00,0.00,2026-07-17,,settlement_export
2026-07-17 10:00:00,2026/7/17 23:59:59 CT,2026-10-28,350-375,,,,375-400,49.01,"{""325-350"": 0.0, ""350-375"": 0.318866, ""375-400"": 0.490128, ""400-425"": 0.17487, ""425-450"": 0.016135, ""450-475"": 0.0, ""475-500"": 0.0}",0.00,31.89,49.01,17.49,1.61,0.00,0.00,2026-07-17,,settlement_export
2026-07-17 10:00:00,2026/7/17 23:59:59 CT,2026-12-09,350-375,,,,375-400,43.20,"{""325-350"": 0.0, ""350-375"": 0.210687, ""375-400"": 0.432026, ""400-425"": 0.281825, ""425-450"": 0.069988, ""450-475"": 0.005474, ""475-500"": 0.0}",0.00,21.07,43.20,28.18,7.00,0.55,0.00,2026-07-17,,settlement_export
2026-07-17 10:00:00,2026/7/17 23:59:59 CT,2027-01-27,350-375,,,,375-400,39.64,"{""325-350"": 0.0, ""350-375"": 0.176821, ""375-400"": 0.396448, ""400-425"": 0.305968, ""425-450"": 0.104039, ""450-475"": 0.015844, ""475-500"": 0.00088}",0.00,17.68,39.64,30.60,10.40,1.58,0.09,2026-07-17,,settlement_export
2026-07-17 10:00:00,2026/7/17 23:59:59 CT,2027-03-17,350-375,,,,375-400,35.35,"{""325-350"": 0.0, ""350-375"": 0.142215, ""375-400"": 0.353464, ""400-425"": 0.323676, ""425-450"": 0.143559, ""450-475"": 0.033105, ""475-500"": 0.003809}",0.00,14.22,35.35,32.37,14.36,3.31,0.38,2026-07-17,,settlement_export
2026-07-17 10:00:00,2026/7/17 23:59:59 CT,2027-04-28,350-375,,,,375-400,33.99,"{""325-350"": 0.0, ""350-375"": 0.133073, ""375-400"": 0.339884, ""400-425"": 0.325591, ""425-450"": 0.155138, ""450-475"": 0.040206, ""475-500"": 0.005692}",0.00,13.31,33.99,32.56,15.51,4.02,0.57,2026-07-17,,settlement_export
2026-07-17 10:00:00,2026/7/17 23:59:59 CT,2027-06-09,350-375,,,,375-400,33.97,"{""325-350"": 0.001806, ""350-375"": 0.135879, ""375-400"": 0.33969, ""400-425"": 0.323278, ""425-450"": 0.153578, ""450-475"": 0.039737, ""475-500"": 0.00562}",0.18,13.59,33.97,32.33,15.36,3.97,0.56,2026-07-17,,settlement_export
2026-07-17 10:00:00,2026/7/17 23:59:59 CT,2027-07-28,350-375,,,,375-400,33.86,"{""325-350"": 0.010712, ""350-375"": 0.149418, ""375-400"": 0.338599, ""400-425"": 0.312005, ""425-450"": 0.146016, ""450-475"": 0.037471, ""475-500"": 0.005273}",1.07,14.94,33.86,31.20,14.60,3.75,0.53,2026-07-17,,settlement_export
2026-07-17 10:00:00,2026/7/17 23:59:59 CT,2027-09-15,350-375,,,,,0.00,"{""325-350"": 0.0, ""350-375"": 0.0, ""375-400"": 0.0, ""400-425"": 0.0, ""425-450"": 0.0, ""450-475"": 0.0, ""475-500"": 0.0}",0.00,0.00,0.00,0.00,0.00,0.00,0.00,2026-07-17,,settlement_export
2026-07-17 10:00:00,2026/7/17 23:59:59 CT,2027-10-27,350-375,,,,,0.00,"{""325-350"": 0.0, ""350-375"": 0.0, ""375-400"": 0.0, ""400-425"": 0.0, ""425-450"": 0.0, ""450-475"": 0.0, ""475-500"": 0.0}",0.00,0.00,0.00,0.00,0.00,0.00,0.00,2026-07-17,,settlement_export
2026-07-17 10:00:00,2026/7/17 23:59:59 CT,2027-12-08,350-375,,,,,0.00,"{""325-350"": 0.0, ""350-375"": 0.0, ""375-400"": 0.0, ""400-425"": 0.0, ""425-450"": 0.0, ""450-475"": 0.0, ""475-500"": 0.0}",0.00,0.00,0.00,0.00,0.00,0.00,0.00,2026-07-17,,settlement_export
2026-07-20 10:00:00,2026/7/20 23:59:59 CT,2026-09-16,350-375,,,,375-400,55.05,"{""325-350"": 0.0, ""350-375"": 0.357453, ""375-400"": 0.550463, ""400-425"": 0.092084, ""425-450"": 0.0, ""450-475"": 0.0, ""475-500"": 0.0}",0.00,35.75,55.05,9.21,0.00,0.00,0.00,2026-07-20,,settlement_export
2026-07-20 10:00:00,2026/7/20 23:59:59 CT,2026-10-28,350-375,,,,375-400,49.92,"{""325-350"": 0.0, ""350-375"": 0.262473, ""375-400"": 0.499178, ""400-425"": 0.213882, ""425-450"": 0.024468, ""450-475"": 0.0, ""475-500"": 0.0}",0.00,26.25,49.92,21.39,2.45,0.00,0.00,2026-07-20,,settlement_export
2026-07-20 10:00:00,2026/7/20 23:59:59 CT,2026-12-09,350-375,,,,375-400,40.94,"{""325-350"": 0.0, ""350-375"": 0.162928, ""375-400"": 0.409405, ""400-425"": 0.322083, ""425-450"": 0.096305, ""450-475"": 0.00928, ""475-500"": 0.0}",0.00,16.29,40.94,32.21,9.63,0.93,0.00,2026-07-20,,settlement_export
2026-07-20 10:00:00,2026/7/20 23:59:59 CT,2027-01-27,350-375,,,,375-400,36.98,"{""325-350"": 0.0, ""350-375"": 0.136738, ""375-400"": 0.369786, ""400-425"": 0.336119, ""425-450"": 0.132597, ""450-475"": 0.023268, ""475-500"": 0.001492}",0.00,13.67,36.98,33.61,13.26,2.33,0.15,2026-07-20,,settlement_export
2026-07-20 10:00:00,2026/7/20 23:59:59 CT,2027-03-17,350-375,,,,400-425,34.34,"{""325-350"": 0.0, ""350-375"": 0.107242, ""375-400"": 0.319514, ""400-425"": 0.343382, ""425-450"": 0.176499, ""450-475"": 0.046852, ""475-500"": 0.006189}",0.00,10.72,31.95,34.34,17.65,4.69,0.62,2026-07-20,,settlement_export
2026-07-20 10:00:00,2026/7/20 23:59:59 CT,2027-04-28,350-375,,,,400-425,34.18,"{""325-350"": 0.0, ""350-375"": 0.100348, ""375-400"": 0.305868, ""400-425"": 0.341847, ""425-450"": 0.187227, ""450-475"": 0.055186, ""475-500"": 0.008803}",0.00,10.03,30.59,34.18,18.72,5.52,0.88,2026-07-20,,settlement_export
2026-07-20 10:00:00,2026/7/20 23:59:59 CT,2027-06-09,350-375,,,,400-425,33.97,"{""325-350"": 0.001362, ""350-375"": 0.103137, ""375-400"": 0.306357, ""400-425"": 0.339749, ""425-450"": 0.185435, ""450-475"": 0.054557, ""475-500"": 0.008693}",0.14,10.31,30.64,33.97,18.54,5.46,0.87,2026-07-20,,settlement_export
2026-07-20 10:00:00,2026/7/20 23:59:59 CT,2027-07-28,350-375,,,,400-425,32.95,"{""325-350"": 0.008123, ""350-375"": 0.116637, ""375-400"": 0.308575, ""400-425"": 0.329498, ""425-450"": 0.176741, ""450-475"": 0.05151, ""475-500"": 0.008162}",0.81,11.66,30.86,32.95,17.67,5.15,0.82,2026-07-20,,settlement_export
2026-07-20 10:00:00,2026/7/20 23:59:59 CT,2027-09-15,350-375,,,,,0.00,"{""325-350"": 0.0, ""350-375"": 0.0, ""375-400"": 0.0, ""400-425"": 0.0, ""425-450"": 0.0, ""450-475"": 0.0, ""475-500"": 0.0}",0.00,0.00,0.00,0.00,0.00,0.00,0.00,2026-07-20,,settlement_export
2026-07-20 10:00:00,2026/7/20 23:59:59 CT,2027-10-27,350-375,,,,,0.00,"{""325-350"": 0.0, ""350-375"": 0.0, ""375-400"": 0.0, ""400-425"": 0.0, ""425-450"": 0.0, ""450-475"": 0.0, ""475-500"": 0.0}",0.00,0.00,0.00,0.00,0.00,0.00,0.00,2026-07-20,,settlement_export
2026-07-20 10:00:00,2026/7/20 23:59:59 CT,2027-12-08,350-375,,,,,0.00,"{""325-350"": 0.0, ""350-375"": 0.0, ""375-400"": 0.0, ""400-425"": 0.0, ""425-450"": 0.0, ""450-475"": 0.0, ""475-500"": 0.0}",0.00,0.00,0.00,0.00,0.00,0.00,0.00,2026-07-20,,settlement_export
2026-07-21 10:00:00,2026/7/21 23:59:59 CT,2026-09-16,350-375,,,,375-400,54.49,"{""325-350"": 0.0, ""350-375"": 0.303221, ""375-400"": 0.544864, ""400-425"": 0.151915, ""425-450"": 0.0, ""450-475"": 0.0, ""475-500"": 0.0}",0.00,30.32,54.49,15.19,0.00,0.00,0.00,2026-07-21,,settlement_export
2026-07-21 10:00:00,2026/7/21 23:59:59 CT,2026-10-28,350-375,,,,375-400,47.53,"{""325-350"": 0.0, ""350-375"": 0.215936, ""375-400"": 0.475305, ""400-425"": 0.265028, ""425-450"": 0.04373, ""450-475"": 0.0, ""475-500"": 0.0}",0.00,21.59,47.53,26.50,4.37,0.00,0.00,2026-07-21,,settlement_export
2026-07-21 10:00:00,2026/7/21 23:59:59 CT,2026-12-09,350-375,,,,375-400,37.25,"{""325-350"": 0.0, ""350-375"": 0.130362, ""375-400"": 0.372518, ""400-425"": 0.34836, ""425-450"": 0.13143, ""450-475"": 0.01733, ""475-500"": 0.0}",0.00,13.04,37.25,34.84,13.14,1.73,0.00,2026-07-21,,settlement_export
2026-07-21 10:00:00,2026/7/21 23:59:59 CT,2027-01-27,350-375,,,,400-425,35.28,"{""325-350"": 0.0, ""350-375"": 0.106414, ""375-400"": 0.328033, ""400-425"": 0.352798, ""425-450"": 0.171281, ""450-475"": 0.038291, ""475-500"": 0.003184}",0.00,10.64,32.80,35.28,17.13,3.83,0.32,2026-07-21,,settlement_export
2026-07-21 10:00:00,2026/7/21 23:59:59 CT,2027-03-17,350-375,,,,400-425,34.70,"{""325-350"": 0.0, ""350-375"": 0.081483, ""375-400"": 0.276111, ""400-425"": 0.346996, ""425-450"": 0.213808, ""450-475"": 0.069448, ""475-500"": 0.011409}",0.00,8.15,27.61,34.70,21.38,6.94,1.14,2026-07-21,,settlement_export
2026-07-21 10:00:00,2026/7/21 23:59:59 CT,2027-04-28,350-375,,,,400-425,34.09,"{""325-350"": 0.0, ""350-375"": 0.074498, ""375-400"": 0.259429, ""400-425"": 0.34092, ""425-450"": 0.225224, ""450-475"": 0.081822, ""475-500"": 0.016383}",0.00,7.45,25.94,34.09,22.52,8.18,1.64,2026-07-21,,settlement_export
2026-07-21 10:00:00,2026/7/21 23:59:59 CT,2027-06-09,350-375,,,,400-425,33.70,"{""325-350"": 0.002501, ""350-375"": 0.080707, ""375-400"": 0.262164, ""400-425"": 0.337036, ""425-450"": 0.22041, ""450-475"": 0.079625, ""475-500"": 0.015889}",0.25,8.07,26.22,33.70,22.04,7.96,1.59,2026-07-21,,settlement_export
2026-07-21 10:00:00,2026/7/21 23:59:59 CT,2027-07-28,350-375,,,,400-425,32.93,"{""325-350"": 0.007696, ""350-375"": 0.092761, ""375-400"": 0.267138, ""400-425"": 0.329289, ""425-450"": 0.211057, ""450-475"": 0.075391, ""475-500"": 0.01494}",0.77,9.28,26.71,32.93,21.11,7.54,1.49,2026-07-21,,settlement_export
2026-07-21 10:00:00,2026/7/21 23:59:59 CT,2027-09-15,350-375,,,,,0.00,"{""325-350"": 0.0, ""350-375"": 0.0, ""375-400"": 0.0, ""400-425"": 0.0, ""425-450"": 0.0, ""450-475"": 0.0, ""475-500"": 0.0}",0.00,0.00,0.00,0.00,0.00,0.00,0.00,2026-07-21,,settlement_export
2026-07-21 10:00:00,2026/7/21 23:59:59 CT,2027-10-27,350-375,,,,,0.00,"{""325-350"": 0.0, ""350-375"": 0.0, ""375-400"": 0.0, ""400-425"": 0.0, ""425-450"": 0.0, ""450-475"": 0.0, ""475-500"": 0.0}",0.00,0.00,0.00,0.00,0.00,0.00,0.00,2026-07-21,,settlement_export
2026-07-21 10:00:00,2026/7/21 23:59:59 CT,2027-12-08,350-375,,,,,0.00,"{""325-350"": 0.0, ""350-375"": 0.0, ""375-400"": 0.0, ""400-425"": 0.0, ""425-450"": 0.0, ""450-475"": 0.0, ""475-500"": 0.0}",0.00,0.00,0.00,0.00,0.00,0.00,0.00,2026-07-21,,settlement_export
2026-07-22 10:00:00,2026/7/22 23:59:59 CT,2026-09-16,350-375,,,,375-400,54.81,"{""325-350"": 0.0, ""350-375"": 0.228866, ""375-400"": 0.548056, ""400-425"": 0.223078, ""425-450"": 0.0, ""450-475"": 0.0, ""475-500"": 0.0}",0.00,22.89,54.81,22.31,0.00,0.00,0.00,2026-07-22,,settlement_export
2026-07-22 10:00:00,2026/7/22 23:59:59 CT,2026-10-28,350-375,,,,375-400,45.62,"{""325-350"": 0.0, ""350-375"": 0.162985, ""375-400"": 0.456175, ""400-425"": 0.316625, ""425-450"": 0.064215, ""450-475"": 0.0, ""475-500"": 0.0}",0.00,16.30,45.62,31.66,6.42,0.00,0.00,2026-07-22,,settlement_export
2026-07-22 10:00:00,2026/7/22 23:59:59 CT,2026-12-09,350-375,,,,400-425,37.19,"{""325-350"": 0.0, ""350-375"": 0.098395, ""375-400"": 0.339985, ""400-425"": 0.371928, ""425-450"": 0.164244, ""450-475"": 0.025448, ""475-500"": 0.0}",0.00,9.84,34.00,37.19,16.42,2.54,0.00,2026-07-22,,settlement_export
2026-07-22 10:00:00,2026/7/22 23:59:59 CT,2027-01-27,350-375,,,,400-425,36.61,"{""325-350"": 0.0, ""350-375"": 0.080319, ""375-400"": 0.295604, ""400-425"": 0.36606, ""425-450"": 0.202396, ""450-475"": 0.050945, ""475-500"": 0.004675}",0.00,8.03,29.56,36.61,20.24,5.09,0.47,2026-07-22,,settlement_export
2026-07-22 10:00:00,2026/7/22 23:59:59 CT,2027-03-17,350-375,,,,400-425,34.96,"{""325-350"": 0.0, ""350-375"": 0.061502, ""375-400"": 0.245166, ""400-425"": 0.349553, ""425-450"": 0.24074, ""450-475"": 0.086428, ""475-500"": 0.015515}",0.00,6.15,24.52,34.96,24.07,8.64,1.55,2026-07-22,,settlement_export
2026-07-22 10:00:00,2026/7/22 23:59:59 CT,2027-04-28,350-375,,,,400-425,34.06,"{""325-350"": 0.0, ""350-375"": 0.05623, ""375-400"": 0.229423, ""400-425"": 0.340606, ""425-450"": 0.250067, ""450-475"": 0.099655, ""475-500"": 0.021594}",0.00,5.62,22.94,34.06,25.01,9.97,2.16,2026-07-22,,settlement_export
2026-07-22 10:00:00,2026/7/22 23:59:59 CT,2027-06-09,350-375,,,,400-425,33.94,"{""325-350"": 0.000763, ""350-375"": 0.058581, ""375-400"": 0.230932, ""400-425"": 0.339377, ""425-450"": 0.248026, ""450-475"": 0.098595, ""475-500"": 0.021332}",0.08,5.86,23.09,33.94,24.80,9.86,2.13,2026-07-22,,settlement_export
2026-07-22 10:00:00,2026/7/22 23:59:59 CT,2027-07-28,350-375,,,,400-425,33.33,"{""325-350"": 0.004604, ""350-375"": 0.07003, ""375-400"": 0.238136, ""400-425"": 0.333309, ""425-450"": 0.238099, ""450-475"": 0.093463, ""475-500"": 0.020068}",0.46,7.00,23.81,33.33,23.81,9.35,2.01,2026-07-22,,settlement_export
2026-07-22 10:00:00,2026/7/22 23:59:59 CT,2027-09-15,350-375,,,,,0.00,"{""325-350"": 0.0, ""350-375"": 0.0, ""375-400"": 0.0, ""400-425"": 0.0, ""425-450"": 0.0, ""450-475"": 0.0, ""475-500"": 0.0}",0.00,0.00,0.00,0.00,0.00,0.00,0.00,2026-07-22,,settlement_export
2026-07-22 10:00:00,2026/7/22 23:59:59 CT,2027-10-27,350-375,,,,,0.00,"{""325-350"": 0.0, ""350-375"": 0.0, ""375-400"": 0.0, ""400-425"": 0.0, ""425-450"": 0.0, ""450-475"": 0.0, ""475-500"": 0.0}",0.00,0.00,0.00,0.00,0.00,0.00,0.00,2026-07-22,,settlement_export
2026-07-22 10:00:00,2026/7/22 23:59:59 CT,2027-12-08,350-375,,,,,0.00,"{""325-350"": 0.0, ""350-375"": 0.0, ""375-400"": 0.0, ""400-425"": 0.0, ""425-450"": 0.0, ""450-475"": 0.0, ""475-500"": 0.0}",0.00,0.00,0.00,0.00,0.00,0.00,0.00,2026-07-22,,settlement_export
2026-07-23 10:00:00,2026/7/23 23:59:59 CT,2026-09-16,350-375,,,,375-400,57.26,"{""325-350"": 0.0, ""350-375"": 0.177641, ""375-400"": 0.572648, ""400-425"": 0.24971, ""425-450"": 0.0, ""450-475"": 0.0, ""475-500"": 0.0}",0.00,17.76,57.26,24.97,0.00,0.00,0.00,2026-07-23,,settlement_export
2026-07-23 10:00:00,2026/7/23 23:59:59 CT,2026-10-28,350-375,,,,375-400,45.02,"{""325-350"": 0.0, ""350-375"": 0.122573, ""375-400"": 0.450196, ""400-425"": 0.349821, ""425-450"": 0.07741, ""450-475"": 0.0, ""475-500"": 0.0}",0.00,12.26,45.02,34.98,7.74,0.00,0.00,2026-07-23,,settlement_export
2026-07-23 10:00:00,2026/7/23 23:59:59 CT,2026-12-09,350-375,,,,400-425,39.13,"{""325-350"": 0.0, ""350-375"": 0.071909, ""375-400"": 0.314778, ""400-425"": 0.391309, ""425-450"": 0.190007, ""450-475"": 0.031996, ""475-500"": 0.0}",0.00,7.19,31.48,39.13,19.00,3.20,0.00,2026-07-23,,settlement_export
2026-07-23 10:00:00,2026/7/23 23:59:59 CT,2027-01-27,350-375,,,,400-425,37.55,"{""325-350"": 0.0, ""350-375"": 0.057048, ""375-400"": 0.264585, ""400-425"": 0.375493, ""425-450"": 0.231609, ""450-475"": 0.064652, ""475-500"": 0.006613}",0.00,5.70,26.46,37.55,23.16,6.47,0.66,2026-07-23,,settlement_export
2026-07-23 10:00:00,2026/7/23 23:59:59 CT,2027-03-17,350-375,,,,400-425,34.54,"{""325-350"": 0.0, ""350-375"": 0.041564, ""375-400"": 0.208254, ""400-425"": 0.34539, ""425-450"": 0.270663, ""450-475"": 0.109969, ""475-500"": 0.022366}",0.00,4.16,20.83,34.54,27.07,11.00,2.24,2026-07-23,,settlement_export
2026-07-23 10:00:00,2026/7/23 23:59:59 CT,2027-04-28,350-375,,,,400-425,32.78,"{""325-350"": 0.0, ""350-375"": 0.03622, ""375-400"": 0.186822, ""400-425"": 0.327758, ""425-450"": 0.280271, ""450-475"": 0.13063, ""475-500"": 0.033629}",0.00,3.62,18.68,32.78,28.03,13.06,3.36,2026-07-23,,settlement_export
2026-07-23 10:00:00,2026/7/23 23:59:59 CT,2027-06-09,350-375,,,,400-425,32.46,"{""325-350"": 0.0, ""350-375"": 0.035418, ""375-400"": 0.183487, ""400-425"": 0.324637, ""425-450"": 0.281323, ""450-475"": 0.133943, ""475-500"": 0.035777}",0.00,3.54,18.35,32.46,28.13,13.39,3.58,2026-07-23,,settlement_export
2026-07-23 10:00:00,2026/7/23 23:59:59 CT,2027-07-28,350-375,,,,400-425,32.37,"{""325-350"": 0.000784, ""350-375"": 0.038696, ""375-400"": 0.186613, ""400-425"": 0.323678, ""425-450"": 0.278059, ""450-475"": 0.131769, ""475-500"": 0.035098}",0.08,3.87,18.66,32.37,27.81,13.18,3.51,2026-07-23,,settlement_export
2026-07-23 10:00:00,2026/7/23 23:59:59 CT,2027-09-15,350-375,,,,,0.00,"{""325-350"": 0.0, ""350-375"": 0.0, ""375-400"": 0.0, ""400-425"": 0.0, ""425-450"": 0.0, ""450-475"": 0.0, ""475-500"": 0.0}",0.00,0.00,0.00,0.00,0.00,0.00,0.00,2026-07-23,,settlement_export
2026-07-23 10:00:00,2026/7/23 23:59:59 CT,2027-10-27,350-375,,,,,0.00,"{""325-350"": 0.0, ""350-375"": 0.0, ""375-400"": 0.0, ""400-425"": 0.0, ""425-450"": 0.0, ""450-475"": 0.0, ""475-500"": 0.0}",0.00,0.00,0.00,0.00,0.00,0.00,0.00,2026-07-23,,settlement_export
2026-07-23 10:00:00,2026/7/23 23:59:59 CT,2027-12-08,350-375,,,,,0.00,"{""325-350"": 0.0, ""350-375"": 0.0, ""375-400"": 0.0, ""400-425"": 0.0, ""425-450"": 0.0, ""450-475"": 0.0, ""475-500"": 0.0}",0.00,0.00,0.00,0.00,0.00,0.00,0.00,2026-07-23,,settlement_export
2026-07-24 10:00:00,2026/7/24 23:59:59 CT,2026-09-16,350-375,,,,375-400,55.34,"{""325-350"": 0.0, ""350-375"": 0.180159, ""375-400"": 0.553401, ""400-425"": 0.26644, ""425-450"": 0.0, ""450-475"": 0.0, ""475-500"": 0.0}",0.00,18.02,55.34,26.64,0.00,0.00,0.00,2026-07-24,,settlement_export
2026-07-24 10:00:00,2026/7/24 23:59:59 CT,2026-10-28,350-375,,,,375-400,44.60,"{""325-350"": 0.0, ""350-375"": 0.128299, ""375-400"": 0.445961, ""400-425"": 0.349044, ""425-450"": 0.076697, ""450-475"": 0.0, ""475-500"": 0.0}",0.00,12.83,44.60,34.90,7.67,0.00,0.00,2026-07-24,,settlement_export
2026-07-24 10:00:00,2026/7/24 23:59:59 CT,2026-12-09,350-375,,,,400-425,38.75,"{""325-350"": 0.0, ""350-375"": 0.077454, ""375-400"": 0.320073, ""400-425"": 0.387452, ""425-450"": 0.184627, ""450-475"": 0.030395, ""475-500"": 0.0}",0.00,7.75,32.01,38.75,18.46,3.04,0.00,2026-07-24,,settlement_export
2026-07-24 10:00:00,2026/7/24 23:59:59 CT,2027-01-27,350-375,,,,400-425,37.51,"{""325-350"": 0.0, ""350-375"": 0.063226, ""375-400"": 0.275503, ""400-425"": 0.375074, ""425-450"": 0.221886, ""450-475"": 0.058728, ""475-500"": 0.005584}",0.00,6.32,27.55,37.51,22.19,5.87,0.56,2026-07-24,,settlement_export
2026-07-24 10:00:00,2026/7/24 23:59:59 CT,2027-03-17,350-375,,,,400-425,34.99,"{""325-350"": 0.0, ""350-375"": 0.047239, ""375-400"": 0.221827, ""400-425"": 0.349897, ""425-450"": 0.260621, ""450-475"": 0.099983, ""475-500"": 0.019021}",0.00,4.72,22.18,34.99,26.06,10.00,1.90,2026-07-24,,settlement_export
2026-07-24 10:00:00,2026/7/24 23:59:59 CT,2027-04-28,350-375,,,,400-425,33.62,"{""325-350"": 0.0, ""350-375"": 0.042177, ""375-400"": 0.203121, ""400-425"": 0.336175, ""425-450"": 0.270186, ""450-475"": 0.117195, ""475-500"": 0.027696}",0.00,4.22,20.31,33.62,27.02,11.72,2.77,2026-07-24,,settlement_export
2026-07-24 10:00:00,2026/7/24 23:59:59 CT,2027-06-09,350-375,,,,400-425,33.51,"{""325-350"": 0.000663, ""350-375"": 0.044707, ""375-400"": 0.205212, ""400-425"": 0.335138, ""425-450"": 0.267782, ""450-475"": 0.115788, ""475-500"": 0.027313}",0.07,4.47,20.52,33.51,26.78,11.58,2.73,2026-07-24,,settlement_export
2026-07-24 10:00:00,2026/7/24 23:59:59 CT,2027-07-28,350-375,,,,400-425,33.22,"{""325-350"": 0.002613, ""350-375"": 0.051815, ""375-400"": 0.210966, ""400-425"": 0.332155, ""425-450"": 0.261051, ""450-475"": 0.11187, ""475-500"": 0.026247}",0.26,5.18,21.10,33.22,26.11,11.19,2.62,2026-07-24,,settlement_export
2026-07-24 10:00:00,2026/7/24 23:59:59 CT,2027-09-15,350-375,,,,,0.00,"{""325-350"": 0.0, ""350-375"": 0.0, ""375-400"": 0.0, ""400-425"": 0.0, ""425-450"": 0.0, ""450-475"": 0.0, ""475-500"": 0.0}",0.00,0.00,0.00,0.00,0.00,0.00,0.00,2026-07-24,,settlement_export
2026-07-24 10:00:00,2026/7/24 23:59:59 CT,2027-10-27,350-375,,,,,0.00,"{""325-350"": 0.0, ""350-375"": 0.0, ""375-400"": 0.0, ""400-425"": 0.0, ""425-450"": 0.0, ""450-475"": 0.0, ""475-500"": 0.0}",0.00,0.00,0.00,0.00,0.00,0.00,0.00,2026-07-24,,settlement_export
2026-07-24 10:00:00,2026/7/24 23:59:59 CT,2027-12-08,350-375,,,,,0.00,"{""325-350"": 0.0, ""350-375"": 0.0, ""375-400"": 0.0, ""400-425"": 0.0, ""425-450"": 0.0, ""450-475"": 0.0, ""475-500"": 0.0}",0.00,0.00,0.00,0.00,0.00,0.00,0.00,2026-07-24,,settlement_export
2026-07-27 10:00:00,2026/7/27 23:59:59 CT,2026-09-16,350-375,,,,375-400,55.74,"{""325-350"": 0.0, ""350-375"": 0.1846, ""375-400"": 0.557352, ""400-425"": 0.258048, ""425-450"": 0.0, ""450-475"": 0.0, ""475-500"": 0.0}",0.00,18.46,55.74,25.80,0.00,0.00,0.00,2026-07-27,,settlement_export
2026-07-27 10:00:00,2026/7/27 23:59:59 CT,2026-10-28,350-375,,,,375-400,44.18,"{""325-350"": 0.0, ""350-375"": 0.127374, ""375-400"": 0.441799, ""400-425"": 0.350832, ""425-450"": 0.079995, ""450-475"": 0.0, ""475-500"": 0.0}",0.00,12.74,44.18,35.08,8.00,0.00,0.00,2026-07-27,,settlement_export
2026-07-27 10:00:00,2026/7/27 23:59:59 CT,2026-12-09,350-375,,,,400-425,38.32,"{""325-350"": 0.0, ""350-375"": 0.081991, ""375-400"": 0.32977, ""400-425"": 0.383243, ""425-450"": 0.176493, ""450-475"": 0.028502, ""475-500"": 0.0}",0.00,8.20,32.98,38.32,17.65,2.85,0.00,2026-07-27,,settlement_export
2026-07-27 10:00:00,2026/7/27 23:59:59 CT,2027-01-27,350-375,,,,400-425,37.34,"{""325-350"": 0.0, ""350-375"": 0.066929, ""375-400"": 0.284252, ""400-425"": 0.37342, ""425-450"": 0.214474, ""450-475"": 0.055688, ""475-500"": 0.005236}",0.00,6.69,28.43,37.34,21.45,5.57,0.52,2026-07-27,,settlement_export
2026-07-27 10:00:00,2026/7/27 23:59:59 CT,2027-03-17,350-375,,,,400-425,35.43,"{""325-350"": 0.0, ""350-375"": 0.052587, ""375-400"": 0.237683, ""400-425"": 0.354313, ""425-450"": 0.248534, ""450-475"": 0.089714, ""475-500"": 0.016047}",0.00,5.26,23.77,35.43,24.85,8.97,1.60,2026-07-27,,settlement_export
2026-07-27 10:00:00,2026/7/27 23:59:59 CT,2027-04-28,350-375,,,,400-425,34.43,"{""325-350"": 0.0, ""350-375"": 0.04808, ""375-400"": 0.221818, ""400-425"": 0.344316, ""425-450"": 0.257601, ""450-475"": 0.103327, ""475-500"": 0.022361}",0.00,4.81,22.18,34.43,25.76,10.33,2.24,2026-07-27,,settlement_export
2026-07-27 10:00:00,2026/7/27 23:59:59 CT,2027-06-09,350-375,,,,400-425,34.30,"{""325-350"": 0.000756, ""350-375"": 0.05081, ""375-400"": 0.223743, ""400-425"": 0.342953, ""425-450"": 0.255176, ""450-475"": 0.102055, ""475-500"": 0.022048}",0.08,5.08,22.37,34.30,25.52,10.21,2.20,2026-07-27,,settlement_export
2026-07-27 10:00:00,2026/7/27 23:59:59 CT,2027-07-28,350-375,,,,400-425,33.91,"{""325-350"": 0.002972, ""350-375"": 0.058468, ""375-400"": 0.229022, ""400-425"": 0.339066, ""425-450"": 0.248395, ""450-475"": 0.098512, ""475-500"": 0.021176}",0.30,5.85,22.90,33.91,24.84,9.85,2.12,2026-07-27,,settlement_export
2026-07-27 10:00:00,2026/7/27 23:59:59 CT,2027-09-15,350-375,,,,,0.00,"{""325-350"": 0.0, ""350-375"": 0.0, ""375-400"": 0.0, ""400-425"": 0.0, ""425-450"": 0.0, ""450-475"": 0.0, ""475-500"": 0.0}",0.00,0.00,0.00,0.00,0.00,0.00,0.00,2026-07-27,,settlement_export
2026-07-27 10:00:00,2026/7/27 23:59:59 CT,2027-10-27,350-375,,,,,0.00,"{""325-350"": 0.0, ""350-375"": 0.0, ""375-400"": 0.0, ""400-425"": 0.0, ""425-450"": 0.0, ""450-475"": 0.0, ""475-500"": 0.0}",0.00,0.00,0.00,0.00,0.00,0.00,0.00,2026-07-27,,settlement_export
2026-07-27 10:00:00,2026/7/27 23:59:59 CT,2027-12-08,350-375,,,,,0.00,"{""325-350"": 0.0, ""350-375"": 0.0, ""375-400"": 0.0, ""400-425"": 0.0, ""425-450"": 0.0, ""450-475"": 0.0, ""475-500"": 0.0}",0.00,0.00,0.00,0.00,0.00,0.00,0.00,2026-07-27,,settlement_export
2026-07-28 10:00:00,2026/7/28 23:59:59 CT,2026-09-16,350-375,,,,375-400,55.78,"{""325-350"": 0.0, ""350-375"": 0.240021, ""375-400"": 0.557814, ""400-425"": 0.202164, ""425-450"": 0.0, ""450-475"": 0.0, ""475-500"": 0.0}",0.00,24.00,55.78,20.22,0.00,0.00,0.00,2026-07-28,,settlement_export
2026-07-28 10:00:00,2026/7/28 23:59:59 CT,2026-10-28,350-375,,,,375-400,46.63,"{""325-350"": 0.0, ""350-375"": 0.17093, ""375-400"": 0.466335, ""400-425"": 0.304541, ""425-450"": 0.058194, ""450-475"": 0.0, ""475-500"": 0.0}",0.00,17.09,46.63,30.45,5.82,0.00,0.00,2026-07-28,,settlement_export
2026-07-28 10:00:00,2026/7/28 23:59:59 CT,2026-12-09,350-375,,,,400-425,36.27,"{""325-350"": 0.0, ""350-375"": 0.109522, ""375-400"": 0.360208, ""400-425"": 0.362667, ""425-450"": 0.146697, ""450-475"": 0.020907, ""475-500"": 0.0}",0.00,10.95,36.02,36.27,14.67,2.09,0.00,2026-07-28,,settlement_export
2026-07-28 10:00:00,2026/7/28 23:59:59 CT,2027-01-27,350-375,,,,400-425,36.23,"{""325-350"": 0.0, ""350-375"": 0.091917, ""375-400"": 0.319913, ""400-425"": 0.362272, ""425-450"": 0.181412, ""450-475"": 0.041126, ""475-500"": 0.003361}",0.00,9.19,31.99,36.23,18.14,4.11,0.34,2026-07-28,,settlement_export
2026-07-28 10:00:00,2026/7/28 23:59:59 CT,2027-03-17,350-375,,,,400-425,35.40,"{""325-350"": 0.0, ""350-375"": 0.074059, ""375-400"": 0.275616, ""400-425"": 0.354042, ""425-450"": 0.21655, ""450-475"": 0.068382, ""475-500"": 0.010698}",0.00,7.41,27.56,35.40,21.65,6.84,1.07,2026-07-28,,settlement_export
2026-07-28 10:00:00,2026/7/28 23:59:59 CT,2027-04-28,350-375,,,,400-425,34.73,"{""325-350"": 0.0, ""350-375"": 0.067711, ""375-400"": 0.25834, ""400-425"": 0.34732, ""425-450"": 0.228335, ""450-475"": 0.081082, ""475-500"": 0.015642}",0.00,6.77,25.83,34.73,22.83,8.11,1.56,2026-07-28,,settlement_export
2026-07-28 10:00:00,2026/7/28 23:59:59 CT,2027-06-09,350-375,,,,400-425,34.54,"{""325-350"": 0.001064, ""350-375"": 0.070707, ""375-400"": 0.259738, ""400-425"": 0.34545, ""425-450"": 0.226021, ""450-475"": 0.080054, ""475-500"": 0.01542}",0.11,7.07,25.97,34.54,22.60,8.01,1.54,2026-07-28,,settlement_export
2026-07-28 10:00:00,2026/7/28 23:59:59 CT,2027-07-28,350-375,,,,400-425,34.02,"{""325-350"": 0.004148, ""350-375"": 0.079078, ""375-400"": 0.263534, ""400-425"": 0.340161, ""425-450"": 0.219557, ""450-475"": 0.077191, ""475-500"": 0.014803}",0.41,7.91,26.35,34.02,21.96,7.72,1.48,2026-07-28,,settlement_export
2026-07-28 10:00:00,2026/7/28 23:59:59 CT,2027-09-15,350-375,,,,,0.00,"{""325-350"": 0.0, ""350-375"": 0.0, ""375-400"": 0.0, ""400-425"": 0.0, ""425-450"": 0.0, ""450-475"": 0.0, ""475-500"": 0.0}",0.00,0.00,0.00,0.00,0.00,0.00,0.00,2026-07-28,,settlement_export
2026-07-28 10:00:00,2026/7/28 23:59:59 CT,2027-10-27,350-375,,,,,0.00,"{""325-350"": 0.0, ""350-375"": 0.0, ""375-400"": 0.0, ""400-425"": 0.0, ""425-450"": 0.0, ""450-475"": 0.0, ""475-500"": 0.0}",0.00,0.00,0.00,0.00,0.00,0.00,0.00,2026-07-28,,settlement_export
2026-07-28 10:00:00,2026/7/28 23:59:59 CT,2027-12-08,350-375,,,,,0.00,"{""325-350"": 0.0, ""350-375"": 0.0, ""375-400"": 0.0, ""400-425"": 0.0, ""425-450"": 0.0, ""450-475"": 0.0, ""475-500"": 0.0}",0.00,0.00,0.00,0.00,0.00,0.00,0.00,2026-07-28,,settlement_export
2026-07-29 10:00:00,2026/7/29 23:59:59 CT,2026-09-16,350-375,,,,375-400,57.11,"{""325-350"": 0.0, ""350-375"": 0.416613, ""375-400"": 0.571109, ""400-425"": 0.012278, ""425-450"": 0.0, ""450-475"": 0.0, ""475-500"": 0.0}",0.00,41.66,57.11,1.23,0.00,0.00,0.00,2026-07-29,,settlement_export
2026-07-29 10:00:00,2026/7/29 23:59:59 CT,2026-10-28,350-375,,,,375-400,53.01,"{""325-350"": 0.0, ""350-375"": 0.305913, ""375-400"": 0.530057, ""400-425"": 0.160767, ""425-450"": 0.003262, ""450-475"": 0.0, ""475-500"": 0.0}",0.00,30.59,53.01,16.08,0.33,0.00,0.00,2026-07-29,,settlement_export
2026-07-29 10:00:00,2026/7/29 23:59:59 CT,2026-12-09,350-375,,,,375-400,43.74,"{""325-350"": 0.0, ""350-375"": 0.179469, ""375-400"": 0.437411, ""400-425"": 0.313407, ""425-450"": 0.068364, ""450-475"": 0.001348, ""475-500"": 0.0}",0.00,17.95,43.74,31.34,6.84,0.13,0.00,2026-07-29,,settlement_export
2026-07-29 10:00:00,2026/7/29 23:59:59 CT,2027-01-27,350-375,,,,375-400,38.41,"{""325-350"": 0.0, ""350-375"": 0.142379, ""375-400"": 0.384103, ""400-425"": 0.339035, ""425-450"": 0.119007, ""450-475"": 0.015198, ""475-500"": 0.000279}",0.00,14.24,38.41,33.90,11.90,1.52,0.03,2026-07-29,,settlement_export
2026-07-29 10:00:00,2026/7/29 23:59:59 CT,2027-03-17,350-375,,,,400-425,35.13,"{""325-350"": 0.0, ""350-375"": 0.103733, ""375-400"": 0.318492, ""400-425"": 0.351268, ""425-450"": 0.178729, ""450-475"": 0.043375, ""475-500"": 0.004328}",0.00,10.37,31.85,35.13,17.87,4.34,0.43,2026-07-29,,settlement_export
2026-07-29 10:00:00,2026/7/29 23:59:59 CT,2027-04-28,350-375,,,,400-425,34.71,"{""325-350"": 0.0, ""350-375"": 0.090396, ""375-400"": 0.29088, ""400-425"": 0.347054, ""425-450"": 0.200912, ""450-475"": 0.060778, ""475-500"": 0.009349}",0.00,9.04,29.09,34.71,20.09,6.08,0.93,2026-07-29,,settlement_export
2026-07-29 10:00:00,2026/7/29 23:59:59 CT,2027-06-09,350-375,,,,400-425,34.57,"{""325-350"": 0.0, ""350-375"": 0.088201, ""375-400"": 0.286011, ""400-425"": 0.345689, ""425-450"": 0.204461, ""450-475"": 0.064181, ""475-500"": 0.010598}",0.00,8.82,28.60,34.57,20.45,6.42,1.06,2026-07-29,,settlement_export
2026-07-29 10:00:00,2026/7/29 23:59:59 CT,2027-07-28,350-375,,,,400-425,33.94,"{""325-350"": 0.003906, ""350-375"": 0.096961, ""375-400"": 0.288654, ""400-425"": 0.339435, ""425-450"": 0.198249, ""450-475"": 0.061808, ""475-500"": 0.010165}",0.39,9.70,28.87,33.94,19.82,6.18,1.02,2026-07-29,,settlement_export
2026-07-29 10:00:00,2026/7/29 23:59:59 CT,2027-09-15,350-375,,,,,0.00,"{""325-350"": 0.0, ""350-375"": 0.0, ""375-400"": 0.0, ""400-425"": 0.0, ""425-450"": 0.0, ""450-475"": 0.0, ""475-500"": 0.0}",0.00,0.00,0.00,0.00,0.00,0.00,0.00,2026-07-29,,settlement_export
2026-07-29 10:00:00,2026/7/29 23:59:59 CT,2027-10-27,350-375,,,,,0.00,"{""325-350"": 0.0, ""350-375"": 0.0, ""375-400"": 0.0, ""400-425"": 0.0, ""425-450"": 0.0, ""450-475"": 0.0, ""475-500"": 0.0}",0.00,0.00,0.00,0.00,0.00,0.00,0.00,2026-07-29,,settlement_export
2026-07-29 10:00:00,2026/7/29 23:59:59 CT,2027-12-08,350-375,,,,,0.00,"{""325-350"": 0.0, ""350-375"": 0.0, ""375-400"": 0.0, ""400-425"": 0.0, ""425-450"": 0.0, ""450-475"": 0.0, ""475-500"": 0.0}",0.00,0.00,0.00,0.00,0.00,0.00,0.00,2026-07-29,,settlement_export
2026-07-30 10:00:00,2026/7/30 23:59:59 CT,2026-09-16,350-375,,,,375-400,63.43,"{""325-350"": 0.0, ""350-375"": 0.365714, ""375-400"": 0.634286, ""400-425"": 0.0, ""425-450"": 0.0, ""450-475"": 0.0, ""475-500"": 0.0}",0.00,36.57,63.43,0.00,0.00,0.00,0.00,2026-07-30,,settlement_export
2026-07-30 10:00:00,2026/7/30 23:59:59 CT,2026-10-28,350-375,,,,375-400,56.29,"{""325-350"": 0.0, ""350-375"": 0.268539, ""375-400"": 0.562922, ""400-425"": 0.168539, ""425-450"": 0.0, ""450-475"": 0.0, ""475-500"": 0.0}",0.00,26.85,56.29,16.85,0.00,0.00,0.00,2026-07-30,,settlement_export
2026-07-30 10:00:00,2026/7/30 23:59:59 CT,2026-12-09,350-375,,,,375-400,45.21,"{""325-350"": 0.0, ""350-375"": 0.167489, ""375-400"": 0.452147, ""400-425"": 0.316944, ""425-450"": 0.063421, ""450-475"": 0.0, ""475-500"": 0.0}",0.00,16.75,45.21,31.69,6.34,0.00,0.00,2026-07-30,,settlement_export
2026-07-30 10:00:00,2026/7/30 23:59:59 CT,2027-01-27,350-375,,,,375-400,39.99,"{""325-350"": 0.0, ""350-375"": 0.13672, ""375-400"": 0.399854, ""400-425"": 0.341781, ""425-450"": 0.109994, ""450-475"": 0.011651, ""475-500"": 0.0}",0.00,13.67,39.99,34.18,11.00,1.17,0.00,2026-07-30,,settlement_export
2026-07-30 10:00:00,2026/7/30 23:59:59 CT,2027-03-17,350-375,,,,400-425,35.65,"{""325-350"": 0.0, ""350-375"": 0.10215, ""375-400"": 0.333319, ""400-425"": 0.356465, ""425-450"": 0.168603, ""450-475"": 0.036517, ""475-500"": 0.002946}",0.00,10.21,33.33,35.65,16.86,3.65,0.29,2026-07-30,,settlement_export
2026-07-30 10:00:00,2026/7/30 23:59:59 CT,2027-04-28,350-375,,,,400-425,35.40,"{""325-350"": 0.0, ""350-375"": 0.091205, ""375-400"": 0.308551, ""400-425"": 0.353985, ""425-450"": 0.188731, ""450-475"": 0.050669, ""475-500"": 0.006543}",0.00,9.12,30.86,35.40,18.87,5.07,0.65,2026-07-30,,settlement_export
2026-07-30 10:00:00,2026/7/30 23:59:59 CT,2027-06-09,350-375,,,,400-425,35.29,"{""325-350"": 0.0, ""350-375"": 0.08899, ""375-400"": 0.303272, ""400-425"": 0.352882, ""425-450"": 0.192744, ""450-475"": 0.054022, ""475-500"": 0.007615}",0.00,8.90,30.33,35.29,19.27,5.40,0.76,2026-07-30,,settlement_export
2026-07-30 10:00:00,2026/7/30 23:59:59 CT,2027-07-28,350-375,,,,400-425,34.58,"{""325-350"": 0.003941, ""350-375"": 0.09848, ""375-400"": 0.305469, ""400-425"": 0.34579, ""425-450"": 0.186601, ""450-475"": 0.051967, ""475-500"": 0.007298}",0.39,9.85,30.55,34.58,18.66,5.20,0.73,2026-07-30,,settlement_export
2026-07-30 10:00:00,2026/7/30 23:59:59 CT,2027-09-15,350-375,,,,400-425,33.31,"{""325-350"": 0.011504, ""350-375"": 0.115039, ""375-400"": 0.308695, ""400-425"": 0.333055, ""425-450"": 0.17583, ""450-475"": 0.048394, ""475-500"": 0.00675}",1.15,11.50,30.87,33.31,17.58,4.84,0.68,2026-07-30,,settlement_export
2026-07-30 10:00:00,2026/7/30 23:59:59 CT,2027-10-27,350-375,,,,,0.00,"{""325-350"": 0.0, ""350-375"": 0.0, ""375-400"": 0.0, ""400-425"": 0.0, ""425-450"": 0.0, ""450-475"": 0.0, ""475-500"": 0.0}",0.00,0.00,0.00,0.00,0.00,0.00,0.00,2026-07-30,,settlement_export
2026-07-30 10:00:00,2026/7/30 23:59:59 CT,2027-12-08,350-375,,,,,0.00,"{""325-350"": 0.0, ""350-375"": 0.0, ""375-400"": 0.0, ""400-425"": 0.0, ""425-450"": 0.0, ""450-475"": 0.0, ""475-500"": 0.0}",0.00,0.00,0.00,0.00,0.00,0.00,0.00,2026-07-30,,settlement_export
2026-07-31 10:00:00,2026/7/31 23:59:59 CT,2026-09-16,350-375,,,,375-400,67.00,"{""325-350"": 0.0, ""350-375"": 0.33, ""375-400"": 0.67, ""400-425"": 0.0, ""425-450"": 0.0, ""450-475"": 0.0, ""475-500"": 0.0}",0.00,33.00,67.00,0.00,0.00,0.00,0.00,2026-07-31,,settlement_export
2026-07-31 10:00:00,2026/7/31 23:59:59 CT,2026-10-28,350-375,,,,375-400,56.46,"{""325-350"": 0.0, ""350-375"": 0.2277, ""375-400"": 0.5646, ""400-425"": 0.2077, ""425-450"": 0.0, ""450-475"": 0.0, ""475-500"": 0.0}",0.00,22.77,56.46,20.77,0.00,0.00,0.00,2026-07-31,,settlement_export
2026-07-31 10:00:00,2026/7/31 23:59:59 CT,2026-12-09,350-375,,,,375-400,40.71,"{""325-350"": 0.0, ""350-375"": 0.121271, ""375-400"": 0.40713, ""400-425"": 0.374518, ""425-450"": 0.097081, ""450-475"": 0.0, ""475-500"": 0.0}",0.00,12.13,40.71,37.45,9.71,0.00,0.00,2026-07-31,,settlement_export
2026-07-31 10:00:00,2026/7/31 23:59:59 CT,2027-01-27,350-375,,,,400-425,38.28,"{""325-350"": 0.0, ""350-375"": 0.090639, ""375-400"": 0.334925, ""400-425"": 0.382755, ""425-450"": 0.167159, ""450-475"": 0.024522, ""475-500"": 0.0}",0.00,9.06,33.49,38.28,16.72,2.45,0.00,2026-07-31,,settlement_export
2026-07-31 10:00:00,2026/7/31 23:59:59 CT,2027-03-17,350-375,,,,400-425,36.79,"{""325-350"": 0.0, ""350-375"": 0.062411, ""375-400"": 0.258847, ""400-425"": 0.36786, ""425-450"": 0.234302, ""450-475"": 0.068943, ""475-500"": 0.007637}",0.00,6.24,25.88,36.79,23.43,6.89,0.76,2026-07-31,,settlement_export
2026-07-31 10:00:00,2026/7/31 23:59:59 CT,2027-04-28,350-375,,,,400-425,35.38,"{""325-350"": 0.0, ""350-375"": 0.054387, ""375-400"": 0.233591, ""400-425"": 0.353844, ""425-450"": 0.251474, ""450-475"": 0.090204, ""475-500"": 0.015519}",0.00,5.44,23.36,35.38,25.15,9.02,1.55,2026-07-31,,settlement_export
2026-07-31 10:00:00,2026/7/31 23:59:59 CT,2027-06-09,350-375,,,,400-425,34.88,"{""325-350"": 0.0, ""350-375"": 0.052095, ""375-400"": 0.226039, ""400-425"": 0.348776, ""425-450"": 0.255788, ""450-475"": 0.097, ""475-500"": 0.018666}",0.00,5.21,22.60,34.88,25.58,9.70,1.87,2026-07-31,,settlement_export
2026-07-31 10:00:00,2026/7/31 23:59:59 CT,2027-07-28,350-375,,,,400-425,34.67,"{""325-350"": 0.001154, ""350-375"": 0.055947, ""375-400"": 0.228757, ""400-425"": 0.346717, ""425-450"": 0.252272, ""450-475"": 0.095265, ""475-500"": 0.018288}",0.12,5.59,22.88,34.67,25.23,9.53,1.83,2026-07-31,,settlement_export
2026-07-31 10:00:00,2026/7/31 23:59:59 CT,2027-09-15,350-375,,,,400-425,33.92,"{""325-350"": 0.005537, ""350-375"": 0.069772, ""375-400"": 0.238193, ""400-425"": 0.339161, ""425-450"": 0.239711, ""450-475"": 0.089107, ""475-500"": 0.01695}",0.55,6.98,23.82,33.92,23.97,8.91,1.70,2026-07-31,,settlement_export
2026-07-31 10:00:00,2026/7/31 23:59:59 CT,2027-10-27,350-375,,,,,0.00,"{""325-350"": 0.0, ""350-375"": 0.0, ""375-400"": 0.0, ""400-425"": 0.0, ""425-450"": 0.0, ""450-475"": 0.0, ""475-500"": 0.0}",0.00,0.00,0.00,0.00,0.00,0.00,0.00,2026-07-31,,settlement_export
2026-07-31 10:00:00,2026/7/31 23:59:59 CT,2027-12-08,350-375,,,,,0.00,"{""325-350"": 0.0, ""350-375"": 0.0, ""375-400"": 0.0, ""400-425"": 0.0, ""425-450"": 0.0, ""450-475"": 0.0, ""475-500"": 0.0}",0.00,0.00,0.00,0.00,0.00,0.00,0.00,2026-07-31,,settlement_export
2026-08-03 10:00:00,2026/8/3 23:59:59 CT,2026-09-16,350-375,,,,375-400,67.21,"{""325-350"": 0.0, ""350-375"": 0.327857, ""375-400"": 0.672143, ""400-425"": 0.0, ""425-450"": 0.0, ""450-475"": 0.0, ""475-500"": 0.0}",0.00,32.79,67.21,0.00,0.00,0.00,0.00,2026-08-03,,settlement_export
2026-08-03 10:00:00,2026/8/3 23:59:59 CT,2026-10-28,350-375,,,,375-400,57.30,"{""325-350"": 0.0, ""350-375"": 0.233481, ""375-400"": 0.573038, ""400-425"": 0.193481, ""425-450"": 0.0, ""450-475"": 0.0, ""475-500"": 0.0}",0.00,23.35,57.30,19.35,0.00,0.00,0.00,2026-08-03,,settlement_export
2026-08-03 10:00:00,2026/8/3 23:59:59 CT,2026-12-09,350-375,,,,375-400,42.49,"{""325-350"": 0.0, ""350-375"": 0.131614, ""375-400"": 0.42489, ""400-425"": 0.35908, ""425-450"": 0.084415, ""450-475"": 0.0, ""475-500"": 0.0}",0.00,13.16,42.49,35.91,8.44,0.00,0.00,2026-08-03,,settlement_export
2026-08-03 10:00:00,2026/8/3 23:59:59 CT,2027-01-27,350-375,,,,400-425,37.12,"{""325-350"": 0.0, ""350-375"": 0.107436, ""375-400"": 0.371015, ""400-425"": 0.37117, ""425-450"": 0.134872, ""450-475"": 0.015507, ""475-500"": 0.0}",0.00,10.74,37.10,37.12,13.49,1.55,0.00,2026-08-03,,settlement_export
2026-08-03 10:00:00,2026/8/3 23:59:59 CT,2027-03-17,350-375,,,,400-425,37.11,"{""325-350"": 0.0, ""350-375"": 0.078121, ""375-400"": 0.299095, ""400-425"": 0.371127, ""425-450"": 0.199348, ""450-475"": 0.048077, ""475-500"": 0.004231}",0.00,7.81,29.91,37.11,19.93,4.81,0.42,2026-08-03,,settlement_export
2026-08-03 10:00:00,2026/8/3 23:59:59 CT,2027-04-28,350-375,,,,400-425,36.34,"{""325-350"": 0.0, ""350-375"": 0.069751, ""375-400"": 0.27542, ""400-425"": 0.36341, ""425-450"": 0.217753, ""450-475"": 0.064284, ""475-500"": 0.008929}",0.00,6.98,27.54,36.34,21.78,6.43,0.89,2026-08-03,,settlement_export
2026-08-03 10:00:00,2026/8/3 23:59:59 CT,2027-06-09,350-375,,,,400-425,35.97,"{""325-350"": 0.0, ""350-375"": 0.066812, ""375-400"": 0.266752, ""400-425"": 0.359702, ""425-450"": 0.223891, ""450-475"": 0.070752, ""475-500"": 0.011262}",0.00,6.68,26.68,35.97,22.39,7.08,1.13,2026-08-03,,settlement_export
2026-08-03 10:00:00,2026/8/3 23:59:59 CT,2027-07-28,350-375,,,,400-425,35.67,"{""325-350"": 0.001479, ""350-375"": 0.071239, ""375-400"": 0.26881, ""400-425"": 0.356694, ""425-450"": 0.2205, ""450-475"": 0.069435, ""475-500"": 0.01103}",0.15,7.12,26.88,35.67,22.05,6.94,1.10,2026-08-03,,settlement_export
2026-08-03 10:00:00,2026/8/3 23:59:59 CT,2027-09-15,350-375,,,,400-425,34.04,"{""325-350"": 0.009851, ""350-375"": 0.094948, ""375-400"": 0.279356, ""400-425"": 0.340351, ""425-450"": 0.202372, ""450-475"": 0.062426, ""475-500"": 0.009802}",0.99,9.49,27.94,34.04,20.24,6.24,0.98,2026-08-03,,settlement_export
2026-08-03 10:00:00,2026/8/3 23:59:59 CT,2027-10-27,350-375,,,,,0.00,"{""325-350"": 0.0, ""350-375"": 0.0, ""375-400"": 0.0, ""400-425"": 0.0, ""425-450"": 0.0, ""450-475"": 0.0, ""475-500"": 0.0}",0.00,0.00,0.00,0.00,0.00,0.00,0.00,2026-08-03,,settlement_export
2026-08-03 10:00:00,2026/8/3 23:59:59 CT,2027-12-08,350-375,,,,,0.00,"{""325-350"": 0.0, ""350-375"": 0.0, ""375-400"": 0.0, ""400-425"": 0.0, ""425-450"": 0.0, ""450-475"": 0.0, ""475-500"": 0.0}",0.00,0.00,0.00,0.00,0.00,0.00,0.00,2026-08-03,,settlement_export
2026-08-04 10:00:00,2026/8/4 23:59:59 CT,2026-09-16,350-375,,,,375-400,58.43,"{""325-350"": 0.0, ""350-375"": 0.415714, ""375-400"": 0.584286, ""400-425"": 0.0, ""425-450"": 0.0, ""450-475"": 0.0, ""475-500"": 0.0}",0.00,41.57,58.43,0.00,0.00,0.00,0.00,2026-08-04,,settlement_export
2026-08-04 10:00:00,2026/8/4 23:59:59 CT,2026-10-28,350-375,,,,375-400,53.95,"{""325-350"": 0.0, ""350-375"": 0.305253, ""375-400"": 0.539494, ""400-425"": 0.155253, ""425-450"": 0.0, ""450-475"": 0.0, ""475-500"": 0.0}",0.00,30.53,53.95,15.53,0.00,0.00,0.00,2026-08-04,,settlement_export
2026-08-04 10:00:00,2026/8/4 23:59:59 CT,2026-12-09,350-375,,,,375-400,43.99,"{""325-350"": 0.0, ""350-375"": 0.175464, ""375-400"": 0.439898, ""400-425"": 0.318627, ""425-450"": 0.066011, ""450-475"": 0.0, ""475-500"": 0.0}",0.00,17.55,43.99,31.86,6.60,0.00,0.00,2026-08-04,,settlement_export
2026-08-04 10:00:00,2026/8/4 23:59:59 CT,2027-01-27,350-375,,,,375-400,40.95,"{""325-350"": 0.0, ""350-375"": 0.155318, ""375-400"": 0.409537, ""400-425"": 0.33255, ""425-450"": 0.095015, ""450-475"": 0.007579, ""475-500"": 0.0}",0.00,15.53,40.95,33.26,9.50,0.76,0.00,2026-08-04,,settlement_export
2026-08-04 10:00:00,2026/8/4 23:59:59 CT,2027-03-17,350-375,,,,400-425,35.22,"{""325-350"": 0.0, ""350-375"": 0.115601, ""375-400"": 0.34453, ""400-425"": 0.352237, ""425-450"": 0.155756, ""450-475"": 0.029938, ""475-500"": 0.001938}",0.00,11.56,34.45,35.22,15.58,2.99,0.19,2026-08-04,,settlement_export
2026-08-04 10:00:00,2026/8/4 23:59:59 CT,2027-04-28,350-375,,,,400-425,35.17,"{""325-350"": 0.0, ""350-375"": 0.10817, ""375-400"": 0.329813, ""400-425"": 0.351742, ""425-450"": 0.168387, ""450-475"": 0.038026, ""475-500"": 0.003738}",0.00,10.82,32.98,35.17,16.84,3.80,0.37,2026-08-04,,settlement_export
2026-08-04 10:00:00,2026/8/4 23:59:59 CT,2027-06-09,350-375,,,,400-425,35.08,"{""325-350"": 0.0, ""350-375"": 0.103379, ""375-400"": 0.319997, ""400-425"": 0.35077, ""425-450"": 0.176507, ""450-475"": 0.043799, ""475-500"": 0.005257}",0.00,10.34,32.00,35.08,17.65,4.38,0.53,2026-08-04,,settlement_export
2026-08-04 10:00:00,2026/8/4 23:59:59 CT,2027-07-28,350-375,,,,400-425,34.31,"{""325-350"": 0.004578, ""350-375"": 0.112972, ""375-400"": 0.32136, ""400-425"": 0.343053, ""425-450"": 0.17063, ""450-475"": 0.042092, ""475-500"": 0.005036}",0.46,11.30,32.14,34.31,17.06,4.21,0.50,2026-08-04,,settlement_export
2026-08-04 10:00:00,2026/8/4 23:59:59 CT,2027-09-15,350-375,,,,375-400,32.40,"{""325-350"": 0.017586, ""350-375"": 0.137979, ""375-400"": 0.323963, ""400-425"": 0.322362, ""425-450"": 0.155206, ""450-475"": 0.037646, ""475-500"": 0.004465}",1.76,13.80,32.40,32.24,15.52,3.76,0.45,2026-08-04,,settlement_export
2026-08-04 10:00:00,2026/8/4 23:59:59 CT,2027-10-27,350-375,,,,,0.00,"{""325-350"": 0.0, ""350-375"": 0.0, ""375-400"": 0.0, ""400-425"": 0.0, ""425-450"": 0.0, ""450-475"": 0.0, ""475-500"": 0.0}",0.00,0.00,0.00,0.00,0.00,0.00,0.00,2026-08-04,,settlement_export
2026-08-04 10:00:00,2026/8/4 23:59:59 CT,2027-12-08,350-375,,,,,0.00,"{""325-350"": 0.0, ""350-375"": 0.0, ""375-400"": 0.0, ""400-425"": 0.0, ""425-450"": 0.0, ""450-475"": 0.0, ""475-500"": 0.0}",0.00,0.00,0.00,0.00,0.00,0.00,0.00,2026-08-04,,settlement_export
2026-08-05 10:00:00,2026/8/5 23:59:59 CT,2026-09-16,350-375,,,,375-400,54.43,"{""325-350"": 0.0, ""350-375"": 0.455714, ""375-400"": 0.544286, ""400-425"": 0.0, ""425-450"": 0.0, ""450-475"": 0.0, ""475-500"": 0.0}",0.00,45.57,54.43,0.00,0.00,0.00,0.00,2026-08-05,,settlement_export
2026-08-05 10:00:00,2026/8/5 23:59:59 CT,2026-10-28,350-375,,,,375-400,52.08,"{""325-350"": 0.0, ""350-375"": 0.334624, ""375-400"": 0.520751, ""400-425"": 0.144624, ""425-450"": 0.0, ""450-475"": 0.0, ""475-500"": 0.0}",0.00,33.46,52.08,14.46,0.00,0.00,0.00,2026-08-05,,settlement_export
2026-08-05 10:00:00,2026/8/5 23:59:59 CT,2026-12-09,350-375,,,,375-400,44.53,"{""325-350"": 0.0, ""350-375"": 0.19904, ""375-400"": 0.445335, ""400-425"": 0.297025, ""425-450"": 0.0586, ""450-475"": 0.0, ""475-500"": 0.0}",0.00,19.90,44.53,29.70,5.86,0.00,0.00,2026-08-05,,settlement_export
2026-08-05 10:00:00,2026/8/5 23:59:59 CT,2027-01-27,350-375,,,,375-400,41.71,"{""325-350"": 0.0, ""350-375"": 0.176187, ""375-400"": 0.417057, ""400-425"": 0.314054, ""425-450"": 0.085975, ""450-475"": 0.006728, ""475-500"": 0.0}",0.00,17.62,41.71,31.41,8.60,0.67,0.00,2026-08-05,,settlement_export
2026-08-05 10:00:00,2026/8/5 23:59:59 CT,2027-03-17,350-375,,,,375-400,35.99,"{""325-350"": 0.0, ""350-375"": 0.134405, ""375-400"": 0.359936, ""400-425"": 0.33848, ""425-450"": 0.140062, ""450-475"": 0.025521, ""475-500"": 0.001596}",0.00,13.44,35.99,33.85,14.01,2.55,0.16,2026-08-05,,settlement_export
2026-08-05 10:00:00,2026/8/5 23:59:59 CT,2027-04-28,350-375,,,,375-400,35.03,"{""325-350"": 0.0, ""350-375"": 0.128645, ""375-400"": 0.350271, ""400-425"": 0.3394, ""425-450"": 0.148565, ""450-475"": 0.03043, ""475-500"": 0.002621}",0.00,12.86,35.03,33.94,14.86,3.04,0.26,2026-08-05,,settlement_export
2026-08-05 10:00:00,2026/8/5 23:59:59 CT,2027-06-09,350-375,,,,375-400,34.49,"{""325-350"": 0.0, ""350-375"": 0.125521, ""375-400"": 0.344888, ""400-425"": 0.339664, ""425-450"": 0.1532, ""450-475"": 0.033299, ""475-500"": 0.003296}",0.00,12.55,34.49,33.97,15.32,3.33,0.33,2026-08-05,,settlement_export
2026-08-05 10:00:00,2026/8/5 23:59:59 CT,2027-07-28,350-375,,,,375-400,34.47,"{""325-350"": 0.005559, ""350-375"": 0.135236, ""375-400"": 0.344657, ""400-425"": 0.331406, ""425-450"": 0.14789, ""450-475"": 0.03197, ""475-500"": 0.003156}",0.56,13.52,34.47,33.14,14.79,3.20,0.32,2026-08-05,,settlement_export
2026-08-05 10:00:00,2026/8/5 23:59:59 CT,2027-09-15,350-375,,,,375-400,34.31,"{""325-350"": 0.02112, ""350-375"": 0.160366, ""375-400"": 0.343067, ""400-425"": 0.309384, ""425-450"": 0.13398, ""450-475"": 0.028512, ""475-500"": 0.002792}",2.11,16.04,34.31,30.94,13.40,2.85,0.28,2026-08-05,,settlement_export
2026-08-05 10:00:00,2026/8/5 23:59:59 CT,2027-10-27,350-375,,,,,0.00,"{""325-350"": 0.0, ""350-375"": 0.0, ""375-400"": 0.0, ""400-425"": 0.0, ""425-450"": 0.0, ""450-475"": 0.0, ""475-500"": 0.0}",0.00,0.00,0.00,0.00,0.00,0.00,0.00,2026-08-05,,settlement_export
2026-08-05 10:00:00,2026/8/5 23:59:59 CT,2027-12-08,350-375,,,,,0.00,"{""325-350"": 0.0, ""350-375"": 0.0, ""375-400"": 0.0, ""400-425"": 0.0, ""425-450"": 0.0, ""450-475"": 0.0, ""475-500"": 0.0}",0.00,0.00,0.00,0.00,0.00,0.00,0.00,2026-08-05,,settlement_export
2026-08-06 10:00:00,2026/8/6 23:59:59 CT,2026-09-16,350-375,,,,375-400,55.00,"{""325-350"": 0.0, ""350-375"": 0.45, ""375-400"": 0.55, ""400-425"": 0.0, ""425-450"": 0.0, ""450-475"": 0.0, ""475-500"": 0.0}",0.00,45.00,55.00,0.00,0.00,0.00,0.00,2026-08-06,,settlement_export
2026-08-06 10:00:00,2026/8/6 23:59:59 CT,2026-10-28,350-375,,,,375-400,51.90,"{""325-350"": 0.0, ""350-375"": 0.3105, ""375-400"": 0.519, ""400-425"": 0.1705, ""425-450"": 0.0, ""450-475"": 0.0, ""475-500"": 0.0}",0.00,31.05,51.90,17.05,0.00,0.00,0.00,2026-08-06,,settlement_export
2026-08-06 10:00:00,2026/8/6 23:59:59 CT,2026-12-09,350-375,,,,375-400,41.49,"{""325-350"": 0.0, ""350-375"": 0.15548, ""375-400"": 0.414904, ""400-425"": 0.344492, ""425-450"": 0.085124, ""450-475"": 0.0, ""475-500"": 0.0}",0.00,15.55,41.49,34.45,8.51,0.00,0.00,2026-08-06,,settlement_export
2026-08-06 10:00:00,2026/8/6 23:59:59 CT,2027-01-27,350-375,,,,375-400,37.32,"{""325-350"": 0.0, ""350-375"": 0.130488, ""375-400"": 0.373204, ""400-425"": 0.35581, ""425-450"": 0.126815, ""450-475"": 0.013683, ""475-500"": 0.0}",0.00,13.05,37.32,35.58,12.68,1.37,0.00,2026-08-06,,settlement_export
2026-08-06 10:00:00,2026/8/6 23:59:59 CT,2027-03-17,350-375,,,,400-425,36.06,"{""325-350"": 0.0, ""350-375"": 0.094697, ""375-400"": 0.306631, ""400-425"": 0.360581, ""425-450"": 0.189625, ""450-475"": 0.044713, ""475-500"": 0.003753}",0.00,9.47,30.66,36.06,18.96,4.47,0.38,2026-08-06,,settlement_export
2026-08-06 10:00:00,2026/8/6 23:59:59 CT,2027-04-28,350-375,,,,400-425,35.60,"{""325-350"": 0.0, ""350-375"": 0.08658, ""375-400"": 0.288465, ""400-425"": 0.355957, ""425-450"": 0.204278, ""450-475"": 0.057134, ""475-500"": 0.007264}",0.00,8.66,28.85,35.60,20.43,5.71,0.73,2026-08-06,,settlement_export
2026-08-06 10:00:00,2026/8/6 23:59:59 CT,2027-06-09,350-375,,,,400-425,35.16,"{""325-350"": 0.0, ""350-375"": 0.081014, ""375-400"": 0.275487, ""400-425"": 0.351618, ""425-450"": 0.214029, ""450-475"": 0.066594, ""475-500"": 0.01047}",0.00,8.10,27.55,35.16,21.40,6.66,1.05,2026-08-06,,settlement_export
2026-08-06 10:00:00,2026/8/6 23:59:59 CT,2027-07-28,350-375,,,,400-425,34.55,"{""325-350"": 0.003588, ""350-375"": 0.089627, ""375-400"": 0.278858, ""400-425"": 0.345525, ""425-450"": 0.2075, ""450-475"": 0.064108, ""475-500"": 0.01004}",0.36,8.96,27.89,34.55,20.75,6.41,1.00,2026-08-06,,settlement_export
2026-08-06 10:00:00,2026/8/6 23:59:59 CT,2027-09-15,350-375,,,,400-425,33.45,"{""325-350"": 0.010471, ""350-375"": 0.104765, ""375-400"": 0.284192, ""400-425"": 0.334483, ""425-450"": 0.196028, ""450-475"": 0.059783, ""475-500"": 0.009296}",1.05,10.48,28.42,33.45,19.60,5.98,0.93,2026-08-06,,settlement_export
2026-08-06 10:00:00,2026/8/6 23:59:59 CT,2027-10-27,350-375,,,,,0.00,"{""325-350"": 0.0, ""350-375"": 0.0, ""375-400"": 0.0, ""400-425"": 0.0, ""425-450"": 0.0, ""450-475"": 0.0, ""475-500"": 0.0}",0.00,0.00,0.00,0.00,0.00,0.00,0.00,2026-08-06,,settlement_export
2026-08-06 10:00:00,2026/8/6 23:59:59 CT,2027-12-08,350-375,,,,,0.00,"{""325-350"": 0.0, ""350-375"": 0.0, ""375-400"": 0.0, ""400-425"": 0.0, ""425-450"": 0.0, ""450-475"": 0.0, ""475-500"": 0.0}",0.00,0.00,0.00,0.00,0.00,0.00,0.00,2026-08-06,,settlement_export
2026-08-07 10:00:00,2026/8/7 23:59:59 CT,2026-09-16,350-375,,,,350-375,55.57,"{""325-350"": 0.0, ""350-375"": 0.555714, ""375-400"": 0.444286, ""400-425"": 0.0, ""425-450"": 0.0, ""450-475"": 0.0, ""475-500"": 0.0}",0.00,55.57,44.43,0.00,0.00,0.00,0.00,2026-08-07,,settlement_export
2026-08-07 10:00:00,2026/8/7 23:59:59 CT,2026-10-28,350-375,,,,375-400,47.39,"{""325-350"": 0.0, ""350-375"": 0.408053, ""375-400"": 0.473894, ""400-425"": 0.118053, ""425-450"": 0.0, ""450-475"": 0.0, ""475-500"": 0.0}",0.00,40.81,47.39,11.81,0.00,0.00,0.00,2026-08-07,,settlement_export
2026-08-07 10:00:00,2026/8/7 23:59:59 CT,2026-12-09,350-375,,,,375-400,44.50,"{""325-350"": 0.0, ""350-375"": 0.228812, ""375-400"": 0.444973, ""400-425"": 0.274359, ""425-450"": 0.051856, ""450-475"": 0.0, ""475-500"": 0.0}",0.00,22.88,44.50,27.44,5.19,0.00,0.00,2026-08-07,,settlement_export
2026-08-07 10:00:00,2026/8/7 23:59:59 CT,2027-01-27,350-375,,,,375-400,41.02,"{""325-350"": 0.0, ""350-375"": 0.192033, ""375-400"": 0.410227, ""400-425"": 0.301784, ""425-450"": 0.087621, ""450-475"": 0.008335, ""475-500"": 0.0}",0.00,19.20,41.02,30.18,8.76,0.83,0.00,2026-08-07,,settlement_export
2026-08-07 10:00:00,2026/8/7 23:59:59 CT,2027-03-17,350-375,,,,375-400,35.47,"{""325-350"": 0.0, ""350-375"": 0.143201, ""375-400"": 0.354743, ""400-425"": 0.329359, ""425-450"": 0.14208, ""450-475"": 0.028497, ""475-500"": 0.00212}",0.00,14.32,35.47,32.94,14.21,2.85,0.21,2026-08-07,,settlement_export
2026-08-07 10:00:00,2026/8/7 23:59:59 CT,2027-04-28,350-375,,,,375-400,33.66,"{""325-350"": 0.0, ""350-375"": 0.130927, ""375-400"": 0.336611, ""400-425"": 0.331535, ""425-450"": 0.158132, ""450-475"": 0.038232, ""475-500"": 0.00438}",0.00,13.09,33.66,33.15,15.81,3.82,0.44,2026-08-07,,settlement_export
2026-08-07 10:00:00,2026/8/7 23:59:59 CT,2027-06-09,350-375,,,,400-425,33.19,"{""325-350"": 0.0, ""350-375"": 0.122791, ""375-400"": 0.323829, ""400-425"": 0.331851, ""425-450"": 0.168908, ""450-475"": 0.045683, ""475-500"": 0.006484}",0.00,12.28,32.38,33.19,16.89,4.57,0.65,2026-08-07,,settlement_export
2026-08-07 10:00:00,2026/8/7 23:59:59 CT,2027-07-28,350-375,,,,400-425,32.82,"{""325-350"": 0.002719, ""350-375"": 0.127242, ""375-400"": 0.324007, ""400-425"": 0.328243, ""425-450"": 0.16618, ""450-475"": 0.044815, ""475-500"": 0.00635}",0.27,12.72,32.40,32.82,16.62,4.48,0.64,2026-08-07,,settlement_export
2026-08-07 10:00:00,2026/8/7 23:59:59 CT,2027-09-15,350-375,,,,375-400,32.43,"{""325-350"": 0.012681, ""350-375"": 0.142984, ""375-400"": 0.324346, ""400-425"": 0.315278, ""425-450"": 0.15647, ""450-475"": 0.041738, ""475-500"": 0.005877}",1.27,14.30,32.43,31.53,15.65,4.17,0.59,2026-08-07,,settlement_export
2026-08-07 10:00:00,2026/8/7 23:59:59 CT,2027-10-27,350-375,,,,,0.00,"{""325-350"": 0.0, ""350-375"": 0.0, ""375-400"": 0.0, ""400-425"": 0.0, ""425-450"": 0.0, ""450-475"": 0.0, ""475-500"": 0.0}",0.00,0.00,0.00,0.00,0.00,0.00,0.00,2026-08-07,,settlement_export
2026-08-07 10:00:00,2026/8/7 23:59:59 CT,2027-12-08,350-375,,,,,0.00,"{""325-350"": 0.0, ""350-375"": 0.0, ""375-400"": 0.0, ""400-425"": 0.0, ""425-450"": 0.0, ""450-475"": 0.0, ""475-500"": 0.0}",0.00,0.00,0.00,0.00,0.00,0.00,0.00,2026-08-07,,settlement_export
2026-08-10 10:00:00,2026/8/10 23:59:59 CT,2026-09-16,350-375,,,,375-400,52.21,"{""325-350"": 0.0, ""350-375"": 0.477857, ""375-400"": 0.522143, ""400-425"": 0.0, ""425-450"": 0.0, ""450-475"": 0.0, ""475-500"": 0.0}",0.00,47.79,52.21,0.00,0.00,0.00,0.00,2026-08-10,,settlement_export
2026-08-10 10:00:00,2026/8/10 23:59:59 CT,2026-10-28,350-375,,,,375-400,50.94,"{""325-350"": 0.0, ""350-375"": 0.340303, ""375-400"": 0.509395, ""400-425"": 0.150303, ""425-450"": 0.0, ""450-475"": 0.0, ""475-500"": 0.0}",0.00,34.03,50.94,15.03,0.00,0.00,0.00,2026-08-10,,settlement_export
2026-08-10 10:00:00,2026/8/10 23:59:59 CT,2026-12-09,350-375,,,,375-400,43.56,"{""325-350"": 0.0, ""350-375"": 0.19183, ""375-400"": 0.435621, ""400-425"": 0.306973, ""425-450"": 0.065576, ""450-475"": 0.0, ""475-500"": 0.0}",0.00,19.18,43.56,30.70,6.56,0.00,0.00,2026-08-10,,settlement_export
2026-08-10 10:00:00,2026/8/10 23:59:59 CT,2027-01-27,350-375,,,,375-400,39.08,"{""325-350"": 0.0, ""350-375"": 0.15659, ""375-400"": 0.390835, ""400-425"": 0.330606, ""425-450"": 0.109922, ""450-475"": 0.012047, ""475-500"": 0.0}",0.00,15.66,39.08,33.06,10.99,1.20,0.00,2026-08-10,,settlement_export
2026-08-10 10:00:00,2026/8/10 23:59:59 CT,2027-03-17,350-375,,,,400-425,34.59,"{""325-350"": 0.0, ""350-375"": 0.116771, ""375-400"": 0.33127, ""400-425"": 0.345922, ""425-450"": 0.166039, ""450-475"": 0.036935, ""475-500"": 0.003063}",0.00,11.68,33.13,34.59,16.60,3.69,0.31,2026-08-10,,settlement_export
2026-08-10 10:00:00,2026/8/10 23:59:59 CT,2027-04-28,350-375,,,,400-425,34.47,"{""325-350"": 0.0, ""350-375"": 0.106762, ""375-400"": 0.312884, ""400-425"": 0.344666, ""425-450"": 0.181457, ""450-475"": 0.048001, ""475-500"": 0.005967}",0.00,10.68,31.29,34.47,18.15,4.80,0.60,2026-08-10,,settlement_export
2026-08-10 10:00:00,2026/8/10 23:59:59 CT,2027-06-09,350-375,,,,400-425,34.14,"{""325-350"": 0.0, ""350-375"": 0.095857, ""375-400"": 0.291831, ""400-425"": 0.34142, ""425-450"": 0.198128, ""450-475"": 0.061633, ""475-500"": 0.01026}",0.00,9.59,29.18,34.14,19.81,6.16,1.03,2026-08-10,,settlement_export
2026-08-10 10:00:00,2026/8/10 23:59:59 CT,2027-07-28,350-375,,,,400-425,33.82,"{""325-350"": 0.002123, ""350-375"": 0.100197, ""375-400"": 0.292929, ""400-425"": 0.338247, ""425-450"": 0.195105, ""450-475"": 0.060495, ""475-500"": 0.010052}",0.21,10.02,29.29,33.82,19.51,6.05,1.01,2026-08-10,,settlement_export
2026-08-10 10:00:00,2026/8/10 23:59:59 CT,2027-09-15,350-375,,,,400-425,33.25,"{""325-350"": 0.006046, ""350-375"": 0.107906, ""375-400"": 0.294741, ""400-425"": 0.332521, ""425-450"": 0.189721, ""450-475"": 0.058477, ""475-500"": 0.009683}",0.60,10.79,29.47,33.25,18.97,5.85,0.97,2026-08-10,,settlement_export
2026-08-10 10:00:00,2026/8/10 23:59:59 CT,2027-10-27,350-375,,,,,0.00,"{""325-350"": 0.0, ""350-375"": 0.0, ""375-400"": 0.0, ""400-425"": 0.0, ""425-450"": 0.0, ""450-475"": 0.0, ""475-500"": 0.0}",0.00,0.00,0.00,0.00,0.00,0.00,0.00,2026-08-10,,settlement_export
2026-08-10 10:00:00,2026/8/10 23:59:59 CT,2027-12-08,350-375,,,,,0.00,"{""325-350"": 0.0, ""350-375"": 0.0, ""375-400"": 0.0, ""400-425"": 0.0, ""425-450"": 0.0, ""450-475"": 0.0, ""475-500"": 0.0}",0.00,0.00,0.00,0.00,0.00,0.00,0.00,2026-08-10,,settlement_export
2026-08-11 10:00:00,2026/8/11 23:59:59 CT,2026-09-16,350-375,,,,350-375,51.57,"{""325-350"": 0.0, ""350-375"": 0.515714, ""375-400"": 0.484286, ""400-425"": 0.0, ""425-450"": 0.0, ""450-475"": 0.0, ""475-500"": 0.0}",0.00,51.57,48.43,0.00,0.00,0.00,0.00,2026-08-11,,settlement_export
2026-08-11 10:00:00,2026/8/11 23:59:59 CT,2026-10-28,350-375,,,,375-400,49.26,"{""325-350"": 0.0, ""350-375"": 0.378682, ""375-400"": 0.492637, ""400-425"": 0.128682, ""425-450"": 0.0, ""450-475"": 0.0, ""475-500"": 0.0}",0.00,37.87,49.26,12.87,0.00,0.00,0.00,2026-08-11,,settlement_export
2026-08-11 10:00:00,2026/8/11 23:59:59 CT,2026-12-09,350-375,,,,375-400,44.26,"{""325-350"": 0.0, ""350-375"": 0.212342, ""375-400"": 0.442581, ""400-425"": 0.288552, ""425-450"": 0.056525, ""450-475"": 0.0, ""475-500"": 0.0}",0.00,21.23,44.26,28.86,5.65,0.00,0.00,2026-08-11,,settlement_export
2026-08-11 10:00:00,2026/8/11 23:59:59 CT,2027-01-27,350-375,,,,375-400,40.56,"{""325-350"": 0.0, ""350-375"": 0.17821, ""375-400"": 0.405572, ""400-425"": 0.313311, ""425-450"": 0.093821, ""450-475"": 0.009086, ""475-500"": 0.0}",0.00,17.82,40.56,31.33,9.38,0.91,0.00,2026-08-11,,settlement_export
2026-08-11 10:00:00,2026/8/11 23:59:59 CT,2027-03-17,350-375,,,,375-400,34.78,"{""325-350"": 0.0, ""350-375"": 0.132894, ""375-400"": 0.347757, ""400-425"": 0.336772, ""425-450"": 0.149634, ""450-475"": 0.030633, ""475-500"": 0.00231}",0.00,13.29,34.78,33.68,14.96,3.06,0.23,2026-08-11,,settlement_export
2026-08-11 10:00:00,2026/8/11 23:59:59 CT,2027-04-28,350-375,,,,400-425,33.77,"{""325-350"": 0.0, ""350-375"": 0.121503, ""375-400"": 0.32934, ""400-425"": 0.337713, ""425-450"": 0.165674, ""450-475"": 0.040833, ""475-500"": 0.004738}",0.00,12.15,32.93,33.77,16.57,4.08,0.47,2026-08-11,,settlement_export
2026-08-11 10:00:00,2026/8/11 23:59:59 CT,2027-06-09,350-375,,,,400-425,33.70,"{""325-350"": 0.0, ""350-375"": 0.111522, ""375-400"": 0.312268, ""400-425"": 0.337026, ""425-450"": 0.179806, ""450-475"": 0.051088, ""475-500"": 0.007703}",0.00,11.15,31.23,33.70,17.98,5.11,0.77,2026-08-11,,settlement_export
2026-08-11 10:00:00,2026/8/11 23:59:59 CT,2027-07-28,350-375,,,,400-425,33.35,"{""325-350"": 0.002469, ""350-375"": 0.115967, ""375-400"": 0.312816, ""400-425"": 0.333544, ""425-450"": 0.176956, ""450-475"": 0.050127, ""475-500"": 0.007545}",0.25,11.60,31.28,33.35,17.70,5.01,0.75,2026-08-11,,settlement_export
2026-08-11 10:00:00,2026/8/11 23:59:59 CT,2027-09-15,350-375,,,,400-425,32.73,"{""325-350"": 0.007009, ""350-375"": 0.123841, ""375-400"": 0.313645, ""400-425"": 0.327281, ""425-450"": 0.171883, ""450-475"": 0.048424, ""475-500"": 0.007266}",0.70,12.38,31.36,32.73,17.19,4.84,0.73,2026-08-11,,settlement_export
2026-08-11 10:00:00,2026/8/11 23:59:59 CT,2027-10-27,350-375,,,,,0.00,"{""325-350"": 0.0, ""350-375"": 0.0, ""375-400"": 0.0, ""400-425"": 0.0, ""425-450"": 0.0, ""450-475"": 0.0, ""475-500"": 0.0}",0.00,0.00,0.00,0.00,0.00,0.00,0.00,2026-08-11,,settlement_export
2026-08-11 10:00:00,2026/8/11 23:59:59 CT,2027-12-08,350-375,,,,,0.00,"{""325-350"": 0.0, ""350-375"": 0.0, ""375-400"": 0.0, ""400-425"": 0.0, ""425-450"": 0.0, ""450-475"": 0.0, ""475-500"": 0.0}",0.00,0.00,0.00,0.00,0.00,0.00,0.00,2026-08-11,,settlement_export
2026-08-12 10:00:00,2026/8/12 23:59:59 CT,2026-09-16,350-375,,,,350-375,59.36,"{""325-350"": 0.0, ""350-375"": 0.593571, ""375-400"": 0.406429, ""400-425"": 0.0, ""425-450"": 0.0, ""450-475"": 0.0, ""475-500"": 0.0}",0.00,59.36,40.64,0.00,0.00,0.00,0.00,2026-08-12,,settlement_export
2026-08-12 10:00:00,2026/8/12 23:59:59 CT,2026-10-28,350-375,,,,375-400,45.20,"{""325-350"": 0.0, ""350-375"": 0.448994, ""375-400"": 0.452011, ""400-425"": 0.098994, ""425-450"": 0.0, ""450-475"": 0.0, ""475-500"": 0.0}",0.00,44.90,45.20,9.90,0.00,0.00,0.00,2026-08-12,,settlement_export
2026-08-12 10:00:00,2026/8/12 23:59:59 CT,2026-12-09,350-375,,,,375-400,45.07,"{""325-350"": 0.0, ""350-375"": 0.251769, ""375-400"": 0.450686, ""400-425"": 0.25406, ""425-450"": 0.043484, ""450-475"": 0.0, ""475-500"": 0.0}",0.00,25.18,45.07,25.41,4.35,0.00,0.00,2026-08-12,,settlement_export
2026-08-12 10:00:00,2026/8/12 23:59:59 CT,2027-01-27,350-375,,,,375-400,41.87,"{""325-350"": 0.0, ""350-375"": 0.2113, ""375-400"": 0.418712, ""400-425"": 0.285666, ""425-450"": 0.077332, ""450-475"": 0.00699, ""475-500"": 0.0}",0.00,21.13,41.87,28.57,7.73,0.70,0.00,2026-08-12,,settlement_export
2026-08-12 10:00:00,2026/8/12 23:59:59 CT,2027-03-17,350-375,,,,375-400,36.60,"{""325-350"": 0.0, ""350-375"": 0.157569, ""375-400"": 0.36597, ""400-425"": 0.319498, ""425-450"": 0.130309, ""450-475"": 0.024877, ""475-500"": 0.001777}",0.00,15.76,36.60,31.95,13.03,2.49,0.18,2026-08-12,,settlement_export
2026-08-12 10:00:00,2026/8/12 23:59:59 CT,2027-04-28,350-375,,,,375-400,34.81,"{""325-350"": 0.0, ""350-375"": 0.144063, ""375-400"": 0.348107, ""400-425"": 0.323481, ""425-450"": 0.146525, ""450-475"": 0.033914, ""475-500"": 0.003757}",0.00,14.41,34.81,32.35,14.65,3.39,0.38,2026-08-12,,settlement_export
2026-08-12 10:00:00,2026/8/12 23:59:59 CT,2027-06-09,350-375,,,,375-400,33.18,"{""325-350"": 0.0, ""350-375"": 0.132538, ""375-400"": 0.331784, ""400-425"": 0.325451, ""425-450"": 0.160681, ""450-475"": 0.042923, ""475-500"": 0.00617}",0.00,13.25,33.18,32.55,16.07,4.29,0.62,2026-08-12,,settlement_export
2026-08-12 10:00:00,2026/8/12 23:59:59 CT,2027-07-28,350-375,,,,375-400,33.18,"{""325-350"": 0.0, ""350-375"": 0.132538, ""375-400"": 0.331784, ""400-425"": 0.325451, ""425-450"": 0.160681, ""450-475"": 0.042923, ""475-500"": 0.00617}",0.00,13.25,33.18,32.55,16.07,4.29,0.62,2026-08-12,,settlement_export
2026-08-12 10:00:00,2026/8/12 23:59:59 CT,2027-09-15,350-375,,,,375-400,33.15,"{""325-350"": 0.005302, ""350-375"": 0.140508, ""375-400"": 0.33153, ""400-425"": 0.31886, ""425-450"": 0.155971, ""450-475"": 0.041453, ""475-500"": 0.005941}",0.53,14.05,33.15,31.89,15.60,4.15,0.59,2026-08-12,,settlement_export
2026-08-12 10:00:00,2026/8/12 23:59:59 CT,2027-10-27,350-375,,,,,0.00,"{""325-350"": 0.0, ""350-375"": 0.0, ""375-400"": 0.0, ""400-425"": 0.0, ""425-450"": 0.0, ""450-475"": 0.0, ""475-500"": 0.0}",0.00,0.00,0.00,0.00,0.00,0.00,0.00,2026-08-12,,settlement_export
2026-08-12 10:00:00,2026/8/12 23:59:59 CT,2027-12-08,350-375,,,,,0.00,"{""325-350"": 0.0, ""350-375"": 0.0, ""375-400"": 0.0, ""400-425"": 0.0, ""425-450"": 0.0, ""450-475"": 0.0, ""475-500"": 0.0}",0.00,0.00,0.00,0.00,0.00,0.00,0.00,2026-08-12,,settlement_export
2026-08-13 10:00:00,2026/8/13 23:59:59 CT,2026-09-16,350-375,,,,350-375,66.14,"{""325-350"": 0.0, ""350-375"": 0.661429, ""375-400"": 0.338571, ""400-425"": 0.0, ""425-450"": 0.0, ""450-475"": 0.0, ""475-500"": 0.0}",0.00,66.14,33.86,0.00,0.00,0.00,0.00,2026-08-13,,settlement_export
2026-08-13 10:00:00,2026/8/13 23:59:59 CT,2026-10-28,350-375,,,,350-375,51.50,"{""325-350"": 0.0, ""350-375"": 0.514969, ""375-400"": 0.410061, ""400-425"": 0.074969, ""425-450"": 0.0, ""450-475"": 0.0, ""475-500"": 0.0}",0.00,51.50,41.01,7.50,0.00,0.00,0.00,2026-08-13,,settlement_export
2026-08-13 10:00:00,2026/8/13 23:59:59 CT,2026-12-09,350-375,,,,375-400,44.57,"{""325-350"": 0.0, ""350-375"": 0.340261, ""375-400"": 0.445652, ""400-425"": 0.188652, ""425-450"": 0.025434, ""450-475"": 0.0, ""475-500"": 0.0}",0.00,34.03,44.57,18.87,2.54,0.00,0.00,2026-08-13,,settlement_export
2026-08-13 10:00:00,2026/8/13 23:59:59 CT,2027-01-27,350-375,,,,375-400,42.87,"{""325-350"": 0.0, ""350-375"": 0.285567, ""375-400"": 0.428712, ""400-425"": 0.229963, ""425-450"": 0.05167, ""450-475"": 0.004088, ""475-500"": 0.0}",0.00,28.56,42.87,23.00,5.17,0.41,0.00,2026-08-13,,settlement_export
2026-08-13 10:00:00,2026/8/13 23:59:59 CT,2027-03-17,350-375,,,,375-400,39.78,"{""325-350"": 0.0, ""350-375"": 0.223966, ""375-400"": 0.397833, ""400-425"": 0.272836, ""425-450"": 0.09013, ""450-475"": 0.014352, ""475-500"": 0.000882}",0.00,22.40,39.78,27.28,9.01,1.44,0.09,2026-08-13,,settlement_export
2026-08-13 10:00:00,2026/8/13 23:59:59 CT,2027-04-28,350-375,,,,375-400,38.67,"{""325-350"": 0.0, ""350-375"": 0.209569, ""375-400"": 0.386656, ""400-425"": 0.280871, ""425-450"": 0.101876, ""450-475"": 0.019224, ""475-500"": 0.001748}",0.00,20.96,38.67,28.09,10.19,1.92,0.17,2026-08-13,,settlement_export
2026-08-13 10:00:00,2026/8/13 23:59:59 CT,2027-06-09,350-375,,,,375-400,37.21,"{""325-350"": 0.0, ""350-375"": 0.192354, ""375-400"": 0.37211, ""400-425"": 0.289561, ""425-450"": 0.116579, ""450-475"": 0.026013, ""475-500"": 0.003183}",0.00,19.24,37.21,28.96,11.66,2.60,0.32,2026-08-13,,settlement_export
2026-08-13 10:00:00,2026/8/13 23:59:59 CT,2027-07-28,350-375,,,,375-400,37.03,"{""325-350"": 0.004259, ""350-375"": 0.196334, ""375-400"": 0.370282, ""400-425"": 0.28573, ""425-450"": 0.114573, ""450-475"": 0.025507, ""475-500"": 0.003117}",0.43,19.63,37.03,28.57,11.46,2.55,0.31,2026-08-13,,settlement_export
2026-08-13 10:00:00,2026/8/13 23:59:59 CT,2027-09-15,350-375,,,,375-400,36.69,"{""325-350"": 0.011942, ""350-375"": 0.203292, ""375-400"": 0.3669, ""400-425"": 0.278884, ""425-450"": 0.111011, ""450-475"": 0.024612, ""475-500"": 0.003}",1.19,20.33,36.69,27.89,11.10,2.46,0.30,2026-08-13,,settlement_export
2026-08-13 10:00:00,2026/8/13 23:59:59 CT,2027-10-27,350-375,,,,,0.00,"{""325-350"": 0.0, ""350-375"": 0.0, ""375-400"": 0.0, ""400-425"": 0.0, ""425-450"": 0.0, ""450-475"": 0.0, ""475-500"": 0.0}",0.00,0.00,0.00,0.00,0.00,0.00,0.00,2026-08-13,,settlement_export
2026-08-13 10:00:00,2026/8/13 23:59:59 CT,2027-12-08,350-375,,,,,0.00,"{""325-350"": 0.0, ""350-375"": 0.0, ""375-400"": 0.0, ""400-425"": 0.0, ""425-450"": 0.0, ""450-475"": 0.0, ""475-500"": 0.0}",0.00,0.00,0.00,0.00,0.00,0.00,0.00,2026-08-13,,settlement_export
2026-08-14 10:00:00,2026/8/14 23:59:59 CT,2026-09-16,350-375,,,,350-375,66.93,"{""325-350"": 0.0, ""350-375"": 0.669286, ""375-400"": 0.330714, ""400-425"": 0.0, ""425-450"": 0.0, ""450-475"": 0.0, ""475-500"": 0.0}",0.00,66.93,33.07,0.00,0.00,0.00,0.00,2026-08-14,,settlement_export
2026-08-14 10:00:00,2026/8/14 23:59:59 CT,2026-10-28,350-375,,,,350-375,53.59,"{""325-350"": 0.0, ""350-375"": 0.535907, ""375-400"": 0.398187, ""400-425"": 0.065907, ""425-450"": 0.0, ""450-475"": 0.0, ""475-500"": 0.0}",0.00,53.59,39.82,6.59,0.00,0.00,0.00,2026-08-14,,settlement_export
2026-08-14 10:00:00,2026/8/14 23:59:59 CT,2026-12-09,350-375,,,,375-400,45.28,"{""325-350"": 0.0, ""350-375"": 0.323529, ""375-400"": 0.452765, ""400-425"": 0.197588, ""425-450"": 0.026119, ""450-475"": 0.0, ""475-500"": 0.0}",0.00,32.35,45.28,19.76,2.61,0.00,0.00,2026-08-14,,settlement_export
2026-08-14 10:00:00,2026/8/14 23:59:59 CT,2027-01-27,350-375,,,,375-400,42.90,"{""325-350"": 0.0, ""350-375"": 0.264095, ""375-400"": 0.429024, ""400-425"": 0.244465, ""425-450"": 0.057618, ""450-475"": 0.004798, ""475-500"": 0.0}",0.00,26.41,42.90,24.45,5.76,0.48,0.00,2026-08-14,,settlement_export
2026-08-14 10:00:00,2026/8/14 23:59:59 CT,2027-03-17,350-375,,,,375-400,39.04,"{""325-350"": 0.0, ""350-375"": 0.202222, ""375-400"": 0.390383, ""400-425"": 0.287704, ""425-450"": 0.101394, ""450-475"": 0.017173, ""475-500"": 0.001124}",0.00,20.22,39.04,28.77,10.14,1.72,0.11,2026-08-14,,settlement_export
2026-08-14 10:00:00,2026/8/14 23:59:59 CT,2027-04-28,350-375,,,,375-400,37.43,"{""325-350"": 0.0, ""350-375"": 0.184888, ""375-400"": 0.374255, ""400-425"": 0.296505, ""425-450"": 0.117363, ""450-475"": 0.024392, ""475-500"": 0.0025}",0.00,18.49,37.43,29.65,11.74,2.44,0.25,2026-08-14,,settlement_export
2026-08-14 10:00:00,2026/8/14 23:59:59 CT,2027-06-09,350-375,,,,375-400,35.91,"{""325-350"": 0.0, ""350-375"": 0.170097, ""375-400"": 0.359106, ""400-425"": 0.302725, ""425-450"": 0.131695, ""450-475"": 0.03183, ""475-500"": 0.004251}",0.00,17.01,35.91,30.27,13.17,3.18,0.43,2026-08-14,,settlement_export
2026-08-14 10:00:00,2026/8/14 23:59:59 CT,2027-07-28,350-375,,,,375-400,35.91,"{""325-350"": 0.0, ""350-375"": 0.170097, ""375-400"": 0.359106, ""400-425"": 0.302725, ""425-450"": 0.131695, ""450-475"": 0.03183, ""475-500"": 0.004251}",0.00,17.01,35.91,30.27,13.17,3.18,0.43,2026-08-14,,settlement_export
2026-08-14 10:00:00,2026/8/14 23:59:59 CT,2027-09-15,350-375,,,,375-400,35.69,"{""325-350"": 0.006804, ""350-375"": 0.177658, ""375-400"": 0.356851, ""400-425"": 0.295884, ""425-450"": 0.1277, ""450-475"": 0.030727, ""475-500"": 0.004093}",0.68,17.77,35.69,29.59,12.77,3.07,0.41,2026-08-14,,settlement_export
2026-08-14 10:00:00,2026/8/14 23:59:59 CT,2027-10-27,350-375,,,,,0.00,"{""325-350"": 0.0, ""350-375"": 0.0, ""375-400"": 0.0, ""400-425"": 0.0, ""425-450"": 0.0, ""450-475"": 0.0, ""475-500"": 0.0}",0.00,0.00,0.00,0.00,0.00,0.00,0.00,2026-08-14,,settlement_export
2026-08-14 10:00:00,2026/8/14 23:59:59 CT,2027-12-08,350-375,,,,,0.00,"{""325-350"": 0.0, ""350-375"": 0.0, ""375-400"": 0.0, ""400-425"": 0.0, ""425-450"": 0.0, ""450-475"": 0.0, ""475-500"": 0.0}",0.00,0.00,0.00,0.00,0.00,0.00,0.00,2026-08-14,,settlement_export
2026-08-17 10:00:00,2026/8/17 23:59:59 CT,2026-09-16,350-375,,,,350-375,63.93,"{""325-350"": 0.0, ""350-375"": 0.639286, ""375-400"": 0.360714, ""400-425"": 0.0, ""425-450"": 0.0, ""450-475"": 0.0, ""475-500"": 0.0}",0.00,63.93,36.07,0.00,0.00,0.00,0.00,2026-08-17,,settlement_export
2026-08-17 10:00:00,2026/8/17 23:59:59 CT,2026-10-28,350-375,,,,350-375,51.19,"{""325-350"": 0.0, ""350-375"": 0.511885, ""375-400"": 0.41623, ""400-425"": 0.071885, ""425-450"": 0.0, ""450-475"": 0.0, ""475-500"": 0.0}",0.00,51.19,41.62,7.19,0.00,0.00,0.00,2026-08-17,,settlement_export
2026-08-17 10:00:00,2026/8/17 23:59:59 CT,2026-12-09,350-375,,,,375-400,45.41,"{""325-350"": 0.0, ""350-375"": 0.309027, ""375-400"": 0.454138, ""400-425"": 0.208348, ""425-450"": 0.028488, ""450-475"": 0.0, ""475-500"": 0.0}",0.00,30.90,45.41,20.83,2.85,0.00,0.00,2026-08-17,,settlement_export
2026-08-17 10:00:00,2026/8/17 23:59:59 CT,2027-01-27,350-375,,,,375-400,42.75,"{""325-350"": 0.0, ""350-375"": 0.252258, ""375-400"": 0.42748, ""400-425"": 0.2535, ""425-450"": 0.061529, ""450-475"": 0.005233, ""475-500"": 0.0}",0.00,25.23,42.75,25.35,6.15,0.52,0.00,2026-08-17,,settlement_export
2026-08-17 10:00:00,2026/8/17 23:59:59 CT,2027-03-17,350-375,,,,375-400,38.29,"{""325-350"": 0.0, ""350-375"": 0.188112, ""375-400"": 0.382924, ""400-425"": 0.297741, ""425-450"": 0.110344, ""450-475"": 0.019548, ""475-500"": 0.001331}",0.00,18.81,38.29,29.77,11.03,1.95,0.13,2026-08-17,,settlement_export
2026-08-17 10:00:00,2026/8/17 23:59:59 CT,2027-04-28,350-375,,,,375-400,36.62,"{""325-350"": 0.0, ""350-375"": 0.171988, ""375-400"": 0.366225, ""400-425"": 0.305042, ""425-450"": 0.126407, ""450-475"": 0.027331, ""475-500"": 0.002892}",0.00,17.20,36.62,30.50,12.64,2.73,0.29,2026-08-17,,settlement_export
2026-08-17 10:00:00,2026/8/17 23:59:59 CT,2027-06-09,350-375,,,,375-400,35.07,"{""325-350"": 0.0, ""350-375"": 0.158229, ""375-400"": 0.350686, ""400-425"": 0.309937, ""425-450"": 0.140698, ""450-475"": 0.035257, ""475-500"": 0.004847}",0.00,15.82,35.07,30.99,14.07,3.53,0.48,2026-08-17,,settlement_export
2026-08-17 10:00:00,2026/8/17 23:59:59 CT,2027-07-28,350-375,,,,375-400,35.07,"{""325-350"": 0.0, ""350-375"": 0.158229, ""375-400"": 0.350686, ""400-425"": 0.309937, ""425-450"": 0.140698, ""450-475"": 0.035257, ""475-500"": 0.004847}",0.00,15.82,35.07,30.99,14.07,3.53,0.48,2026-08-17,,settlement_export
2026-08-17 10:00:00,2026/8/17 23:59:59 CT,2027-09-15,350-375,,,,375-400,34.91,"{""325-350"": 0.006329, ""350-375"": 0.165927, ""375-400"": 0.349057, ""400-425"": 0.303167, ""425-450"": 0.13648, ""450-475"": 0.034041, ""475-500"": 0.004667}",0.63,16.59,34.91,30.32,13.65,3.40,0.47,2026-08-17,,settlement_export
2026-08-17 10:00:00,2026/8/17 23:59:59 CT,2027-10-27,350-375,,,,,0.00,"{""325-350"": 0.0, ""350-375"": 0.0, ""375-400"": 0.0, ""400-425"": 0.0, ""425-450"": 0.0, ""450-475"": 0.0, ""475-500"": 0.0}",0.00,0.00,0.00,0.00,0.00,0.00,0.00,2026-08-17,,settlement_export
2026-08-17 10:00:00,2026/8/17 23:59:59 CT,2027-12-08,350-375,,,,,0.00,"{""325-350"": 0.0, ""350-375"": 0.0, ""375-400"": 0.0, ""400-425"": 0.0, ""425-450"": 0.0, ""450-475"": 0.0, ""475-500"": 0.0}",0.00,0.00,0.00,0.00,0.00,0.00,0.00,2026-08-17,,settlement_export
2026-08-18 10:00:00,2026/8/18 23:59:59 CT,2026-09-16,350-375,,,,350-375,63.93,"{""325-350"": 0.0, ""350-375"": 0.639286, ""375-400"": 0.360714, ""400-425"": 0.0, ""425-450"": 0.0, ""450-475"": 0.0, ""475-500"": 0.0}",0.00,63.93,36.07,0.00,0.00,0.00,0.00,2026-08-18,,settlement_export
2026-08-18 10:00:00,2026/8/18 23:59:59 CT,2026-10-28,350-375,,,,350-375,51.19,"{""325-350"": 0.0, ""350-375"": 0.511885, ""375-400"": 0.41623, ""400-425"": 0.071885, ""425-450"": 0.0, ""450-475"": 0.0, ""475-500"": 0.0}",0.00,51.19,41.62,7.19,0.00,0.00,0.00,2026-08-18,,settlement_export
2026-08-18 10:00:00,2026/8/18 23:59:59 CT,2026-12-09,350-375,,,,375-400,45.19,"{""325-350"": 0.0, ""350-375"": 0.320781, ""375-400"": 0.451941, ""400-425"": 0.20044, ""425-450"": 0.026837, ""450-475"": 0.0, ""475-500"": 0.0}",0.00,32.08,45.19,20.04,2.68,0.00,0.00,2026-08-18,,settlement_export
2026-08-18 10:00:00,2026/8/18 23:59:59 CT,2027-01-27,350-375,,,,375-400,42.48,"{""325-350"": 0.0, ""350-375"": 0.254487, ""375-400"": 0.424835, ""400-425"": 0.252417, ""425-450"": 0.062715, ""450-475"": 0.005546, ""475-500"": 0.0}",0.00,25.45,42.48,25.24,6.27,0.55,0.00,2026-08-18,,settlement_export
2026-08-18 10:00:00,2026/8/18 23:59:59 CT,2027-03-17,350-375,,,,375-400,38.49,"{""325-350"": 0.0, ""350-375"": 0.194864, ""375-400"": 0.384925, ""400-425"": 0.292812, ""425-450"": 0.10716, ""450-475"": 0.01894, ""475-500"": 0.001299}",0.00,19.49,38.49,29.28,10.72,1.89,0.13,2026-08-18,,settlement_export
2026-08-18 10:00:00,2026/8/18 23:59:59 CT,2027-04-28,350-375,,,,375-400,36.86,"{""325-350"": 0.0, ""350-375"": 0.178161, ""375-400"": 0.368634, ""400-425"": 0.300708, ""425-450"": 0.123073, ""450-475"": 0.026502, ""475-500"": 0.002811}",0.00,17.82,36.86,30.07,12.31,2.65,0.28,2026-08-18,,settlement_export
2026-08-18 10:00:00,2026/8/18 23:59:59 CT,2027-06-09,350-375,,,,375-400,35.34,"{""325-350"": 0.0, ""350-375"": 0.163908, ""375-400"": 0.353396, ""400-425"": 0.306142, ""425-450"": 0.137284, ""450-475"": 0.034228, ""475-500"": 0.004707}",0.00,16.39,35.34,30.61,13.73,3.42,0.47,2026-08-18,,settlement_export
2026-08-18 10:00:00,2026/8/18 23:59:59 CT,2027-07-28,350-375,,,,375-400,35.34,"{""325-350"": 0.0, ""350-375"": 0.163908, ""375-400"": 0.353396, ""400-425"": 0.306142, ""425-450"": 0.137284, ""450-475"": 0.034228, ""475-500"": 0.004707}",0.00,16.39,35.34,30.61,13.73,3.42,0.47,2026-08-18,,settlement_export
2026-08-18 10:00:00,2026/8/18 23:59:59 CT,2027-09-15,350-375,,,,375-400,35.15,"{""325-350"": 0.006556, ""350-375"": 0.171488, ""375-400"": 0.351506, ""400-425"": 0.299387, ""425-450"": 0.133161, ""450-475"": 0.033047, ""475-500"": 0.004532}",0.66,17.15,35.15,29.94,13.32,3.30,0.45,2026-08-18,,settlement_export
2026-08-18 10:00:00,2026/8/18 23:59:59 CT,2027-10-27,350-375,,,,,0.00,"{""325-350"": 0.0, ""350-375"": 0.0, ""375-400"": 0.0, ""400-425"": 0.0, ""425-450"": 0.0, ""450-475"": 0.0, ""475-500"": 0.0}",0.00,0.00,0.00,0.00,0.00,0.00,0.00,2026-08-18,,settlement_export
2026-08-18 10:00:00,2026/8/18 23:59:59 CT,2027-12-08,350-375,,,,,0.00,"{""325-350"": 0.0, ""350-375"": 0.0, ""375-400"": 0.0, ""400-425"": 0.0, ""425-450"": 0.0, ""450-475"": 0.0, ""475-500"": 0.0}",0.00,0.00,0.00,0.00,0.00,0.00,0.00,2026-08-18,,settlement_export
2026-08-19 10:00:00,2026/8/19 23:59:59 CT,2026-09-16,350-375,,,,350-375,66.93,"{""325-350"": 0.0, ""350-375"": 0.669286, ""375-400"": 0.330714, ""400-425"": 0.0, ""425-450"": 0.0, ""450-475"": 0.0, ""475-500"": 0.0}",0.00,66.93,33.07,0.00,0.00,0.00,0.00,2026-08-19,,settlement_export
2026-08-19 10:00:00,2026/8/19 23:59:59 CT,2026-10-28,350-375,,,,350-375,53.59,"{""325-350"": 0.0, ""350-375"": 0.535907, ""375-400"": 0.398187, ""400-425"": 0.065907, ""425-450"": 0.0, ""450-475"": 0.0, ""475-500"": 0.0}",0.00,53.59,39.82,6.59,0.00,0.00,0.00,2026-08-19,,settlement_export
2026-08-19 10:00:00,2026/8/19 23:59:59 CT,2026-12-09,350-375,,,,375-400,45.28,"{""325-350"": 0.0, ""350-375"": 0.323529, ""375-400"": 0.452765, ""400-425"": 0.197588, ""425-450"": 0.026119, ""450-475"": 0.0, ""475-500"": 0.0}",0.00,32.35,45.28,19.76,2.61,0.00,0.00,2026-08-19,,settlement_export
2026-08-19 10:00:00,2026/8/19 23:59:59 CT,2027-01-27,350-375,,,,375-400,42.90,"{""325-350"": 0.0, ""350-375"": 0.264095, ""375-400"": 0.429024, ""400-425"": 0.244465, ""425-450"": 0.057618, ""450-475"": 0.004798, ""475-500"": 0.0}",0.00,26.41,42.90,24.45,5.76,0.48,0.00,2026-08-19,,settlement_export
2026-08-19 10:00:00,2026/8/19 23:59:59 CT,2027-03-17,350-375,,,,375-400,39.06,"{""325-350"": 0.0, ""350-375"": 0.202599, ""375-400"": 0.390619, ""400-425"": 0.287441, ""425-450"": 0.101127, ""450-475"": 0.017098, ""475-500"": 0.001117}",0.00,20.26,39.06,28.74,10.11,1.71,0.11,2026-08-19,,settlement_export
2026-08-19 10:00:00,2026/8/19 23:59:59 CT,2027-04-28,350-375,,,,375-400,37.05,"{""325-350"": 0.0, ""350-375"": 0.180892, ""375-400"": 0.370474, ""400-425"": 0.298495, ""425-450"": 0.121089, ""450-475"": 0.026101, ""475-500"": 0.002829}",0.00,18.09,37.05,29.85,12.11,2.61,0.28,2026-08-19,,settlement_export
2026-08-19 10:00:00,2026/8/19 23:59:59 CT,2027-06-09,350-375,,,,375-400,35.15,"{""325-350"": 0.0, ""350-375"": 0.162803, ""375-400"": 0.351516, ""400-425"": 0.305693, ""425-450"": 0.13883, ""450-475"": 0.0356, ""475-500"": 0.005157}",0.00,16.28,35.15,30.57,13.88,3.56,0.52,2026-08-19,,settlement_export
2026-08-19 10:00:00,2026/8/19 23:59:59 CT,2027-07-28,350-375,,,,375-400,35.15,"{""325-350"": 0.0, ""350-375"": 0.162803, ""375-400"": 0.351516, ""400-425"": 0.305693, ""425-450"": 0.13883, ""450-475"": 0.0356, ""475-500"": 0.005157}",0.00,16.28,35.15,30.57,13.88,3.56,0.52,2026-08-19,,settlement_export
2026-08-19 10:00:00,2026/8/19 23:59:59 CT,2027-09-15,350-375,,,,375-400,35.15,"{""325-350"": 0.0, ""350-375"": 0.162803, ""375-400"": 0.351516, ""400-425"": 0.305693, ""425-450"": 0.13883, ""450-475"": 0.0356, ""475-500"": 0.005157}",0.00,16.28,35.15,30.57,13.88,3.56,0.52,2026-08-19,,settlement_export
2026-08-19 10:00:00,2026/8/19 23:59:59 CT,2027-10-27,350-375,,,,,0.00,"{""325-350"": 0.0, ""350-375"": 0.0, ""375-400"": 0.0, ""400-425"": 0.0, ""425-450"": 0.0, ""450-475"": 0.0, ""475-500"": 0.0}",0.00,0.00,0.00,0.00,0.00,0.00,0.00,2026-08-19,,settlement_export
2026-08-19 10:00:00,2026/8/19 23:59:59 CT,2027-12-08,350-375,,,,,0.00,"{""325-350"": 0.0, ""350-375"": 0.0, ""375-400"": 0.0, ""400-425"": 0.0, ""425-450"": 0.0, ""450-475"": 0.0, ""475-500"": 0.0}",0.00,0.00,0.00,0.00,0.00,0.00,0.00,2026-08-19,,settlement_export
2026-08-20 10:00:00,2026/8/20 23:59:59 CT,2026-09-16,350-375,,,,350-375,63.93,"{""325-350"": 0.0, ""350-375"": 0.639286, ""375-400"": 0.360714, ""400-425"": 0.0, ""425-450"": 0.0, ""450-475"": 0.0, ""475-500"": 0.0}",0.00,63.93,36.07,0.00,0.00,0.00,0.00,2026-08-20,,settlement_export
2026-08-20 10:00:00,2026/8/20 23:59:59 CT,2026-10-28,350-375,,,,350-375,51.19,"{""325-350"": 0.0, ""350-375"": 0.511885, ""375-400"": 0.41623, ""400-425"": 0.071885, ""425-450"": 0.0, ""450-475"": 0.0, ""475-500"": 0.0}",0.00,51.19,41.62,7.19,0.00,0.00,0.00,2026-08-20,,settlement_export
2026-08-20 10:00:00,2026/8/20 23:59:59 CT,2026-12-09,350-375,,,,375-400,45.03,"{""325-350"": 0.0, ""350-375"": 0.329502, ""375-400"": 0.450311, ""400-425"": 0.194574, ""425-450"": 0.025612, ""450-475"": 0.0, ""475-500"": 0.0}",0.00,32.95,45.03,19.46,2.56,0.00,0.00,2026-08-20,,settlement_export
2026-08-20 10:00:00,2026/8/20 23:59:59 CT,2027-01-27,350-375,,,,375-400,42.81,"{""325-350"": 0.0, ""350-375"": 0.268972, ""375-400"": 0.428118, ""400-425"": 0.241554, ""425-450"": 0.056651, ""450-475"": 0.004705, ""475-500"": 0.0}",0.00,26.90,42.81,24.16,5.67,0.47,0.00,2026-08-20,,settlement_export
2026-08-20 10:00:00,2026/8/20 23:59:59 CT,2027-03-17,350-375,,,,375-400,39.11,"{""325-350"": 0.0, ""350-375"": 0.20634, ""375-400"": 0.39106, ""400-425"": 0.284997, ""425-450"": 0.099707, ""450-475"": 0.016801, ""475-500"": 0.001096}",0.00,20.63,39.11,28.50,9.97,1.68,0.11,2026-08-20,,settlement_export
2026-08-20 10:00:00,2026/8/20 23:59:59 CT,2027-04-28,350-375,,,,375-400,37.13,"{""325-350"": 0.0, ""350-375"": 0.184232, ""375-400"": 0.371268, ""400-425"": 0.296361, ""425-450"": 0.11956, ""450-475"": 0.025684, ""475-500"": 0.002778}",0.00,18.42,37.13,29.64,11.96,2.57,0.28,2026-08-20,,settlement_export
2026-08-20 10:00:00,2026/8/20 23:59:59 CT,2027-06-09,350-375,,,,375-400,35.30,"{""325-350"": 0.0, ""350-375"": 0.166203, ""375-400"": 0.352966, ""400-425"": 0.303691, ""425-450"": 0.136861, ""450-475"": 0.03487, ""475-500"": 0.00502}",0.00,16.62,35.30,30.37,13.69,3.49,0.50,2026-08-20,,settlement_export
2026-08-20 10:00:00,2026/8/20 23:59:59 CT,2027-07-28,350-375,,,,375-400,34.88,"{""325-350"": 0.0, ""350-375"": 0.162523, ""375-400"": 0.34883, ""400-425"": 0.304782, ""425-450"": 0.140555, ""450-475"": 0.037129, ""475-500"": 0.005681}",0.00,16.25,34.88,30.48,14.06,3.71,0.57,2026-08-20,,settlement_export
2026-08-20 10:00:00,2026/8/20 23:59:59 CT,2027-09-15,350-375,,,,375-400,34.88,"{""325-350"": 0.0, ""350-375"": 0.162523, ""375-400"": 0.34883, ""400-425"": 0.304782, ""425-450"": 0.140555, ""450-475"": 0.037129, ""475-500"": 0.005681}",0.00,16.25,34.88,30.48,14.06,3.71,0.57,2026-08-20,,settlement_export
2026-08-20 10:00:00,2026/8/20 23:59:59 CT,2027-10-27,350-375,,,,,0.00,"{""325-350"": 0.0, ""350-375"": 0.0, ""375-400"": 0.0, ""400-425"": 0.0, ""425-450"": 0.0, ""450-475"": 0.0, ""475-500"": 0.0}",0.00,0.00,0.00,0.00,0.00,0.00,0.00,2026-08-20,,settlement_export
2026-08-20 10:00:00,2026/8/20 23:59:59 CT,2027-12-08,350-375,,,,,0.00,"{""325-350"": 0.0, ""350-375"": 0.0, ""375-400"": 0.0, ""400-425"": 0.0, ""425-450"": 0.0, ""450-475"": 0.0, ""475-500"": 0.0}",0.00,0.00,0.00,0.00,0.00,0.00,0.00,2026-08-20,,settlement_export
2026-08-21 10:00:00,2026/8/21 23:59:59 CT,2026-09-16,350-375,,,,350-375,60.14,"{""325-350"": 0.0, ""350-375"": 0.601429, ""375-400"": 0.398571, ""400-425"": 0.0, ""425-450"": 0.0, ""450-475"": 0.0, ""475-500"": 0.0}",0.00,60.14,39.86,0.00,0.00,0.00,0.00,2026-08-21,,settlement_export
2026-08-21 10:00:00,2026/8/21 23:59:59 CT,2026-10-28,350-375,,,,350-375,46.83,"{""325-350"": 0.0, ""350-375"": 0.468255, ""375-400"": 0.44349, ""400-425"": 0.088255, ""425-450"": 0.0, ""450-475"": 0.0, ""475-500"": 0.0}",0.00,46.83,44.35,8.83,0.00,0.00,0.00,2026-08-21,,settlement_export
2026-08-21 10:00:00,2026/8/21 23:59:59 CT,2026-12-09,350-375,,,,375-400,45.32,"{""325-350"": 0.0, ""350-375"": 0.284075, ""375-400"": 0.453231, ""400-425"": 0.227981, ""425-450"": 0.034714, ""450-475"": 0.0, ""475-500"": 0.0}",0.00,28.41,45.32,22.80,3.47,0.00,0.00,2026-08-21,,settlement_export
2026-08-21 10:00:00,2026/8/21 23:59:59 CT,2027-01-27,350-375,,,,375-400,41.83,"{""325-350"": 0.0, ""350-375"": 0.225366, ""375-400"": 0.418272, ""400-425"": 0.274532, ""425-450"": 0.074656, ""450-475"": 0.007174, ""475-500"": 0.0}",0.00,22.54,41.83,27.45,7.47,0.72,0.00,2026-08-21,,settlement_export
2026-08-21 10:00:00,2026/8/21 23:59:59 CT,2027-03-17,350-375,,,,375-400,36.59,"{""325-350"": 0.0, ""350-375"": 0.164195, ""375-400"": 0.365912, ""400-425"": 0.313547, ""425-450"": 0.128908, ""450-475"": 0.025491, ""475-500"": 0.001947}",0.00,16.42,36.59,31.35,12.89,2.55,0.19,2026-08-21,,settlement_export
2026-08-21 10:00:00,2026/8/21 23:59:59 CT,2027-04-28,350-375,,,,375-400,34.00,"{""325-350"": 0.0, ""350-375"": 0.143084, ""375-400"": 0.339977, ""400-425"": 0.32028, ""425-450"": 0.152647, ""450-475"": 0.038787, ""475-500"": 0.004974}",0.00,14.31,34.00,32.03,15.26,3.88,0.50,2026-08-21,,settlement_export
2026-08-21 10:00:00,2026/8/21 23:59:59 CT,2027-06-09,350-375,,,,400-425,32.30,"{""325-350"": 0.0, ""350-375"": 0.123359, ""375-400"": 0.312834, ""400-425"": 0.322995, ""425-450"": 0.175757, ""450-475"": 0.054483, ""475-500"": 0.009636}",0.00,12.34,31.28,32.30,17.58,5.45,0.96,2026-08-21,,settlement_export
2026-08-21 10:00:00,2026/8/21 23:59:59 CT,2027-07-28,350-375,,,,400-425,32.28,"{""325-350"": 0.0, ""350-375"": 0.120628, ""375-400"": 0.308638, ""400-425"": 0.32277, ""425-450"": 0.179017, ""450-475"": 0.057169, ""475-500"": 0.010629}",0.00,12.06,30.86,32.28,17.90,5.72,1.06,2026-08-21,,settlement_export
2026-08-21 10:00:00,2026/8/21 23:59:59 CT,2027-09-15,350-375,,,,400-425,32.28,"{""325-350"": 0.0, ""350-375"": 0.120628, ""375-400"": 0.308638, ""400-425"": 0.32277, ""425-450"": 0.179017, ""450-475"": 0.057169, ""475-500"": 0.010629}",0.00,12.06,30.86,32.28,17.90,5.72,1.06,2026-08-21,,settlement_export
2026-08-21 10:00:00,2026/8/21 23:59:59 CT,2027-10-27,350-375,,,,,0.00,"{""325-350"": 0.0, ""350-375"": 0.0, ""375-400"": 0.0, ""400-425"": 0.0, ""425-450"": 0.0, ""450-475"": 0.0, ""475-500"": 0.0}",0.00,0.00,0.00,0.00,0.00,0.00,0.00,2026-08-21,,settlement_export
2026-08-21 10:00:00,2026/8/21 23:59:59 CT,2027-12-08,350-375,,,,,0.00,"{""325-350"": 0.0, ""350-375"": 0.0, ""375-400"": 0.0, ""400-425"": 0.0, ""425-450"": 0.0, ""450-475"": 0.0, ""475-500"": 0.0}",0.00,0.00,0.00,0.00,0.00,0.00,0.00,2026-08-21,,settlement_export
2026-08-24 10:00:00,2026/8/24 23:59:59 CT,2026-09-16,350-375,,,,350-375,58.57,"{""325-350"": 0.0, ""350-375"": 0.585714, ""375-400"": 0.414286, ""400-425"": 0.0, ""425-450"": 0.0, ""450-475"": 0.0, ""475-500"": 0.0}",0.00,58.57,41.43,0.00,0.00,0.00,0.00,2026-08-24,,settlement_export
2026-08-24 10:00:00,2026/8/24 23:59:59 CT,2026-10-28,350-375,,,,375-400,45.98,"{""325-350"": 0.0, ""350-375"": 0.430082, ""375-400"": 0.459837, ""400-425"": 0.110082, ""425-450"": 0.0, ""450-475"": 0.0, ""475-500"": 0.0}",0.00,43.01,45.98,11.01,0.00,0.00,0.00,2026-08-24,,settlement_export
2026-08-24 10:00:00,2026/8/24 23:59:59 CT,2026-12-09,350-375,,,,375-400,44.75,"{""325-350"": 0.0, ""350-375"": 0.252315, ""375-400"": 0.447538, ""400-425"": 0.254647, ""425-450"": 0.0455, ""450-475"": 0.0, ""475-500"": 0.0}",0.00,25.23,44.75,25.46,4.55,0.00,0.00,2026-08-24,,settlement_export
2026-08-24 10:00:00,2026/8/24 23:59:59 CT,2027-01-27,350-375,,,,375-400,40.72,"{""325-350"": 0.0, ""350-375"": 0.20017, ""375-400"": 0.407192, ""400-425"": 0.294511, ""425-450"": 0.088724, ""450-475"": 0.009403, ""475-500"": 0.0}",0.00,20.02,40.72,29.45,8.87,0.94,0.00,2026-08-24,,settlement_export
2026-08-24 10:00:00,2026/8/24 23:59:59 CT,2027-03-17,350-375,,,,375-400,35.07,"{""325-350"": 0.0, ""350-375"": 0.145552, ""375-400"": 0.350704, ""400-425"": 0.325257, ""425-450"": 0.144875, ""450-475"": 0.031047, ""475-500"": 0.002566}",0.00,14.56,35.07,32.53,14.49,3.10,0.26,2026-08-24,,settlement_export
2026-08-24 10:00:00,2026/8/24 23:59:59 CT,2027-04-28,350-375,,,,375-400,32.87,"{""325-350"": 0.0, ""350-375"": 0.129957, ""375-400"": 0.328724, ""400-425"": 0.327983, ""425-450"": 0.164201, ""450-475"": 0.043242, ""475-500"": 0.005617}",0.00,13.00,32.87,32.80,16.42,4.32,0.56,2026-08-24,,settlement_export
2026-08-24 10:00:00,2026/8/24 23:59:59 CT,2027-06-09,350-375,,,,400-425,32.81,"{""325-350"": 0.0, ""350-375"": 0.114641, ""375-400"": 0.305298, ""400-425"": 0.328071, ""425-450"": 0.183504, ""450-475"": 0.057498, ""475-500"": 0.010052}",0.00,11.46,30.53,32.81,18.35,5.75,1.01,2026-08-24,,settlement_export
2026-08-24 10:00:00,2026/8/24 23:59:59 CT,2027-07-28,350-375,,,,400-425,32.76,"{""325-350"": 0.0, ""350-375"": 0.112102, ""375-400"": 0.301076, ""400-425"": 0.327566, ""425-450"": 0.186705, ""450-475"": 0.060288, ""475-500"": 0.011102}",0.00,11.21,30.11,32.76,18.67,6.03,1.11,2026-08-24,,settlement_export
2026-08-24 10:00:00,2026/8/24 23:59:59 CT,2027-09-15,350-375,,,,400-425,32.76,"{""325-350"": 0.0, ""350-375"": 0.112102, ""375-400"": 0.301076, ""400-425"": 0.327566, ""425-450"": 0.186705, ""450-475"": 0.060288, ""475-500"": 0.011102}",0.00,11.21,30.11,32.76,18.67,6.03,1.11,2026-08-24,,settlement_export
2026-08-24 10:00:00,2026/8/24 23:59:59 CT,2027-10-27,350-375,,,,,0.00,"{""325-350"": 0.0, ""350-375"": 0.0, ""375-400"": 0.0, ""400-425"": 0.0, ""425-450"": 0.0, ""450-475"": 0.0, ""475-500"": 0.0}",0.00,0.00,0.00,0.00,0.00,0.00,0.00,2026-08-24,,settlement_export
2026-08-24 10:00:00,2026/8/24 23:59:59 CT,2027-12-08,350-375,,,,,0.00,"{""325-350"": 0.0, ""350-375"": 0.0, ""375-400"": 0.0, ""400-425"": 0.0, ""425-450"": 0.0, ""450-475"": 0.0, ""475-500"": 0.0}",0.00,0.00,0.00,0.00,0.00,0.00,0.00,2026-08-24,,settlement_export
2026-08-25 10:00:00,2026/8/25 23:59:59 CT,2026-09-16,350-375,,,,350-375,60.36,"{""325-350"": 0.0, ""350-375"": 0.603571, ""375-400"": 0.396429, ""400-425"": 0.0, ""425-450"": 0.0, ""450-475"": 0.0, ""475-500"": 0.0}",0.00,60.36,39.64,0.00,0.00,0.00,0.00,2026-08-25,,settlement_export
2026-08-25 10:00:00,2026/8/25 23:59:59 CT,2026-10-28,350-375,,,,350-375,45.66,"{""325-350"": 0.0, ""350-375"": 0.456559, ""375-400"": 0.446883, ""400-425"": 0.096559, ""425-450"": 0.0, ""450-475"": 0.0, ""475-500"": 0.0}",0.00,45.66,44.69,9.66,0.00,0.00,0.00,2026-08-25,,settlement_export
2026-08-25 10:00:00,2026/8/25 23:59:59 CT,2026-12-09,350-375,,,,375-400,45.07,"{""325-350"": 0.0, ""350-375"": 0.275626, ""375-400"": 0.450717, ""400-425"": 0.235391, ""425-450"": 0.038266, ""450-475"": 0.0, ""475-500"": 0.0}",0.00,27.56,45.07,23.54,3.83,0.00,0.00,2026-08-25,,settlement_export
2026-08-25 10:00:00,2026/8/25 23:59:59 CT,2027-01-27,350-375,,,,375-400,41.86,"{""325-350"": 0.0, ""350-375"": 0.224993, ""375-400"": 0.418552, ""400-425"": 0.274947, ""425-450"": 0.074478, ""450-475"": 0.00703, ""475-500"": 0.0}",0.00,22.50,41.86,27.49,7.45,0.70,0.00,2026-08-25,,settlement_export
2026-08-25 10:00:00,2026/8/25 23:59:59 CT,2027-03-17,350-375,,,,375-400,37.32,"{""325-350"": 0.0, ""350-375"": 0.17228, ""375-400"": 0.373204, ""400-425"": 0.308592, ""425-450"": 0.121445, ""450-475"": 0.022832, ""475-500"": 0.001647}",0.00,17.23,37.32,30.86,12.14,2.28,0.16,2026-08-25,,settlement_export
2026-08-25 10:00:00,2026/8/25 23:59:59 CT,2027-04-28,350-375,,,,375-400,35.60,"{""325-350"": 0.0, ""350-375"": 0.157513, ""375-400"": 0.355982, ""400-425"": 0.31413, ""425-450"": 0.137486, ""450-475"": 0.031284, ""475-500"": 0.003463}",0.00,15.75,35.60,31.41,13.75,3.13,0.35,2026-08-25,,settlement_export
2026-08-25 10:00:00,2026/8/25 23:59:59 CT,2027-06-09,350-375,,,,375-400,33.57,"{""325-350"": 0.0, ""350-375"": 0.141424, ""375-400"": 0.33571, ""400-425"": 0.318405, ""425-450"": 0.155529, ""450-475"": 0.042132, ""475-500"": 0.006305}",0.00,14.14,33.57,31.84,15.55,4.21,0.63,2026-08-25,,settlement_export
2026-08-25 10:00:00,2026/8/25 23:59:59 CT,2027-07-28,350-375,,,,375-400,33.53,"{""325-350"": 0.003132, ""350-375"": 0.145726, ""375-400"": 0.335327, ""400-425"": 0.314798, ""425-450"": 0.153018, ""450-475"": 0.041339, ""475-500"": 0.006176}",0.31,14.57,33.53,31.48,15.30,4.13,0.62,2026-08-25,,settlement_export
2026-08-25 10:00:00,2026/8/25 23:59:59 CT,2027-09-15,350-375,,,,375-400,33.53,"{""325-350"": 0.003132, ""350-375"": 0.145726, ""375-400"": 0.335327, ""400-425"": 0.314798, ""425-450"": 0.153018, ""450-475"": 0.041339, ""475-500"": 0.006176}",0.31,14.57,33.53,31.48,15.30,4.13,0.62,2026-08-25,,settlement_export
2026-08-25 10:00:00,2026/8/25 23:59:59 CT,2027-10-27,350-375,,,,,0.00,"{""325-350"": 0.0, ""350-375"": 0.0, ""375-400"": 0.0, ""400-425"": 0.0, ""425-450"": 0.0, ""450-475"": 0.0, ""475-500"": 0.0}",0.00,0.00,0.00,0.00,0.00,0.00,0.00,2026-08-25,,settlement_export
2026-08-25 10:00:00,2026/8/25 23:59:59 CT,2027-12-08,350-375,,,,,0.00,"{""325-350"": 0.0, ""350-375"": 0.0, ""375-400"": 0.0, ""400-425"": 0.0, ""425-450"": 0.0, ""450-475"": 0.0, ""475-500"": 0.0}",0.00,0.00,0.00,0.00,0.00,0.00,0.00,2026-08-25,,settlement_export
2026-08-26 10:00:00,2026/8/26 23:59:59 CT,2026-09-16,350-375,,,,350-375,63.36,"{""325-350"": 0.0, ""350-375"": 0.633571, ""375-400"": 0.366429, ""400-425"": 0.0, ""425-450"": 0.0, ""450-475"": 0.0, ""475-500"": 0.0}",0.00,63.36,36.64,0.00,0.00,0.00,0.00,2026-08-26,,settlement_export
2026-08-26 10:00:00,2026/8/26 23:59:59 CT,2026-10-28,350-375,,,,350-375,47.93,"{""325-350"": 0.0, ""350-375"": 0.479252, ""375-400"": 0.431497, ""400-425"": 0.089252, ""425-450"": 0.0, ""450-475"": 0.0, ""475-500"": 0.0}",0.00,47.93,43.15,8.93,0.00,0.00,0.00,2026-08-26,,settlement_export
2026-08-26 10:00:00,2026/8/26 23:59:59 CT,2026-12-09,350-375,,,,375-400,45.22,"{""325-350"": 0.0, ""350-375"": 0.271576, ""375-400"": 0.452191, ""400-425"": 0.237558, ""425-450"": 0.038676, ""450-475"": 0.0, ""475-500"": 0.0}",0.00,27.16,45.22,23.76,3.87,0.00,0.00,2026-08-26,,settlement_export
2026-08-26 10:00:00,2026/8/26 23:59:59 CT,2027-01-27,350-375,,,,375-400,41.49,"{""325-350"": 0.0, ""350-375"": 0.21545, ""375-400"": 0.414864, ""400-425"": 0.281915, ""425-450"": 0.079778, ""450-475"": 0.007993, ""475-500"": 0.0}",0.00,21.55,41.49,28.19,7.98,0.80,0.00,2026-08-26,,settlement_export
2026-08-26 10:00:00,2026/8/26 23:59:59 CT,2027-03-17,350-375,,,,375-400,36.02,"{""325-350"": 0.0, ""350-375"": 0.156355, ""375-400"": 0.360167, ""400-425"": 0.318381, ""425-450"": 0.135221, ""450-475"": 0.027683, ""475-500"": 0.002192}",0.00,15.64,36.02,31.84,13.52,2.77,0.22,2026-08-26,,settlement_export
2026-08-26 10:00:00,2026/8/26 23:59:59 CT,2027-04-28,350-375,,,,375-400,34.27,"{""325-350"": 0.0, ""350-375"": 0.142953, ""375-400"": 0.342698, ""400-425"": 0.321963, ""425-450"": 0.150921, ""450-475"": 0.0369, ""475-500"": 0.004377}",0.00,14.30,34.27,32.20,15.09,3.69,0.44,2026-08-26,,settlement_export
2026-08-26 10:00:00,2026/8/26 23:59:59 CT,2027-06-09,350-375,,,,400-425,32.45,"{""325-350"": 0.0, ""350-375"": 0.125799, ""375-400"": 0.318728, ""400-425"": 0.324451, ""425-450"": 0.171446, ""450-475"": 0.050583, ""475-500"": 0.00828}",0.00,12.58,31.87,32.45,17.14,5.06,0.83,2026-08-26,,settlement_export
2026-08-26 10:00:00,2026/8/26 23:59:59 CT,2027-07-28,350-375,,,,400-425,32.45,"{""325-350"": 0.0, ""350-375"": 0.125799, ""375-400"": 0.318728, ""400-425"": 0.324451, ""425-450"": 0.171446, ""450-475"": 0.050583, ""475-500"": 0.00828}",0.00,12.58,31.87,32.45,17.14,5.06,0.83,2026-08-26,,settlement_export
2026-08-26 10:00:00,2026/8/26 23:59:59 CT,2027-09-15,350-375,,,,400-425,32.45,"{""325-350"": 0.0, ""350-375"": 0.125799, ""375-400"": 0.318728, ""400-425"": 0.324451, ""425-450"": 0.171446, ""450-475"": 0.050583, ""475-500"": 0.00828}",0.00,12.58,31.87,32.45,17.14,5.06,0.83,2026-08-26,,settlement_export
2026-08-26 10:00:00,2026/8/26 23:59:59 CT,2027-10-27,350-375,,,,,0.00,"{""325-350"": 0.0, ""350-375"": 0.0, ""375-400"": 0.0, ""400-425"": 0.0, ""425-450"": 0.0, ""450-475"": 0.0, ""475-500"": 0.0}",0.00,0.00,0.00,0.00,0.00,0.00,0.00,2026-08-26,,settlement_export
2026-08-26 10:00:00,2026/8/26 23:59:59 CT,2027-12-08,350-375,,,,,0.00,"{""325-350"": 0.0, ""350-375"": 0.0, ""375-400"": 0.0, ""400-425"": 0.0, ""425-450"": 0.0, ""450-475"": 0.0, ""475-500"": 0.0}",0.00,0.00,0.00,0.00,0.00,0.00,0.00,2026-08-26,,settlement_export
2026-08-27 10:00:00,2026/8/27 23:59:59 CT,2026-09-16,350-375,,,,350-375,64.57,"{""325-350"": 0.0, ""350-375"": 0.645714, ""375-400"": 0.354286, ""400-425"": 0.0, ""425-450"": 0.0, ""450-475"": 0.0, ""475-500"": 0.0}",0.00,64.57,35.43,0.00,0.00,0.00,0.00,2026-08-27,,settlement_export
2026-08-27 10:00:00,2026/8/27 23:59:59 CT,2026-10-28,350-375,,,,350-375,47.41,"{""325-350"": 0.0, ""350-375"": 0.474139, ""375-400"": 0.431722, ""400-425"": 0.094139, ""425-450"": 0.0, ""450-475"": 0.0, ""475-500"": 0.0}",0.00,47.41,43.17,9.41,0.00,0.00,0.00,2026-08-27,,settlement_export
2026-08-27 10:00:00,2026/8/27 23:59:59 CT,2026-12-09,350-375,,,,375-400,45.10,"{""325-350"": 0.0, ""350-375"": 0.259196, ""375-400"": 0.450951, ""400-425"": 0.247177, ""425-450"": 0.042676, ""450-475"": 0.0, ""475-500"": 0.0}",0.00,25.92,45.10,24.72,4.27,0.00,0.00,2026-08-27,,settlement_export
2026-08-27 10:00:00,2026/8/27 23:59:59 CT,2027-01-27,350-375,,,,375-400,41.13,"{""325-350"": 0.0, ""350-375"": 0.205629, ""375-400"": 0.411322, ""400-425"": 0.28929, ""425-450"": 0.08494, ""450-475"": 0.00882, ""475-500"": 0.0}",0.00,20.56,41.13,28.93,8.49,0.88,0.00,2026-08-27,,settlement_export
2026-08-27 10:00:00,2026/8/27 23:59:59 CT,2027-03-17,350-375,,,,375-400,35.11,"{""325-350"": 0.0, ""350-375"": 0.145409, ""375-400"": 0.351083, ""400-425"": 0.325028, ""425-450"": 0.144785, ""450-475"": 0.031112, ""475-500"": 0.002583}",0.00,14.54,35.11,32.50,14.48,3.11,0.26,2026-08-27,,settlement_export
2026-08-27 10:00:00,2026/8/27 23:59:59 CT,2027-04-28,350-375,,,,375-400,32.90,"{""325-350"": 0.0, ""350-375"": 0.129829, ""375-400"": 0.329047, ""400-425"": 0.32782, ""425-450"": 0.164097, ""450-475"": 0.043291, ""475-500"": 0.00564}",0.00,12.98,32.90,32.78,16.41,4.33,0.56,2026-08-27,,settlement_export
2026-08-27 10:00:00,2026/8/27 23:59:59 CT,2027-06-09,350-375,,,,400-425,32.80,"{""325-350"": 0.0, ""350-375"": 0.11425, ""375-400"": 0.30514, ""400-425"": 0.327967, ""425-450"": 0.183744, ""450-475"": 0.057788, ""475-500"": 0.010158}",0.00,11.43,30.51,32.80,18.37,5.78,1.02,2026-08-27,,settlement_export
2026-08-27 10:00:00,2026/8/27 23:59:59 CT,2027-07-28,350-375,,,,400-425,32.80,"{""325-350"": 0.0, ""350-375"": 0.11425, ""375-400"": 0.30514, ""400-425"": 0.327967, ""425-450"": 0.183744, ""450-475"": 0.057788, ""475-500"": 0.010158}",0.00,11.43,30.51,32.80,18.37,5.78,1.02,2026-08-27,,settlement_export
2026-08-27 10:00:00,2026/8/27 23:59:59 CT,2027-09-15,350-375,,,,400-425,32.80,"{""325-350"": 0.0, ""350-375"": 0.11425, ""375-400"": 0.30514, ""400-425"": 0.327967, ""425-450"": 0.183744, ""450-475"": 0.057788, ""475-500"": 0.010158}",0.00,11.43,30.51,32.80,18.37,5.78,1.02,2026-08-27,,settlement_export
2026-08-27 10:00:00,2026/8/27 23:59:59 CT,2027-10-27,350-375,,,,,0.00,"{""325-350"": 0.0, ""350-375"": 0.0, ""375-400"": 0.0, ""400-425"": 0.0, ""425-450"": 0.0, ""450-475"": 0.0, ""475-500"": 0.0}",0.00,0.00,0.00,0.00,0.00,0.00,0.00,2026-08-27,,settlement_export
2026-08-27 10:00:00,2026/8/27 23:59:59 CT,2027-12-08,350-375,,,,,0.00,"{""325-350"": 0.0, ""350-375"": 0.0, ""375-400"": 0.0, ""400-425"": 0.0, ""425-450"": 0.0, ""450-475"": 0.0, ""475-500"": 0.0}",0.00,0.00,0.00,0.00,0.00,0.00,0.00,2026-08-27,,settlement_export
2026-08-28 10:00:00,2026/8/28 23:59:59 CT,2026-09-16,350-375,,,,375-400,57.00,"{""325-350"": 0.0, ""350-375"": 0.43, ""375-400"": 0.57, ""400-425"": 0.0, ""425-450"": 0.0, ""450-475"": 0.0, ""475-500"": 0.0}",0.00,43.00,57.00,0.00,0.00,0.00,0.00,2026-08-28,,settlement_export
2026-08-28 10:00:00,2026/8/28 23:59:59 CT,2026-10-28,350-375,,,,375-400,52.66,"{""325-350"": 0.0, ""350-375"": 0.2967, ""375-400"": 0.5266, ""400-425"": 0.1767, ""425-450"": 0.0, ""450-475"": 0.0, ""475-500"": 0.0}",0.00,29.67,52.66,17.67,0.00,0.00,0.00,2026-08-28,,settlement_export
2026-08-28 10:00:00,2026/8/28 23:59:59 CT,2026-12-09,350-375,,,,400-425,39.52,"{""325-350"": 0.0, ""350-375"": 0.111427, ""375-400"": 0.38304, ""400-425"": 0.395193, ""425-450"": 0.110339, ""450-475"": 0.0, ""475-500"": 0.0}",0.00,11.14,38.30,39.52,11.03,0.00,0.00,2026-08-28,,settlement_export
2026-08-28 10:00:00,2026/8/28 23:59:59 CT,2027-01-27,350-375,,,,400-425,39.18,"{""325-350"": 0.0, ""350-375"": 0.080723, ""375-400"": 0.308196, ""400-425"": 0.391844, ""425-450"": 0.188832, ""450-475"": 0.030405, ""475-500"": 0.0}",0.00,8.07,30.82,39.18,18.88,3.04,0.00,2026-08-28,,settlement_export
2026-08-28 10:00:00,2026/8/28 23:59:59 CT,2027-03-17,350-375,,,,400-425,36.08,"{""325-350"": 0.0, ""350-375"": 0.05074, ""375-400"": 0.223706, ""400-425"": 0.360775, ""425-450"": 0.264237, ""450-475"": 0.089249, ""475-500"": 0.011293}",0.00,5.07,22.37,36.08,26.42,8.92,1.13,2026-08-28,,settlement_export
2026-08-28 10:00:00,2026/8/28 23:59:59 CT,2027-04-28,350-375,,,,400-425,34.32,"{""325-350"": 0.0, ""350-375"": 0.044216, ""375-400"": 0.201467, ""400-425"": 0.343152, ""425-450"": 0.276649, ""450-475"": 0.111748, ""475-500"": 0.021316}",0.00,4.42,20.15,34.32,27.66,11.17,2.13,2026-08-28,,settlement_export
2026-08-28 10:00:00,2026/8/28 23:59:59 CT,2027-06-09,350-375,,,,400-425,32.62,"{""325-350"": 0.0, ""350-375"": 0.03891, ""375-400"": 0.182597, ""400-425"": 0.32615, ""425-450"": 0.284629, ""450-475"": 0.131536, ""475-500"": 0.032168}",0.00,3.89,18.26,32.62,28.46,13.15,3.22,2026-08-28,,settlement_export
2026-08-28 10:00:00,2026/8/28 23:59:59 CT,2027-07-28,350-375,,,,400-425,32.62,"{""325-350"": 0.0, ""350-375"": 0.03891, ""375-400"": 0.182597, ""400-425"": 0.32615, ""425-450"": 0.284629, ""450-475"": 0.131536, ""475-500"": 0.032168}",0.00,3.89,18.26,32.62,28.46,13.15,3.22,2026-08-28,,settlement_export
2026-08-28 10:00:00,2026/8/28 23:59:59 CT,2027-09-15,350-375,,,,400-425,32.62,"{""325-350"": 0.0, ""350-375"": 0.03891, ""375-400"": 0.182597, ""400-425"": 0.32615, ""425-450"": 0.284629, ""450-475"": 0.131536, ""475-500"": 0.032168}",0.00,3.89,18.26,32.62,28.46,13.15,3.22,2026-08-28,,settlement_export
2026-08-28 10:00:00,2026/8/28 23:59:59 CT,2027-10-27,350-375,,,,,0.00,"{""325-350"": 0.0, ""350-375"": 0.0, ""375-400"": 0.0, ""400-425"": 0.0, ""425-450"": 0.0, ""450-475"": 0.0, ""475-500"": 0.0}",0.00,0.00,0.00,0.00,0.00,0.00,0.00,2026-08-28,,settlement_export
2026-08-28 10:00:00,2026/8/28 23:59:59 CT,2027-12-08,350-375,,,,,0.00,"{""325-350"": 0.0, ""350-375"": 0.0, ""375-400"": 0.0, ""400-425"": 0.0, ""425-450"": 0.0, ""450-475"": 0.0, ""475-500"": 0.0}",0.00,0.00,0.00,0.00,0.00,0.00,0.00,2026-08-28,,settlement_export
2026-08-31 10:00:00,2026/8/31 23:59:59 CT,2026-09-16,350-375,,,,375-400,65.43,"{""325-350"": 0.0, ""350-375"": 0.345714, ""375-400"": 0.654286, ""400-425"": 0.0, ""425-450"": 0.0, ""450-475"": 0.0, ""475-500"": 0.0}",0.00,34.57,65.43,0.00,0.00,0.00,0.00,2026-08-31,,settlement_export
2026-08-31 10:00:00,2026/8/31 23:59:59 CT,2026-10-28,350-375,,,,375-400,57.23,"{""325-350"": 0.0, ""350-375"": 0.253853, ""375-400"": 0.572294, ""400-425"": 0.173853, ""425-450"": 0.0, ""450-475"": 0.0, ""475-500"": 0.0}",0.00,25.39,57.23,17.39,0.00,0.00,0.00,2026-08-31,,settlement_export
2026-08-31 10:00:00,2026/8/31 23:59:59 CT,2026-12-09,350-375,,,,400-425,40.79,"{""325-350"": 0.0, ""350-375"": 0.104738, ""375-400"": 0.385239, ""400-425"": 0.4079, ""425-450"": 0.102123, ""450-475"": 0.0, ""475-500"": 0.0}",0.00,10.47,38.52,40.79,10.21,0.00,0.00,2026-08-31,,settlement_export
2026-08-31 10:00:00,2026/8/31 23:59:59 CT,2027-01-27,350-375,,,,400-425,40.22,"{""325-350"": 0.0, ""350-375"": 0.078282, ""375-400"": 0.314387, ""400-425"": 0.402176, ""425-450"": 0.17936, ""450-475"": 0.025795, ""475-500"": 0.0}",0.00,7.83,31.44,40.22,17.94,2.58,0.00,2026-08-31,,settlement_export
2026-08-31 10:00:00,2026/8/31 23:59:59 CT,2027-03-17,350-375,,,,400-425,36.96,"{""325-350"": 0.0, ""350-375"": 0.049206, ""375-400"": 0.226691, ""400-425"": 0.369569, ""425-450"": 0.26212, ""450-475"": 0.082834, ""475-500"": 0.009581}",0.00,4.92,22.67,36.96,26.21,8.28,0.96,2026-08-31,,settlement_export
2026-08-31 10:00:00,2026/8/31 23:59:59 CT,2027-04-28,350-375,,,,400-425,35.12,"{""325-350"": 0.0, ""350-375"": 0.042879, ""375-400"": 0.203871, ""400-425"": 0.351199, ""425-450"": 0.275935, ""450-475"": 0.105885, ""475-500"": 0.018999}",0.00,4.29,20.39,35.12,27.59,10.59,1.90,2026-08-31,,settlement_export
2026-08-31 10:00:00,2026/8/31 23:59:59 CT,2027-06-09,350-375,,,,400-425,33.06,"{""325-350"": 0.0, ""350-375"": 0.036876, ""375-400"": 0.181332, ""400-425"": 0.330573, ""425-450"": 0.286472, ""450-475"": 0.129692, ""475-500"": 0.031163}",0.00,3.69,18.13,33.06,28.65,12.97,3.12,2026-08-31,,settlement_export
2026-08-31 10:00:00,2026/8/31 23:59:59 CT,2027-07-28,350-375,,,,400-425,33.06,"{""325-350"": 0.0, ""350-375"": 0.036876, ""375-400"": 0.181332, ""400-425"": 0.330573, ""425-450"": 0.286472, ""450-475"": 0.129692, ""475-500"": 0.031163}",0.00,3.69,18.13,33.06,28.65,12.97,3.12,2026-08-31,,settlement_export
2026-08-31 10:00:00,2026/8/31 23:59:59 CT,2027-09-15,350-375,,,,400-425,33.06,"{""325-350"": 0.0, ""350-375"": 0.036876, ""375-400"": 0.181332, ""400-425"": 0.330573, ""425-450"": 0.286472, ""450-475"": 0.129692, ""475-500"": 0.031163}",0.00,3.69,18.13,33.06,28.65,12.97,3.12,2026-08-31,,settlement_export
2026-08-31 10:00:00,2026/8/31 23:59:59 CT,2027-10-27,350-375,,,,,0.00,"{""325-350"": 0.0, ""350-375"": 0.0, ""375-400"": 0.0, ""400-425"": 0.0, ""425-450"": 0.0, ""450-475"": 0.0, ""475-500"": 0.0}",0.00,0.00,0.00,0.00,0.00,0.00,0.00,2026-08-31,,settlement_export
2026-08-31 10:00:00,2026/8/31 23:59:59 CT,2027-12-08,350-375,,,,,0.00,"{""325-350"": 0.0, ""350-375"": 0.0, ""375-400"": 0.0, ""400-425"": 0.0, ""425-450"": 0.0, ""450-475"": 0.0, ""475-500"": 0.0}",0.00,0.00,0.00,0.00,0.00,0.00,0.00,2026-08-31,,settlement_export
2026-09-01 10:00:00,2026/9/1 23:59:59 CT,2026-09-16,350-375,,,,375-400,67.21,"{""325-350"": 0.0, ""350-375"": 0.327857, ""375-400"": 0.672143, ""400-425"": 0.0, ""425-450"": 0.0, ""450-475"": 0.0, ""475-500"": 0.0}",0.00,32.79,67.21,0.00,0.00,0.00,0.00,2026-09-01,,settlement_export
2026-09-01 10:00:00,2026/9/1 23:59:59 CT,2026-10-28,350-375,,,,375-400,57.30,"{""325-350"": 0.0, ""350-375"": 0.233481, ""375-400"": 0.573038, ""400-425"": 0.193481, ""425-450"": 0.0, ""450-475"": 0.0, ""475-500"": 0.0}",0.00,23.35,57.30,19.35,0.00,0.00,0.00,2026-09-01,,settlement_export
2026-09-01 10:00:00,2026/9/1 23:59:59 CT,2026-12-09,350-375,,,,400-425,43.16,"{""325-350"": 0.0, ""350-375"": 0.086993, ""375-400"": 0.359997, ""400-425"": 0.431618, ""425-450"": 0.121391, ""450-475"": 0.0, ""475-500"": 0.0}",0.00,8.70,36.00,43.16,12.14,0.00,0.00,2026-09-01,,settlement_export
2026-09-01 10:00:00,2026/9/1 23:59:59 CT,2027-01-27,350-375,,,,400-425,41.35,"{""325-350"": 0.0, ""350-375"": 0.065019, ""375-400"": 0.291039, ""400-425"": 0.413527, ""425-450"": 0.199752, ""450-475"": 0.030663, ""475-500"": 0.0}",0.00,6.50,29.10,41.35,19.98,3.07,0.00,2026-09-01,,settlement_export
2026-09-01 10:00:00,2026/9/1 23:59:59 CT,2027-03-17,350-375,,,,400-425,36.58,"{""325-350"": 0.0, ""350-375"": 0.039662, ""375-400"": 0.202891, ""400-425"": 0.365757, ""425-450"": 0.283124, ""450-475"": 0.096608, ""475-500"": 0.011958}",0.00,3.97,20.29,36.58,28.31,9.66,1.20,2026-09-01,,settlement_export
2026-09-01 10:00:00,2026/9/1 23:59:59 CT,2027-04-28,350-375,,,,400-425,34.13,"{""325-350"": 0.0, ""350-375"": 0.033713, ""375-400"": 0.178407, ""400-425"": 0.341327, ""425-450"": 0.295519, ""450-475"": 0.124585, ""475-500"": 0.024656}",0.00,3.37,17.84,34.13,29.55,12.46,2.47,2026-09-01,,settlement_export
2026-09-01 10:00:00,2026/9/1 23:59:59 CT,2027-06-09,350-375,,,,400-425,31.24,"{""325-350"": 0.0, ""350-375"": 0.027717, ""375-400"": 0.152672, ""400-425"": 0.31235, ""425-450"": 0.303666, ""450-475"": 0.154987, ""475-500"": 0.042429}",0.00,2.77,15.27,31.24,30.37,15.50,4.24,2026-09-01,,settlement_export
2026-09-01 10:00:00,2026/9/1 23:59:59 CT,2027-07-28,350-375,,,,400-425,30.88,"{""325-350"": 0.0, ""350-375"": 0.027103, ""375-400"": 0.149905, ""400-425"": 0.308814, ""425-450"": 0.303859, ""450-475"": 0.158279, ""475-500"": 0.044921}",0.00,2.71,14.99,30.88,30.39,15.83,4.49,2026-09-01,,settlement_export
2026-09-01 10:00:00,2026/9/1 23:59:59 CT,2027-09-15,350-375,,,,400-425,30.88,"{""325-350"": 0.0, ""350-375"": 0.027103, ""375-400"": 0.149905, ""400-425"": 0.308814, ""425-450"": 0.303859, ""450-475"": 0.158279, ""475-500"": 0.044921}",0.00,2.71,14.99,30.88,30.39,15.83,4.49,2026-09-01,,settlement_export
2026-09-01 10:00:00,2026/9/1 23:59:59 CT,2027-10-27,350-375,,,,,0.00,"{""325-350"": 0.0, ""350-375"": 0.0, ""375-400"": 0.0, ""400-425"": 0.0, ""425-450"": 0.0, ""450-475"": 0.0, ""475-500"": 0.0}",0.00,0.00,0.00,0.00,0.00,0.00,0.00,2026-09-01,,settlement_export
2026-09-01 10:00:00,2026/9/1 23:59:59 CT,2027-12-08,350-375,,,,,0.00,"{""325-350"": 0.0, ""350-375"": 0.0, ""375-400"": 0.0, ""400-425"": 0.0, ""425-450"": 0.0, ""450-475"": 0.0, ""475-500"": 0.0}",0.00,0.00,0.00,0.00,0.00,0.00,0.00,2026-09-01,,settlement_export
2026-09-02 10:00:00,2026/9/2 23:59:59 CT,2026-09-16,350-375,,,,375-400,63.21,"{""325-350"": 0.0, ""350-375"": 0.367857, ""375-400"": 0.632143, ""400-425"": 0.0, ""425-450"": 0.0, ""450-475"": 0.0, ""475-500"": 0.0}",0.00,36.79,63.21,0.00,0.00,0.00,0.00,2026-09-02,,settlement_export
2026-09-02 10:00:00,2026/9/2 23:59:59 CT,2026-10-28,350-375,,,,375-400,55.61,"{""325-350"": 0.0, ""350-375"": 0.261967, ""375-400"": 0.556066, ""400-425"": 0.181967, ""425-450"": 0.0, ""450-475"": 0.0, ""475-500"": 0.0}",0.00,26.20,55.61,18.20,0.00,0.00,0.00,2026-09-02,,settlement_export
2026-09-02 10:00:00,2026/9/2 23:59:59 CT,2026-12-09,350-375,,,,400-425,40.92,"{""325-350"": 0.0, ""350-375"": 0.102846, ""375-400"": 0.377428, ""400-425"": 0.409198, ""425-450"": 0.110528, ""450-475"": 0.0, ""475-500"": 0.0}",0.00,10.28,37.74,40.92,11.05,0.00,0.00,2026-09-02,,settlement_export
2026-09-02 10:00:00,2026/9/2 23:59:59 CT,2027-01-27,350-375,,,,400-425,40.12,"{""325-350"": 0.0, ""350-375"": 0.076868, ""375-400"": 0.308071, ""400-425"": 0.401173, ""425-450"": 0.18597, ""450-475"": 0.027919, ""475-500"": 0.0}",0.00,7.69,30.81,40.12,18.60,2.79,0.00,2026-09-02,,settlement_export
2026-09-02 10:00:00,2026/9/2 23:59:59 CT,2027-03-17,350-375,,,,400-425,36.49,"{""325-350"": 0.0, ""350-375"": 0.04689, ""375-400"": 0.217902, ""400-425"": 0.364863, ""425-450"": 0.269899, ""450-475"": 0.089559, ""475-500"": 0.010888}",0.00,4.69,21.79,36.49,26.99,8.96,1.09,2026-09-02,,settlement_export
2026-09-02 10:00:00,2026/9/2 23:59:59 CT,2027-04-28,350-375,,,,400-425,34.28,"{""325-350"": 0.0, ""350-375"": 0.039856, ""375-400"": 0.19225, ""400-425"": 0.342819, ""425-450"": 0.284144, ""450-475"": 0.11661, ""475-500"": 0.022689}",0.00,3.99,19.23,34.28,28.41,11.66,2.27,2026-09-02,,settlement_export
2026-09-02 10:00:00,2026/9/2 23:59:59 CT,2027-06-09,350-375,,,,400-425,31.64,"{""325-350"": 0.0, ""350-375"": 0.032853, ""375-400"": 0.165472, ""400-425"": 0.316362, ""425-450"": 0.294454, ""450-475"": 0.146048, ""475-500"": 0.039192}",0.00,3.29,16.55,31.64,29.45,14.60,3.92,2026-09-02,,settlement_export
2026-09-02 10:00:00,2026/9/2 23:59:59 CT,2027-07-28,350-375,,,,400-425,30.97,"{""325-350"": 0.0, ""350-375"": 0.031398, ""375-400"": 0.159599, ""400-425"": 0.309679, ""425-450"": 0.295424, ""450-475"": 0.15262, ""475-500"": 0.043924}",0.00,3.14,15.96,30.97,29.54,15.26,4.39,2026-09-02,,settlement_export
2026-09-02 10:00:00,2026/9/2 23:59:59 CT,2027-09-15,350-375,,,,400-425,30.97,"{""325-350"": 0.0, ""350-375"": 0.031398, ""375-400"": 0.159599, ""400-425"": 0.309679, ""425-450"": 0.295424, ""450-475"": 0.15262, ""475-500"": 0.043924}",0.00,3.14,15.96,30.97,29.54,15.26,4.39,2026-09-02,,settlement_export
2026-09-02 10:00:00,2026/9/2 23:59:59 CT,2027-10-27,350-375,,,,,0.00,"{""325-350"": 0.0, ""350-375"": 0.0, ""375-400"": 0.0, ""400-425"": 0.0, ""425-450"": 0.0, ""450-475"": 0.0, ""475-500"": 0.0}",0.00,0.00,0.00,0.00,0.00,0.00,0.00,2026-09-02,,settlement_export
2026-09-02 10:00:00,2026/9/2 23:59:59 CT,2027-12-08,350-375,,,,,0.00,"{""325-350"": 0.0, ""350-375"": 0.0, ""375-400"": 0.0, ""400-425"": 0.0, ""425-450"": 0.0, ""450-475"": 0.0, ""475-500"": 0.0}",0.00,0.00,0.00,0.00,0.00,0.00,0.00,2026-09-02,,settlement_export
2026-09-03 10:00:00,2026/9/3 23:59:59 CT,2026-09-16,350-375,,,,350-375,50.57,"{""325-350"": 0.0, ""350-375"": 0.505714, ""375-400"": 0.494286, ""400-425"": 0.0, ""425-450"": 0.0, ""450-475"": 0.0, ""475-500"": 0.0}",0.00,50.57,49.43,0.00,0.00,0.00,0.00,2026-09-03,,settlement_export
2026-09-03 10:00:00,2026/9/3 23:59:59 CT,2026-10-28,350-375,,,,375-400,49.73,"{""325-350"": 0.0, ""350-375"": 0.371339, ""375-400"": 0.497322, ""400-425"": 0.131339, ""425-450"": 0.0, ""450-475"": 0.0, ""475-500"": 0.0}",0.00,37.13,49.73,13.13,0.00,0.00,0.00,2026-09-03,,settlement_export
2026-09-03 10:00:00,2026/9/3 23:59:59 CT,2026-12-09,350-375,,,,375-400,43.05,"{""325-350"": 0.0, ""350-375"": 0.174392, ""375-400"": 0.430504, ""400-425"": 0.325446, ""425-450"": 0.069658, ""450-475"": 0.0, ""475-500"": 0.0}",0.00,17.44,43.05,32.54,6.97,0.00,0.00,2026-09-03,,settlement_export
2026-09-03 10:00:00,2026/9/3 23:59:59 CT,2027-01-27,350-375,,,,375-400,37.17,"{""325-350"": 0.0, ""350-375"": 0.134346, ""375-400"": 0.371693, ""400-425"": 0.34957, ""425-450"": 0.128395, ""450-475"": 0.015996, ""475-500"": 0.0}",0.00,13.43,37.17,34.96,12.84,1.60,0.00,2026-09-03,,settlement_export
2026-09-03 10:00:00,2026/9/3 23:59:59 CT,2027-03-17,350-375,,,,400-425,35.82,"{""325-350"": 0.0, ""350-375"": 0.081951, ""375-400"": 0.279128, ""400-425"": 0.358198, ""425-450"": 0.214653, ""450-475"": 0.059831, ""475-500"": 0.006238}",0.00,8.20,27.91,35.82,21.47,5.98,0.62,2026-09-03,,settlement_export
2026-09-03 10:00:00,2026/9/3 23:59:59 CT,2027-04-28,350-375,,,,400-425,34.63,"{""325-350"": 0.0, ""350-375"": 0.069659, ""375-400"": 0.249551, ""400-425"": 0.346338, ""425-450"": 0.236185, ""450-475"": 0.083054, ""475-500"": 0.014277}",0.00,6.97,24.96,34.63,23.62,8.31,1.43,2026-09-03,,settlement_export
2026-09-03 10:00:00,2026/9/3 23:59:59 CT,2027-06-09,350-375,,,,400-425,32.74,"{""325-350"": 0.0, ""350-375"": 0.056025, ""375-400"": 0.214344, ""400-425"": 0.327395, ""425-450"": 0.257743, ""450-475"": 0.113024, ""475-500"": 0.027738}",0.00,5.60,21.43,32.74,25.77,11.30,2.77,2026-09-03,,settlement_export
2026-09-03 10:00:00,2026/9/3 23:59:59 CT,2027-07-28,350-375,,,,400-425,32.24,"{""325-350"": 0.0, ""350-375"": 0.053544, ""375-400"": 0.207333, ""400-425"": 0.322389, ""425-450"": 0.260828, ""450-475"": 0.119433, ""475-500"": 0.031515}",0.00,5.35,20.73,32.24,26.08,11.94,3.15,2026-09-03,,settlement_export
2026-09-03 10:00:00,2026/9/3 23:59:59 CT,2027-09-15,350-375,,,,400-425,32.24,"{""325-350"": 0.0, ""350-375"": 0.053544, ""375-400"": 0.207333, ""400-425"": 0.322389, ""425-450"": 0.260828, ""450-475"": 0.119433, ""475-500"": 0.031515}",0.00,5.35,20.73,32.24,26.08,11.94,3.15,2026-09-03,,settlement_export
2026-09-03 10:00:00,2026/9/3 23:59:59 CT,2027-10-27,350-375,,,,,0.00,"{""325-350"": 0.0, ""350-375"": 0.0, ""375-400"": 0.0, ""400-425"": 0.0, ""425-450"": 0.0, ""450-475"": 0.0, ""475-500"": 0.0}",0.00,0.00,0.00,0.00,0.00,0.00,0.00,2026-09-03,,settlement_export
2026-09-03 10:00:00,2026/9/3 23:59:59 CT,2027-12-08,350-375,,,,,0.00,"{""325-350"": 0.0, ""350-375"": 0.0, ""375-400"": 0.0, ""400-425"": 0.0, ""425-450"": 0.0, ""450-475"": 0.0, ""475-500"": 0.0}",0.00,0.00,0.00,0.00,0.00,0.00,0.00,2026-09-03,,settlement_export
2026-09-04 10:00:00,2026/9/4 23:59:59 CT,2026-09-16,350-375,,,,375-400,59.43,"{""325-350"": 0.0, ""350-375"": 0.405714, ""375-400"": 0.594286, ""400-425"": 0.0, ""425-450"": 0.0, ""450-475"": 0.0, ""475-500"": 0.0}",0.00,40.57,59.43,0.00,0.00,0.00,0.00,2026-09-04,,settlement_export
2026-09-04 10:00:00,2026/9/4 23:59:59 CT,2026-10-28,350-375,,,,375-400,54.42,"{""325-350"": 0.0, ""350-375"": 0.29791, ""375-400"": 0.54418, ""400-425"": 0.15791, ""425-450"": 0.0, ""450-475"": 0.0, ""475-500"": 0.0}",0.00,29.79,54.42,15.79,0.00,0.00,0.00,2026-09-04,,settlement_export
2026-09-04 10:00:00,2026/9/4 23:59:59 CT,2026-12-09,350-375,,,,375-400,41.36,"{""325-350"": 0.0, ""350-375"": 0.139907, ""375-400"": 0.413566, ""400-425"": 0.362776, ""425-450"": 0.083751, ""450-475"": 0.0, ""475-500"": 0.0}",0.00,13.99,41.36,36.28,8.38,0.00,0.00,2026-09-04,,settlement_export
2026-09-04 10:00:00,2026/9/4 23:59:59 CT,2027-01-27,350-375,,,,400-425,37.44,"{""325-350"": 0.0, ""350-375"": 0.107781, ""375-400"": 0.350726, ""400-425"": 0.374439, ""425-450"": 0.147823, ""450-475"": 0.019232, ""475-500"": 0.0}",0.00,10.78,35.07,37.44,14.78,1.92,0.00,2026-09-04,,settlement_export
2026-09-04 10:00:00,2026/9/4 23:59:59 CT,2027-03-17,350-375,,,,400-425,36.52,"{""325-350"": 0.0, ""350-375"": 0.065746, ""375-400"": 0.255977, ""400-425"": 0.365191, ""425-450"": 0.236203, ""450-475"": 0.069382, ""475-500"": 0.0075}",0.00,6.57,25.60,36.52,23.62,6.94,0.75,2026-09-04,,settlement_export
2026-09-04 10:00:00,2026/9/4 23:59:59 CT,2027-04-28,350-375,,,,400-425,34.88,"{""325-350"": 0.0, ""350-375"": 0.055884, ""375-400"": 0.227442, ""400-425"": 0.348809, ""425-450"": 0.255551, ""450-475"": 0.094406, ""475-500"": 0.016783}",0.00,5.59,22.74,34.88,25.56,9.44,1.68,2026-09-04,,settlement_export
2026-09-04 10:00:00,2026/9/4 23:59:59 CT,2027-06-09,350-375,,,,400-425,32.26,"{""325-350"": 0.0, ""350-375"": 0.043829, ""375-400"": 0.190435, ""400-425"": 0.322628, ""425-450"": 0.275668, ""450-475"": 0.129167, ""475-500"": 0.033527}",0.00,4.38,19.04,32.26,27.57,12.92,3.35,2026-09-04,,settlement_export
2026-09-04 10:00:00,2026/9/4 23:59:59 CT,2027-07-28,350-375,,,,400-425,31.68,"{""325-350"": 0.0, ""350-375"": 0.041888, ""375-400"": 0.183942, ""400-425"": 0.316774, ""425-450"": 0.277748, ""450-475"": 0.135655, ""475-500"": 0.037763}",0.00,4.19,18.39,31.68,27.77,13.57,3.78,2026-09-04,,settlement_export
2026-09-04 10:00:00,2026/9/4 23:59:59 CT,2027-09-15,350-375,,,,400-425,31.15,"{""325-350"": 0.0, ""350-375"": 0.040213, ""375-400"": 0.17826, ""400-425"": 0.311461, ""425-450"": 0.279309, ""450-475"": 0.141339, ""475-500"": 0.041678}",0.00,4.02,17.83,31.15,27.93,14.13,4.17,2026-09-04,,settlement_export
2026-09-04 10:00:00,2026/9/4 23:59:59 CT,2027-10-27,350-375,,,,,0.00,"{""325-350"": 0.0, ""350-375"": 0.0, ""375-400"": 0.0, ""400-425"": 0.0, ""425-450"": 0.0, ""450-475"": 0.0, ""475-500"": 0.0}",0.00,0.00,0.00,0.00,0.00,0.00,0.00,2026-09-04,,settlement_export
2026-09-04 10:00:00,2026/9/4 23:59:59 CT,2027-12-08,350-375,,,,,0.00,"{""325-350"": 0.0, ""350-375"": 0.0, ""375-400"": 0.0, ""400-425"": 0.0, ""425-450"": 0.0, ""450-475"": 0.0, ""475-500"": 0.0}",0.00,0.00,0.00,0.00,0.00,0.00,0.00,2026-09-04,,settlement_export
2026-09-08 10:00:00,2026/9/8 23:59:59 CT,2026-09-16,350-375,,,,375-400,59.43,"{""325-350"": 0.0, ""350-375"": 0.405714, ""375-400"": 0.594286, ""400-425"": 0.0, ""425-450"": 0.0, ""450-475"": 0.0, ""475-500"": 0.0}",0.00,40.57,59.43,0.00,0.00,0.00,0.00,2026-09-08,,settlement_export
2026-09-08 10:00:00,2026/9/8 23:59:59 CT,2026-10-28,350-375,,,,375-400,54.42,"{""325-350"": 0.0, ""350-375"": 0.29791, ""375-400"": 0.54418, ""400-425"": 0.15791, ""425-450"": 0.0, ""450-475"": 0.0, ""475-500"": 0.0}",0.00,29.79,54.42,15.79,0.00,0.00,0.00,2026-09-08,,settlement_export
2026-09-08 10:00:00,2026/9/8 23:59:59 CT,2026-12-09,350-375,,,,375-400,40.94,"{""325-350"": 0.0, ""350-375"": 0.134832, ""375-400"": 0.40937, ""400-425"": 0.369357, ""425-450"": 0.086441, ""450-475"": 0.0, ""475-500"": 0.0}",0.00,13.48,40.94,36.94,8.64,0.00,0.00,2026-09-08,,settlement_export
2026-09-08 10:00:00,2026/9/8 23:59:59 CT,2027-01-27,350-375,,,,400-425,37.95,"{""325-350"": 0.0, ""350-375"": 0.100774, ""375-400"": 0.340024, ""400-425"": 0.379464, ""425-450"": 0.157904, ""450-475"": 0.021834, ""475-500"": 0.0}",0.00,10.08,34.00,37.95,15.79,2.18,0.00,2026-09-08,,settlement_export
2026-09-08 10:00:00,2026/9/8 23:59:59 CT,2027-03-17,350-375,,,,400-425,36.41,"{""325-350"": 0.0, ""350-375"": 0.061472, ""375-400"": 0.246716, ""400-425"": 0.364082, ""425-450"": 0.244312, ""450-475"": 0.074901, ""475-500"": 0.008515}",0.00,6.15,24.67,36.41,24.43,7.49,0.85,2026-09-08,,settlement_export
2026-09-08 10:00:00,2026/9/8 23:59:59 CT,2027-04-28,350-375,,,,400-425,34.65,"{""325-350"": 0.0, ""350-375"": 0.052252, ""375-400"": 0.21893, ""400-425"": 0.346477, ""425-450"": 0.262278, ""450-475"": 0.100313, ""475-500"": 0.018473}",0.00,5.23,21.89,34.65,26.23,10.03,1.85,2026-09-08,,settlement_export
2026-09-08 10:00:00,2026/9/8 23:59:59 CT,2027-06-09,350-375,,,,400-425,31.64,"{""325-350"": 0.0, ""350-375"": 0.039935, ""375-400"": 0.179641, ""400-425"": 0.316413, ""425-450"": 0.282125, ""450-475"": 0.13849, ""475-500"": 0.037764}",0.00,3.99,17.96,31.64,28.21,13.85,3.78,2026-09-08,,settlement_export
2026-09-08 10:00:00,2026/9/8 23:59:59 CT,2027-07-28,350-375,,,,400-425,31.04,"{""325-350"": 0.0, ""350-375"": 0.038167, ""375-400"": 0.173454, ""400-425"": 0.310356, ""425-450"": 0.283643, ""450-475"": 0.144851, ""475-500"": 0.042225}",0.00,3.82,17.35,31.04,28.36,14.49,4.22,2026-09-08,,settlement_export
2026-09-08 10:00:00,2026/9/8 23:59:59 CT,2027-09-15,350-375,,,,400-425,30.49,"{""325-350"": 0.0, ""350-375"": 0.03664, ""375-400"": 0.168043, ""400-425"": 0.30488, ""425-450"": 0.284712, ""450-475"": 0.150403, ""475-500"": 0.04633}",0.00,3.66,16.80,30.49,28.47,15.04,4.63,2026-09-08,,settlement_export
2026-09-08 10:00:00,2026/9/8 23:59:59 CT,2027-10-27,350-375,,,,,0.00,"{""325-350"": 0.0, ""350-375"": 0.0, ""375-400"": 0.0, ""400-425"": 0.0, ""425-450"": 0.0, ""450-475"": 0.0, ""475-500"": 0.0}",0.00,0.00,0.00,0.00,0.00,0.00,0.00,2026-09-08,,settlement_export
2026-09-08 10:00:00,2026/9/8 23:59:59 CT,2027-12-08,350-375,,,,,0.00,"{""325-350"": 0.0, ""350-375"": 0.0, ""375-400"": 0.0, ""400-425"": 0.0, ""425-450"": 0.0, ""450-475"": 0.0, ""475-500"": 0.0}",0.00,0.00,0.00,0.00,0.00,0.00,0.00,2026-09-08,,settlement_export
2026-09-09 10:00:00,2026/9/9 23:59:59 CT,2026-09-16,350-375,,,,375-400,61.21,"{""325-350"": 0.0, ""350-375"": 0.387857, ""375-400"": 0.612143, ""400-425"": 0.0, ""425-450"": 0.0, ""450-475"": 0.0, ""475-500"": 0.0}",0.00,38.79,61.21,0.00,0.00,0.00,0.00,2026-09-09,,settlement_export
2026-09-09 10:00:00,2026/9/9 23:59:59 CT,2026-10-28,350-375,,,,375-400,54.76,"{""325-350"": 0.0, ""350-375"": 0.27621, ""375-400"": 0.547581, ""400-425"": 0.17621, ""425-450"": 0.0, ""450-475"": 0.0, ""475-500"": 0.0}",0.00,27.62,54.76,17.62,0.00,0.00,0.00,2026-09-09,,settlement_export
2026-09-09 10:00:00,2026/9/9 23:59:59 CT,2026-12-09,350-375,,,,375-400,39.36,"{""325-350"": 0.0, ""350-375"": 0.119486, ""375-400"": 0.393603, ""400-425"": 0.386928, ""425-450"": 0.099983, ""450-475"": 0.0, ""475-500"": 0.0}",0.00,11.95,39.36,38.69,10.00,0.00,0.00,2026-09-09,,settlement_export
2026-09-09 10:00:00,2026/9/9 23:59:59 CT,2027-01-27,350-375,,,,400-425,38.86,"{""325-350"": 0.0, ""350-375"": 0.089305, ""375-400"": 0.324363, ""400-425"": 0.388614, ""425-450"": 0.172463, ""450-475"": 0.025255, ""475-500"": 0.0}",0.00,8.93,32.44,38.86,17.25,2.53,0.00,2026-09-09,,settlement_export
2026-09-09 10:00:00,2026/9/9 23:59:59 CT,2027-03-17,350-375,,,,400-425,36.24,"{""325-350"": 0.0, ""350-375"": 0.052817, ""375-400"": 0.228325, ""400-425"": 0.362363, ""425-450"": 0.260776, ""450-475"": 0.0854, ""475-500"": 0.010318}",0.00,5.28,22.83,36.24,26.08,8.54,1.03,2026-09-09,,settlement_export
2026-09-09 10:00:00,2026/9/9 23:59:59 CT,2027-04-28,350-375,,,,400-425,33.94,"{""325-350"": 0.0, ""350-375"": 0.043763, ""375-400"": 0.198238, ""400-425"": 0.339385, ""425-450"": 0.278191, ""450-475"": 0.115464, ""475-500"": 0.02319}",0.00,4.38,19.82,33.94,27.82,11.55,2.32,2026-09-09,,settlement_export
2026-09-09 10:00:00,2026/9/9 23:59:59 CT,2027-06-09,350-375,,,,400-425,30.64,"{""325-350"": 0.0, ""350-375"": 0.033541, ""375-400"": 0.162157, ""400-425"": 0.306417, ""425-450"": 0.292484, ""450-475"": 0.153473, ""475-500"": 0.044742}",0.00,3.35,16.22,30.64,29.25,15.35,4.47,2026-09-09,,settlement_export
2026-09-09 10:00:00,2026/9/9 23:59:59 CT,2027-07-28,350-375,,,,400-425,29.68,"{""325-350"": 0.0, ""350-375"": 0.031313, ""375-400"": 0.153613, ""400-425"": 0.296834, ""425-450"": 0.29341, ""450-475"": 0.162707, ""475-500"": 0.051965}",0.00,3.13,15.36,29.68,29.34,16.27,5.20,2026-09-09,,settlement_export
2026-09-09 10:00:00,2026/9/9 23:59:59 CT,2027-09-15,350-375,,,,425-450,29.37,"{""325-350"": 0.0, ""350-375"": 0.028808, ""375-400"": 0.143829, ""400-425"": 0.285376, ""425-450"": 0.293684, ""450-475"": 0.173163, ""475-500"": 0.060824}",0.00,2.88,14.38,28.54,29.37,17.32,6.08,2026-09-09,,settlement_export
2026-09-09 10:00:00,2026/9/9 23:59:59 CT,2027-10-27,350-375,,,,,0.00,"{""325-350"": 0.0, ""350-375"": 0.0, ""375-400"": 0.0, ""400-425"": 0.0, ""425-450"": 0.0, ""450-475"": 0.0, ""475-500"": 0.0}",0.00,0.00,0.00,0.00,0.00,0.00,0.00,2026-09-09,,settlement_export
2026-09-09 10:00:00,2026/9/9 23:59:59 CT,2027-12-08,350-375,,,,,0.00,"{""325-350"": 0.0, ""350-375"": 0.0, ""375-400"": 0.0, ""400-425"": 0.0, ""425-450"": 0.0, ""450-475"": 0.0, ""475-500"": 0.0}",0.00,0.00,0.00,0.00,0.00,0.00,0.00,2026-09-09,,settlement_export
2026-09-10 10:00:00,2026/9/10 23:59:59 CT,2026-09-16,350-375,,,,375-400,72.36,"{""325-350"": 0.0, ""350-375"": 0.276429, ""375-400"": 0.723571, ""400-425"": 0.0, ""425-450"": 0.0, ""450-475"": 0.0, ""475-500"": 0.0}",0.00,27.64,72.36,0.00,0.00,0.00,0.00,2026-09-10,,settlement_export
2026-09-10 10:00:00,2026/9/10 23:59:59 CT,2026-10-28,350-375,,,,375-400,55.53,"{""325-350"": 0.0, ""350-375"": 0.172373, ""375-400"": 0.555254, ""400-425"": 0.272373, ""425-450"": 0.0, ""450-475"": 0.0, ""475-500"": 0.0}",0.00,17.24,55.53,27.24,0.00,0.00,0.00,2026-09-10,,settlement_export
2026-09-10 10:00:00,2026/9/10 23:59:59 CT,2026-12-09,350-375,,,,400-425,46.26,"{""325-350"": 0.0, ""350-375"": 0.056436, ""375-400"": 0.297731, ""400-425"": 0.462637, ""425-450"": 0.183196, ""450-475"": 0.0, ""475-500"": 0.0}",0.00,5.64,29.77,46.26,18.32,0.00,0.00,2026-09-10,,settlement_export
2026-09-10 10:00:00,2026/9/10 23:59:59 CT,2027-01-27,350-375,,,,400-425,40.20,"{""325-350"": 0.0, ""350-375"": 0.035701, ""375-400"": 0.209078, ""400-425"": 0.402049, ""425-450"": 0.285865, ""450-475"": 0.067308, ""475-500"": 0.0}",0.00,3.57,20.91,40.20,28.59,6.73,0.00,2026-09-10,,settlement_export
2026-09-10 10:00:00,2026/9/10 23:59:59 CT,2027-03-17,350-375,,,,425-450,34.68,"{""325-350"": 0.0, ""350-375"": 0.016984, ""375-400"": 0.118179, ""400-425"": 0.300877, ""425-450"": 0.346779, ""450-475"": 0.181894, ""475-500"": 0.035288}",0.00,1.70,11.82,30.09,34.68,18.19,3.53,2026-09-10,,settlement_export
2026-09-10 10:00:00,2026/9/10 23:59:59 CT,2027-04-28,350-375,,,,425-450,33.60,"{""325-350"": 0.0, ""350-375"": 0.01298, ""375-400"": 0.094326, ""400-425"": 0.257812, ""425-450"": 0.335959, ""450-475"": 0.22076, ""475-500"": 0.069845}",0.00,1.30,9.43,25.78,33.60,22.08,6.98,2026-09-10,,settlement_export
2026-09-10 10:00:00,2026/9/10 23:59:59 CT,2027-06-09,350-375,,,,425-450,31.47,"{""325-350"": 0.0, ""350-375"": 0.009457, ""375-400"": 0.072246, ""400-425"": 0.213437, ""425-450"": 0.314748, ""450-475"": 0.252028, ""475-500"": 0.110808}",0.00,0.95,7.22,21.34,31.47,25.20,11.08,2026-09-10,,settlement_export
2026-09-10 10:00:00,2026/9/10 23:59:59 CT,2027-07-28,350-375,,,,425-450,30.58,"{""325-350"": 0.0, ""350-375"": 0.008619, ""375-400"": 0.066685, ""400-425"": 0.200932, ""425-450"": 0.305774, ""450-475"": 0.257583, ""475-500"": 0.123316}",0.00,0.86,6.67,20.09,30.58,25.76,12.33,2026-09-10,,settlement_export
2026-09-10 10:00:00,2026/9/10 23:59:59 CT,2027-09-15,350-375,,,,425-450,29.74,"{""325-350"": 0.0, ""350-375"": 0.00793, ""375-400"": 0.06204, ""400-425"": 0.190192, ""425-450"": 0.297387, ""450-475"": 0.261438, ""475-500"": 0.134057}",0.00,0.79,6.20,19.02,29.74,26.14,13.41,2026-09-10,,settlement_export
2026-09-10 10:00:00,2026/9/10 23:59:59 CT,2027-10-27,350-375,,,,,0.00,"{""325-350"": 0.0, ""350-375"": 0.0, ""375-400"": 0.0, ""400-425"": 0.0, ""425-450"": 0.0, ""450-475"": 0.0, ""475-500"": 0.0}",0.00,0.00,0.00,0.00,0.00,0.00,0.00,2026-09-10,,settlement_export
2026-09-10 10:00:00,2026/9/10 23:59:59 CT,2027-12-08,350-375,,,,,0.00,"{""325-350"": 0.0, ""350-375"": 0.0, ""375-400"": 0.0, ""400-425"": 0.0, ""425-450"": 0.0, ""450-475"": 0.0, ""475-500"": 0.0}",0.00,0.00,0.00,0.00,0.00,0.00,0.00,2026-09-10,,settlement_export
2026-09-11 11:41:00,,2026-09-16,350-375,87.29,12.71,0.00,375-400,87.29,"{""350-375"": 12.71, ""375-400"": 87.29, ""400-425"": 0, ""425-450"": 0, ""450-475"": 0}",0.00,12.71,87.29,0.00,0.00,0.00,0.00,2026-09-11,,legacy_intraday
2026-09-11 11:41:00,,2026-10-28,350-375,100.00,0.00,0.00,375-400,64.00,"{""350-375"": 0, ""375-400"": 64, ""400-425"": 36, ""425-450"": 0, ""450-475"": 0}",0.00,0.00,64.00,36.00,0.00,0.00,0.00,2026-09-11,,legacy_intraday
2026-09-11 11:41:00,,2026-12-09,350-375,100.00,0.00,0.00,400-425,99.04,"{""350-375"": 0, ""375-400"": 0, ""400-425"": 99.04, ""425-450"": 0.96, ""450-475"": 0}",0.00,0.00,0.00,99.04,0.96,0.00,0.00,2026-09-11,,legacy_intraday
2026-09-11 11:41:00,,2027-01-27,350-375,100.00,0.00,0.00,400-425,60.00,"{""350-375"": 0, ""375-400"": 0, ""400-425"": 60, ""425-450"": 40, ""450-475"": 0}",0.00,0.00,0.00,60.00,40.00,0.00,0.00,2026-09-11,,legacy_intraday
2026-09-11 11:41:00,,2027-03-17,350-375,100.00,0.00,0.00,425-450,98.14,"{""350-375"": 0, ""375-400"": 0, ""400-425"": 1.86, ""425-450"": 98.14, ""450-475"": 0}",0.00,0.00,0.00,1.86,98.14,0.00,0.00,2026-09-11,,legacy_intraday
2026-09-11 11:41:00,,2027-04-28,350-375,100.00,0.00,0.00,425-450,74.00,"{""350-375"": 0, ""375-400"": 0, ""400-425"": 0, ""425-450"": 74, ""450-475"": 26}",0.00,0.00,0.00,0.00,74.00,26.00,0.00,2026-09-11,,legacy_intraday
2026-09-11 11:41:00,,2027-06-09,350-375,100.00,0.00,0.00,450-475,56.93,"{""350-375"": 0, ""375-400"": 0, ""400-425"": 0, ""425-450"": 43.07, ""450-475"": 56.93}",0.00,0.00,0.00,0.00,43.07,56.93,0.00,2026-09-11,,legacy_intraday
2026-09-11 11:41:00,,2027-07-28,350-375,100.00,0.00,0.00,450-475,68.00,"{""350-375"": 0, ""375-400"": 0, ""400-425"": 0, ""425-450"": 32, ""450-475"": 68}",0.00,0.00,0.00,0.00,32.00,68.00,0.00,2026-09-11,,legacy_intraday
2026-09-11 11:41:00,,2027-09-15,350-375,100.00,0.00,0.00,450-475,74.00,"{""350-375"": 0, ""375-400"": 0, ""400-425"": 0, ""425-450"": 26, ""450-475"": 74}",0.00,0.00,0.00,0.00,26.00,74.00,0.00,2026-09-11,,legacy_intraday
2026-09-11 11:41:00,,2027-10-27,350-375,100.00,0.00,0.00,450-475,74.00,"{""350-375"": 0, ""375-400"": 0, ""400-425"": 0, ""425-450"": 26, ""450-475"": 74}",0.00,0.00,0.00,0.00,26.00,74.00,0.00,2026-09-11,,legacy_intraday
2026-09-11 11:41:00,,2027-12-08,350-375,100.00,0.00,0.00,450-475,65.91,"{""350-375"": 0, ""375-400"": 0, ""400-425"": 0, ""425-450"": 34.09, ""450-475"": 65.91}",0.00,0.00,0.00,0.00,34.09,65.91,0.00,2026-09-11,,legacy_intraday
2026-09-14 10:03:00,,2026-09-16,350-375,86.61,13.39,0.00,375-400,86.61,"{""350-375"": 13.39, ""375-400"": 86.61, ""400-425"": 0, ""425-450"": 0, ""450-475"": 0}",0.00,13.39,86.61,0.00,0.00,0.00,0.00,2026-09-14,,legacy_intraday
2026-09-14 10:03:00,,2026-10-28,350-375,100.00,0.00,0.00,375-400,68.00,"{""350-375"": 0, ""375-400"": 68, ""400-425"": 32, ""425-450"": 0, ""450-475"": 0}",0.00,0.00,68.00,32.00,0.00,0.00,0.00,2026-09-14,,legacy_intraday
2026-09-14 10:03:00,,2026-12-09,350-375,100.00,0.00,0.00,400-425,95.96,"{""350-375"": 0, ""375-400"": 4.04, ""400-425"": 95.96, ""425-450"": 0, ""450-475"": 0}",0.00,0.00,4.04,95.96,0.00,0.00,0.00,2026-09-14,,legacy_intraday
2026-09-14 10:03:00,,2027-01-27,350-375,100.00,0.00,0.00,400-425,65.00,"{""350-375"": 0, ""375-400"": 0, ""400-425"": 65, ""425-450"": 35, ""450-475"": 0}",0.00,0.00,0.00,65.00,35.00,0.00,0.00,2026-09-14,,legacy_intraday
2026-09-14 10:03:00,,2027-03-17,350-375,100.00,0.00,0.00,425-450,89.14,"{""350-375"": 0, ""375-400"": 0, ""400-425"": 10.86, ""425-450"": 89.14, ""450-475"": 0}",0.00,0.00,0.00,10.86,89.14,0.00,0.00,2026-09-14,,legacy_intraday
2026-09-14 10:03:00,,2027-04-28,350-375,100.00,0.00,0.00,425-450,83.00,"{""350-375"": 0, ""375-400"": 0, ""400-425"": 0, ""425-450"": 83, ""450-475"": 17}",0.00,0.00,0.00,0.00,83.00,17.00,0.00,2026-09-14,,legacy_intraday
2026-09-14 10:03:00,,2027-06-09,350-375,100.00,0.00,0.00,425-450,52.96,"{""350-375"": 0, ""375-400"": 0, ""400-425"": 0, ""425-450"": 52.96, ""450-475"": 47.04}",0.00,0.00,0.00,0.00,52.96,47.04,0.00,2026-09-14,,legacy_intraday
2026-09-14 10:03:00,,2027-07-28,350-375,100.00,0.00,0.00,450-475,57.00,"{""350-375"": 0, ""375-400"": 0, ""400-425"": 0, ""425-450"": 43, ""450-475"": 57}",0.00,0.00,0.00,0.00,43.00,57.00,0.00,2026-09-14,,legacy_intraday
2026-09-14 10:03:00,,2027-09-15,350-375,100.00,0.00,0.00,450-475,64.15,"{""350-375"": 0, ""375-400"": 0, ""400-425"": 0, ""425-450"": 35.85, ""450-475"": 64.15}",0.00,0.00,0.00,0.00,35.85,64.15,0.00,2026-09-14,,legacy_intraday
2026-09-14 10:03:00,,2027-10-27,350-375,100.00,0.00,0.00,450-475,63.00,"{""350-375"": 0, ""375-400"": 0, ""400-425"": 0, ""425-450"": 37, ""450-475"": 63}",0.00,0.00,0.00,0.00,37.00,63.00,0.00,2026-09-14,,legacy_intraday
2026-09-14 10:03:00,,2027-12-08,350-375,100.00,0.00,0.00,450-475,69.74,"{""350-375"": 0, ""375-400"": 0, ""400-425"": 0, ""425-450"": 30.26, ""450-475"": 69.74}",0.00,0.00,0.00,0.00,30.26,69.74,0.00,2026-09-14,,legacy_intraday
2026-09-15 10:00:00,,2026-09-16,350-375,92.39,7.61,0.00,375-400,92.39,"{""350-375"": 7.61, ""375-400"": 92.39, ""400-425"": 0, ""425-450"": 0, ""450-475"": 0}",0.00,7.61,92.39,0.00,0.00,0.00,0.00,2026-09-15,,legacy_intraday
2026-09-15 10:00:00,,2026-10-28,350-375,100.00,0.00,0.00,375-400,60.00,"{""350-375"": 0, ""375-400"": 60, ""400-425"": 40, ""425-450"": 0, ""450-475"": 0}",0.00,0.00,60.00,40.00,0.00,0.00,0.00,2026-09-15,,legacy_intraday
2026-09-15 10:00:00,,2026-12-09,350-375,100.00,0.00,0.00,400-425,91.30,"{""350-375"": 0, ""375-400"": 0, ""400-425"": 91.3, ""425-450"": 8.7, ""450-475"": 0}",0.00,0.00,0.00,91.30,8.70,0.00,0.00,2026-09-15,,legacy_intraday
2026-09-15 10:00:00,,2027-01-27,350-375,100.00,0.00,0.00,400-425,58.00,"{""350-375"": 0, ""375-400"": 0, ""400-425"": 58, ""425-450"": 42, ""450-475"": 0}",0.00,0.00,0.00,58.00,42.00,0.00,0.00,2026-09-15,,legacy_intraday
2026-09-15 10:00:00,,2027-03-17,350-375,100.00,0.00,0.00,425-450,94.71,"{""350-375"": 0, ""375-400"": 0, ""400-425"": 5.29, ""425-450"": 94.71, ""450-475"": 0}",0.00,0.00,0.00,5.29,94.71,0.00,0.00,2026-09-15,,legacy_intraday
2026-09-15 10:00:00,,2027-04-28,350-375,100.00,0.00,0.00,425-450,86.00,"{""350-375"": 0, ""375-400"": 0, ""400-425"": 0, ""425-450"": 86, ""450-475"": 14}",0.00,0.00,0.00,0.00,86.00,14.00,0.00,2026-09-15,,legacy_intraday
2026-09-15 10:00:00,,2027-06-09,350-375,100.00,0.00,0.00,425-450,51.07,"{""350-375"": 0, ""375-400"": 0, ""400-425"": 0, ""425-450"": 51.07, ""450-475"": 48.93}",0.00,0.00,0.00,0.00,51.07,48.93,0.00,2026-09-15,,legacy_intraday
2026-09-15 10:00:00,,2027-07-28,350-375,100.00,0.00,0.00,450-475,60.00,"{""350-375"": 0, ""375-400"": 0, ""400-425"": 0, ""425-450"": 40, ""450-475"": 60}",0.00,0.00,0.00,0.00,40.00,60.00,0.00,2026-09-15,,legacy_intraday
2026-09-15 10:00:00,,2027-09-15,350-375,100.00,0.00,0.00,450-475,66.00,"{""350-375"": 0, ""375-400"": 0, ""400-425"": 0, ""425-450"": 34, ""450-475"": 66}",0.00,0.00,0.00,0.00,34.00,66.00,0.00,2026-09-15,,legacy_intraday
2026-09-15 10:00:00,,2027-10-27,350-375,100.00,0.00,0.00,450-475,66.00,"{""350-375"": 0, ""375-400"": 0, ""400-425"": 0, ""425-450"": 34, ""450-475"": 66}",0.00,0.00,0.00,0.00,34.00,66.00,0.00,2026-09-15,,legacy_intraday
2026-09-15 10:00:00,,2027-12-08,350-375,100.00,0.00,0.00,450-475,57.91,"{""350-375"": 0, ""375-400"": 0, ""400-425"": 0, ""425-450"": 42.09, ""450-475"": 57.91}",0.00,0.00,0.00,0.00,42.09,57.91,0.00,2026-09-15,,legacy_intraday
2026-09-16 10:00:00,,2026-09-16,350-375,92.39,7.61,0.00,375-400,92.39,"{""350-375"": 7.61, ""375-400"": 92.39, ""400-425"": 0, ""425-450"": 0, ""450-475"": 0}",0.00,7.61,92.39,0.00,0.00,0.00,0.00,2026-09-16,,legacy_intraday
2026-09-16 10:00:00,,2026-10-28,350-375,100.00,0.00,0.00,375-400,60.00,"{""350-375"": 0, ""375-400"": 60, ""400-425"": 40, ""425-450"": 0, ""450-475"": 0}",0.00,0.00,60.00,40.00,0.00,0.00,0.00,2026-09-16,,legacy_intraday
2026-09-16 10:00:00,,2026-12-09,350-375,100.00,0.00,0.00,400-425,91.59,"{""350-375"": 0, ""375-400"": 0, ""400-425"": 91.59, ""425-450"": 8.41, ""450-475"": 0}",0.00,0.00,0.00,91.59,8.41,0.00,0.00,2026-09-16,,legacy_intraday
2026-09-16 10:00:00,,2027-01-27,350-375,100.00,0.00,0.00,400-425,56.00,"{""350-375"": 0, ""375-400"": 0, ""400-425"": 56, ""425-450"": 44, ""450-475"": 0}",0.00,0.00,0.00,56.00,44.00,0.00,0.00,2026-09-16,,legacy_intraday
2026-09-16 10:00:00,,2027-03-17,350-375,100.00,0.00,0.00,425-450,97.57,"{""350-375"": 0, ""375-400"": 0, ""400-425"": 0, ""425-450"": 97.57, ""450-475"": 2.43}",0.00,0.00,0.00,0.00,97.57,2.43,0.00,2026-09-16,,legacy_intraday
2026-09-16 10:00:00,,2027-04-28,350-375,100.00,0.00,0.00,425-450,89.00,"{""350-375"": 0, ""375-400"": 0, ""400-425"": 0, ""425-450"": 89, ""450-475"": 11}",0.00,0.00,0.00,0.00,89.00,11.00,0.00,2026-09-16,,legacy_intraday
2026-09-16 10:00:00,,2027-06-09,350-375,100.00,0.00,0.00,450-475,60.93,"{""350-375"": 0, ""375-400"": 0, ""400-425"": 0, ""425-450"": 39.07, ""450-475"": 60.93}",0.00,0.00,0.00,0.00,39.07,60.93,0.00,2026-09-16,,legacy_intraday
2026-09-16 10:00:00,,2027-07-28,350-375,100.00,0.00,0.00,450-475,72.00,"{""350-375"": 0, ""375-400"": 0, ""400-425"": 0, ""425-450"": 28, ""450-475"": 72}",0.00,0.00,0.00,0.00,28.00,72.00,0.00,2026-09-16,,legacy_intraday
2026-09-16 10:00:00,,2027-09-15,350-375,100.00,0.00,0.00,450-475,80.00,"{""350-375"": 0, ""375-400"": 0, ""400-425"": 0, ""425-450"": 20, ""450-475"": 80}",0.00,0.00,0.00,0.00,20.00,80.00,0.00,2026-09-16,,legacy_intraday
2026-09-16 10:00:00,,2027-10-27,350-375,100.00,0.00,0.00,450-475,80.00,"{""350-375"": 0, ""375-400"": 0, ""400-425"": 0, ""425-450"": 20, ""450-475"": 80}",0.00,0.00,0.00,0.00,20.00,80.00,0.00,2026-09-16,,legacy_intraday
2026-09-16 10:00:00,,2027-12-08,350-375,100.00,0.00,0.00,450-475,71.91,"{""350-375"": 0, ""375-400"": 0, ""400-425"": 0, ""425-450"": 28.09, ""450-475"": 71.91}",0.00,0.00,0.00,0.00,28.09,71.91,0.00,2026-09-16,,legacy_intraday
2026-09-17 10:00:00,,2026-10-28,350-375,100.00,0.00,0.00,375-400,50.18,"{""375-400"": 50.18, ""400-425"": 49.82, ""425-450"": 0, ""450-475"": 0, ""475-500"": 0}",0.00,0.00,50.18,49.82,0.00,0.00,0.00,2026-09-17,,legacy_intraday
2026-09-17 10:00:00,,2026-12-09,350-375,100.00,0.00,0.00,400-425,72.66,"{""375-400"": 0, ""400-425"": 72.66, ""425-450"": 27.34, ""450-475"": 0, ""475-500"": 0}",0.00,0.00,0.00,72.66,27.34,0.00,0.00,2026-09-17,,legacy_intraday
2026-09-17 10:00:00,,2027-01-27,350-375,100.00,0.00,0.00,425-450,69.82,"{""375-400"": 0, ""400-425"": 30.18, ""425-450"": 69.82, ""450-475"": 0, ""475-500"": 0}",0.00,0.00,0.00,30.18,69.82,0.00,0.00,2026-09-17,,legacy_intraday
2026-09-17 10:00:00,,2027-03-17,350-375,100.00,0.00,0.00,425-450,67.04,"{""375-400"": 0, ""400-425"": 0, ""425-450"": 67.04, ""450-475"": 32.96, ""475-500"": 0}",0.00,0.00,0.00,0.00,67.04,32.96,0.00,2026-09-17,,legacy_intraday
2026-09-17 10:00:00,,2027-04-28,350-375,100.00,0.00,0.00,450-475,75.82,"{""375-400"": 0, ""400-425"": 0, ""425-450"": 24.18, ""450-475"": 75.82, ""475-500"": 0}",0.00,0.00,0.00,0.00,24.18,75.82,0.00,2026-09-17,,legacy_intraday
2026-09-17 10:00:00,,2027-06-09,350-375,100.00,0.00,0.00,425-450,70.54,"{""375-400"": 0, ""400-425"": 0, ""425-450"": 70.54, ""450-475"": 29.46, ""475-500"": 0}",0.00,0.00,0.00,0.00,70.54,29.46,0.00,2026-09-17,,legacy_intraday
2026-09-17 10:00:00,,2027-07-28,350-375,100.00,0.00,0.00,450-475,84.18,"{""375-400"": 0, ""400-425"": 0, ""425-450"": 0, ""450-475"": 84.18, ""475-500"": 15.82}",0.00,0.00,0.00,0.00,0.00,84.18,15.82,2026-09-17,,legacy_intraday
2026-09-17 10:00:00,,2027-09-15,350-375,100.00,0.00,0.00,450-475,78.44,"{""375-400"": 0, ""400-425"": 0, ""425-450"": 0, ""450-475"": 78.44, ""475-500"": 21.56}",0.00,0.00,0.00,0.00,0.00,78.44,21.56,2026-09-17,,legacy_intraday
2026-09-17 10:00:00,,2027-10-27,350-375,100.00,0.00,0.00,450-475,84.18,"{""375-400"": 0, ""400-425"": 0, ""425-450"": 0, ""450-475"": 84.18, ""475-500"": 15.82}",0.00,0.00,0.00,0.00,0.00,84.18,15.82,2026-09-17,,legacy_intraday
2026-09-17 10:00:00,,2027-12-08,350-375,100.00,0.00,0.00,450-475,97.66,"{""375-400"": 0, ""400-425"": 0, ""425-450"": 0, ""450-475"": 97.66, ""475-500"": 2.34}",0.00,0.00,0.00,0.00,0.00,97.66,2.34,2026-09-17,,legacy_intraday
2026-09-18 05:30:00,* Data as of 17 9月 2026 04:16:54 CT,2026-10-28,350-375,100.00,0.00,0.00,400-425,53.14,"{""375-400"": 46.86, ""400-425"": 53.14, ""425-450"": 0, ""450-475"": 0}",0.00,0.00,46.86,53.14,0.00,0.00,0.00,2026-09-17,2026-09-17 04:16:54 CT,page_asof
2026-09-18 05:30:00,* Data as of 17 9月 2026 04:16:54 CT,2026-12-09,350-375,100.00,0.00,0.00,400-425,74.63,"{""375-400"": 0, ""400-425"": 74.63, ""425-450"": 25.37, ""450-475"": 0}",0.00,0.00,0.00,74.63,25.37,0.00,0.00,2026-09-17,2026-09-17 04:16:54 CT,page_asof
2026-09-18 05:30:00,* Data as of 17 9月 2026 04:16:54 CT,2027-01-27,350-375,100.00,0.00,0.00,425-450,70.14,"{""375-400"": 0, ""400-425"": 29.86, ""425-450"": 70.14, ""450-475"": 0}",0.00,0.00,0.00,29.86,70.14,0.00,0.00,2026-09-17,2026-09-17 04:16:54 CT,page_asof
2026-09-18 05:30:00,* Data as of 17 9月 2026 04:16:54 CT,2027-03-17,350-375,100.00,0.00,0.00,425-450,78.71,"{""375-400"": 0, ""400-425"": 0, ""425-450"": 78.71, ""450-475"": 21.29}",0.00,0.00,0.00,0.00,78.71,21.29,0.00,2026-09-17,2026-09-17 04:16:54 CT,page_asof
2026-09-18 05:30:00,* Data as of 17 9月 2026 04:16:54 CT,2027-04-28,350-375,100.00,0.00,0.00,450-475,64.14,"{""375-400"": 0, ""400-425"": 0, ""425-450"": 35.86, ""450-475"": 64.14}",0.00,0.00,0.00,0.00,35.86,64.14,0.00,2026-09-17,2026-09-17 04:16:54 CT,page_asof
2026-09-18 05:30:00,* Data as of 17 9月 2026 04:16:54 CT,2027-06-09,350-375,100.00,0.00,0.00,450-475,73.54,"{""375-400"": 0, ""400-425"": 0, ""425-450"": 26.46, ""450-475"": 73.54}",0.00,0.00,0.00,0.00,26.46,73.54,0.00,2026-09-17,2026-09-17 04:16:54 CT,page_asof
2026-09-18 05:30:00,* Data as of 17 9月 2026 04:16:54 CT,2027-07-28,350-375,100.00,0.00,0.00,450-475,90.14,"{""375-400"": 0, ""400-425"": 0, ""425-450"": 9.86, ""450-475"": 90.14}",0.00,0.00,0.00,0.00,9.86,90.14,0.00,2026-09-17,2026-09-17 04:16:54 CT,page_asof
2026-09-18 05:30:00,* Data as of 17 9月 2026 04:16:54 CT,2027-09-15,350-375,100.00,0.00,0.00,450-475,82.11,"{""375-400"": 0, ""400-425"": 0, ""425-450"": 17.89, ""450-475"": 82.11}",0.00,0.00,0.00,0.00,17.89,82.11,0.00,2026-09-17,2026-09-17 04:16:54 CT,page_asof
2026-09-18 05:30:00,* Data as of 17 9月 2026 04:16:54 CT,2027-10-27,350-375,100.00,0.00,0.00,450-475,90.14,"{""375-400"": 0, ""400-425"": 0, ""425-450"": 9.86, ""450-475"": 90.14}",0.00,0.00,0.00,0.00,9.86,90.14,0.00,2026-09-17,2026-09-17 04:16:54 CT,page_asof
2026-09-18 05:30:00,* Data as of 17 9月 2026 04:16:54 CT,2027-12-08,350-375,100.00,0.00,0.00,450-475,55.10,"{""375-400"": 0, ""400-425"": 0, ""425-450"": 44.9, ""450-475"": 55.1}",0.00,0.00,0.00,0.00,44.90,55.10,0.00,2026-09-17,2026-09-17 04:16:54 CT,page_asof
2026-09-19 05:30:00,* Data as of 18 9月 2026 04:17:47 CT,2026-10-28,350-375,100.00,0.00,0.00,400-425,53.14,"{""375-400"": 46.86, ""400-425"": 53.14, ""425-450"": 0, ""450-475"": 0, ""475-500"": 0}",0.00,0.00,46.86,53.14,0.00,0.00,0.00,2026-09-18,2026-09-18 04:17:47 CT,page_asof
2026-09-19 05:30:00,* Data as of 18 9月 2026 04:17:47 CT,2026-12-09,350-375,100.00,0.00,0.00,400-425,66.89,"{""375-400"": 0, ""400-425"": 66.89, ""425-450"": 33.11, ""450-475"": 0, ""475-500"": 0}",0.00,0.00,0.00,66.89,33.11,0.00,0.00,2026-09-18,2026-09-18 04:17:47 CT,page_asof
2026-09-19 05:30:00,* Data as of 18 9月 2026 04:17:47 CT,2027-01-27,350-375,100.00,0.00,0.00,425-450,72.14,"{""375-400"": 0, ""400-425"": 27.86, ""425-450"": 72.14, ""450-475"": 0, ""475-500"": 0}",0.00,0.00,0.00,27.86,72.14,0.00,0.00,2026-09-18,2026-09-18 04:17:47 CT,page_asof
2026-09-19 05:30:00,* Data as of 18 9月 2026 04:17:47 CT,2027-03-17,350-375,100.00,0.00,0.00,425-450,59.50,"{""375-400"": 0, ""400-425"": 0, ""425-450"": 59.5, ""450-475"": 40.5, ""475-500"": 0}",0.00,0.00,0.00,0.00,59.50,40.50,0.00,2026-09-18,2026-09-18 04:17:47 CT,page_asof
2026-09-19 05:30:00,* Data as of 18 9月 2026 04:17:47 CT,2027-04-28,350-375,100.00,0.00,0.00,450-475,65.14,"{""375-400"": 0, ""400-425"": 0, ""425-450"": 34.86, ""450-475"": 65.14, ""475-500"": 0}",0.00,0.00,0.00,0.00,34.86,65.14,0.00,2026-09-18,2026-09-18 04:17:47 CT,page_asof
2026-09-19 05:30:00,* Data as of 18 9月 2026 04:17:47 CT,2027-06-09,350-375,100.00,0.00,0.00,450-475,92.29,"{""375-400"": 0, ""400-425"": 0, ""425-450"": 0, ""450-475"": 92.29, ""475-500"": 7.71}",0.00,0.00,0.00,0.00,0.00,92.29,7.71,2026-09-18,2026-09-18 04:17:47 CT,page_asof
2026-09-19 05:30:00,* Data as of 18 9月 2026 04:17:47 CT,2027-07-28,350-375,100.00,0.00,0.00,450-475,87.86,"{""375-400"": 0, ""400-425"": 0, ""425-450"": 0, ""450-475"": 87.86, ""475-500"": 12.14}",0.00,0.00,0.00,0.00,0.00,87.86,12.14,2026-09-18,2026-09-18 04:17:47 CT,page_asof
2026-09-19 05:30:00,* Data as of 18 9月 2026 04:17:47 CT,2027-09-15,350-375,100.00,0.00,0.00,450-475,74.38,"{""375-400"": 0, ""400-425"": 0, ""425-450"": 0, ""450-475"": 74.38, ""475-500"": 25.62}",0.00,0.00,0.00,0.00,0.00,74.38,25.62,2026-09-18,2026-09-18 04:17:47 CT,page_asof
2026-09-19 05:30:00,* Data as of 18 9月 2026 04:17:47 CT,2027-10-27,350-375,100.00,0.00,0.00,450-475,85.86,"{""375-400"": 0, ""400-425"": 0, ""425-450"": 0, ""450-475"": 85.86, ""475-500"": 14.14}",0.00,0.00,0.00,0.00,0.00,85.86,14.14,2026-09-18,2026-09-18 04:17:47 CT,page_asof
2026-09-19 05:30:00,* Data as of 18 9月 2026 04:17:47 CT,2027-12-08,350-375,100.00,0.00,0.00,450-475,96.64,"{""375-400"": 0, ""400-425"": 0, ""425-450"": 0, ""450-475"": 96.64, ""475-500"": 3.36}",0.00,0.00,0.00,0.00,0.00,96.64,3.36,2026-09-18,2026-09-18 04:17:47 CT,page_asof
2026-09-22 05:30:00,* Data as of 21 9月 2026 04:17:48 CT,2026-10-28,350-375,100.00,0.00,0.00,400-425,55.36,"{""375-400"": 44.64, ""400-425"": 55.36, ""425-450"": 0, ""450-475"": 0, ""475-500"": 0}",0.00,0.00,44.64,55.36,0.00,0.00,0.00,2026-09-21,2026-09-21 04:17:48 CT,page_asof
2026-09-22 05:30:00,* Data as of 21 9月 2026 04:17:48 CT,2026-12-09,350-375,100.00,0.00,0.00,400-425,66.72,"{""375-400"": 0, ""400-425"": 66.72, ""425-450"": 33.28, ""450-475"": 0, ""475-500"": 0}",0.00,0.00,0.00,66.72,33.28,0.00,0.00,2026-09-21,2026-09-21 04:17:48 CT,page_asof
2026-09-22 05:30:00,* Data as of 21 9月 2026 04:17:48 CT,2027-01-27,350-375,100.00,0.00,0.00,425-450,80.36,"{""375-400"": 0, ""400-425"": 19.64, ""425-450"": 80.36, ""450-475"": 0, ""475-500"": 0}",0.00,0.00,0.00,19.64,80.36,0.00,0.00,2026-09-21,2026-09-21 04:17:48 CT,page_asof
2026-09-22 05:30:00,* Data as of 21 9月 2026 04:17:48 CT,2027-03-17,350-375,100.00,0.00,0.00,425-450,59.71,"{""375-400"": 0, ""400-425"": 0, ""425-450"": 59.71, ""450-475"": 40.29, ""475-500"": 0}",0.00,0.00,0.00,0.00,59.71,40.29,0.00,2026-09-21,2026-09-21 04:17:48 CT,page_asof
2026-09-22 05:30:00,* Data as of 21 9月 2026 04:17:48 CT,2027-04-28,350-375,100.00,0.00,0.00,450-475,71.36,"{""375-400"": 0, ""400-425"": 0, ""425-450"": 28.64, ""450-475"": 71.36, ""475-500"": 0}",0.00,0.00,0.00,0.00,28.64,71.36,0.00,2026-09-21,2026-09-21 04:17:48 CT,page_asof
2026-09-22 05:30:00,* Data as of 21 9月 2026 04:17:48 CT,2027-06-09,350-375,100.00,0.00,0.00,450-475,95.61,"{""375-400"": 0, ""400-425"": 0, ""425-450"": 0, ""450-475"": 95.61, ""475-500"": 4.39}",0.00,0.00,0.00,0.00,0.00,95.61,4.39,2026-09-21,2026-09-21 04:17:48 CT,page_asof
2026-09-22 05:30:00,* Data as of 21 9月 2026 04:17:48 CT,2027-07-28,350-375,100.00,0.00,0.00,450-475,85.64,"{""375-400"": 0, ""400-425"": 0, ""425-450"": 0, ""450-475"": 85.64, ""475-500"": 14.36}",0.00,0.00,0.00,0.00,0.00,85.64,14.36,2026-09-21,2026-09-21 04:17:48 CT,page_asof
2026-09-22 05:30:00,* Data as of 21 9月 2026 04:17:48 CT,2027-09-15,350-375,100.00,0.00,0.00,450-475,77.90,"{""375-400"": 0, ""400-425"": 0, ""425-450"": 0, ""450-475"": 77.9, ""475-500"": 22.1}",0.00,0.00,0.00,0.00,0.00,77.90,22.10,2026-09-21,2026-09-21 04:17:48 CT,page_asof
2026-09-22 05:30:00,* Data as of 21 9月 2026 04:17:48 CT,2027-10-27,350-375,100.00,0.00,0.00,450-475,83.64,"{""375-400"": 0, ""400-425"": 0, ""425-450"": 0, ""450-475"": 83.64, ""475-500"": 16.36}",0.00,0.00,0.00,0.00,0.00,83.64,16.36,2026-09-21,2026-09-21 04:17:48 CT,page_asof
2026-09-22 05:30:00,* Data as of 21 9月 2026 04:17:48 CT,2027-12-08,350-375,100.00,0.00,0.00,450-475,94.43,"{""375-400"": 0, ""400-425"": 0, ""425-450"": 0, ""450-475"": 94.43, ""475-500"": 5.57}",0.00,0.00,0.00,0.00,0.00,94.43,5.57,2026-09-21,2026-09-21 04:17:48 CT,page_asof
2026-09-23 05:30:00,* Data as of 22 9月 2026 04:18:13 CT,2026-10-28,350-375,100.00,0.00,0.00,400-425,53.14,"{""375-400"": 46.86, ""400-425"": 53.14, ""425-450"": 0, ""450-475"": 0, ""475-500"": 0}",0.00,0.00,46.86,53.14,0.00,0.00,0.00,2026-09-22,2026-09-22 04:18:13 CT,page_asof
2026-09-23 05:30:00,* Data as of 22 9月 2026 04:18:13 CT,2026-12-09,350-375,100.00,0.00,0.00,400-425,67.41,"{""375-400"": 0, ""400-425"": 67.41, ""425-450"": 32.59, ""450-475"": 0, ""475-500"": 0}",0.00,0.00,0.00,67.41,32.59,0.00,0.00,2026-09-22,2026-09-22 04:18:13 CT,page_asof
2026-09-23 05:30:00,* Data as of 22 9月 2026 04:18:13 CT,2027-01-27,350-375,100.00,0.00,0.00,425-450,60.14,"{""375-400"": 0, ""400-425"": 39.86, ""425-450"": 60.14, ""450-475"": 0, ""475-500"": 0}",0.00,0.00,0.00,39.86,60.14,0.00,0.00,2026-09-22,2026-09-22 04:18:13 CT,page_asof
2026-09-23 05:30:00,* Data as of 22 9月 2026 04:18:13 CT,2027-03-17,350-375,100.00,0.00,0.00,425-450,63.36,"{""375-400"": 0, ""400-425"": 0, ""425-450"": 63.36, ""450-475"": 36.64, ""475-500"": 0}",0.00,0.00,0.00,0.00,63.36,36.64,0.00,2026-09-22,2026-09-22 04:18:13 CT,page_asof
2026-09-23 05:30:00,* Data as of 22 9月 2026 04:18:13 CT,2027-04-28,350-375,100.00,0.00,0.00,450-475,74.14,"{""375-400"": 0, ""400-425"": 0, ""425-450"": 25.86, ""450-475"": 74.14, ""475-500"": 0}",0.00,0.00,0.00,0.00,25.86,74.14,0.00,2026-09-22,2026-09-22 04:18:13 CT,page_asof
2026-09-23 05:30:00,* Data as of 22 9月 2026 04:18:13 CT,2027-06-09,350-375,100.00,0.00,0.00,450-475,97.82,"{""375-400"": 0, ""400-425"": 0, ""425-450"": 0, ""450-475"": 97.82, ""475-500"": 2.18}",0.00,0.00,0.00,0.00,0.00,97.82,2.18,2026-09-22,2026-09-22 04:18:13 CT,page_asof
2026-09-23 05:30:00,* Data as of 22 9月 2026 04:18:13 CT,2027-07-28,350-375,100.00,0.00,0.00,450-475,87.86,"{""375-400"": 0, ""400-425"": 0, ""425-450"": 0, ""450-475"": 87.86, ""475-500"": 12.14}",0.00,0.00,0.00,0.00,0.00,87.86,12.14,2026-09-22,2026-09-22 04:18:13 CT,page_asof
2026-09-23 05:30:00,* Data as of 22 9月 2026 04:18:13 CT,2027-09-15,350-375,100.00,0.00,0.00,450-475,82.71,"{""375-400"": 0, ""400-425"": 0, ""425-450"": 0, ""450-475"": 82.71, ""475-500"": 17.29}",0.00,0.00,0.00,0.00,0.00,82.71,17.29,2026-09-22,2026-09-22 04:18:13 CT,page_asof
2026-09-23 05:30:00,* Data as of 22 9月 2026 04:18:13 CT,2027-10-27,350-375,100.00,0.00,0.00,450-475,83.86,"{""375-400"": 0, ""400-425"": 0, ""425-450"": 0, ""450-475"": 83.86, ""475-500"": 16.14}",0.00,0.00,0.00,0.00,0.00,83.86,16.14,2026-09-22,2026-09-22 04:18:13 CT,page_asof
2026-09-23 05:30:00,* Data as of 22 9月 2026 04:18:13 CT,2027-12-08,350-375,100.00,0.00,0.00,450-475,94.64,"{""375-400"": 0, ""400-425"": 0, ""425-450"": 0, ""450-475"": 94.64, ""475-500"": 5.36}",0.00,0.00,0.00,0.00,0.00,94.64,5.36,2026-09-22,2026-09-22 04:18:13 CT,page_asof
2026-09-24 05:30:00,* Data as of 23 9月 2026 04:17:20 CT,2026-10-28,350-375,100.00,0.00,0.00,400-425,68.64,"{""375-400"": 31.36, ""400-425"": 68.64, ""425-450"": 0, ""450-475"": 0, ""475-500"": 0}",0.00,0.00,31.36,68.64,0.00,0.00,0.00,2026-09-23,2026-09-23 04:17:20 CT,page_asof
2026-09-24 05:30:00,* Data as of 23 9月 2026 04:17:20 CT,2026-12-09,350-375,100.00,0.00,0.00,400-425,51.88,"{""375-400"": 0, ""400-425"": 51.88, ""425-450"": 48.12, ""450-475"": 0, ""475-500"": 0}",0.00,0.00,0.00,51.88,48.12,0.00,0.00,2026-09-23,2026-09-23 04:17:20 CT,page_asof
2026-09-24 05:30:00,* Data as of 23 9月 2026 04:17:20 CT,2027-01-27,350-375,100.00,0.00,0.00,425-450,98.64,"{""375-400"": 0, ""400-425"": 1.36, ""425-450"": 98.64, ""450-475"": 0, ""475-500"": 0}",0.00,0.00,0.00,1.36,98.64,0.00,0.00,2026-09-23,2026-09-23 04:17:20 CT,page_asof
2026-09-24 05:30:00,* Data as of 23 9月 2026 04:17:20 CT,2027-03-17,350-375,100.00,0.00,0.00,450-475,72.57,"{""375-400"": 0, ""400-425"": 0, ""425-450"": 27.43, ""450-475"": 72.57, ""475-500"": 0}",0.00,0.00,0.00,0.00,27.43,72.57,0.00,2026-09-23,2026-09-23 04:17:20 CT,page_asof
2026-09-24 05:30:00,* Data as of 23 9月 2026 04:17:20 CT,2027-04-28,350-375,100.00,0.00,0.00,450-475,96.36,"{""375-400"": 0, ""400-425"": 0, ""425-450"": 0, ""450-475"": 96.36, ""475-500"": 3.64}",0.00,0.00,0.00,0.00,0.00,96.36,3.64,2026-09-23,2026-09-23 04:17:20 CT,page_asof
2026-09-24 05:30:00,* Data as of 23 9月 2026 04:17:20 CT,2027-06-09,350-375,100.00,0.00,0.00,450-475,50.32,"{""375-400"": 0, ""400-425"": 0, ""425-450"": 0, ""450-475"": 50.32, ""475-500"": 49.68}",0.00,0.00,0.00,0.00,0.00,50.32,49.68,2026-09-23,2026-09-23 04:17:20 CT,page_asof
2026-09-24 05:30:00,* Data as of 23 9月 2026 04:17:20 CT,2027-07-28,350-375,100.00,0.00,0.00,475-500,59.64,"{""375-400"": 0, ""400-425"": 0, ""425-450"": 0, ""450-475"": 40.36, ""475-500"": 59.64}",0.00,0.00,0.00,0.00,0.00,40.36,59.64,2026-09-23,2026-09-23 04:17:20 CT,page_asof
2026-09-24 05:30:00,* Data as of 23 9月 2026 04:17:20 CT,2027-09-15,350-375,100.00,0.00,0.00,475-500,73.05,"{""375-400"": 0, ""400-425"": 0, ""425-450"": 0, ""450-475"": 26.95, ""475-500"": 73.05}",0.00,0.00,0.00,0.00,0.00,26.95,73.05,2026-09-23,2026-09-23 04:17:20 CT,page_asof
2026-09-24 05:30:00,* Data as of 23 9月 2026 04:17:20 CT,2027-10-27,350-375,100.00,0.00,0.00,475-500,77.64,"{""375-400"": 0, ""400-425"": 0, ""425-450"": 0, ""450-475"": 22.36, ""475-500"": 77.64}",0.00,0.00,0.00,0.00,0.00,22.36,77.64,2026-09-23,2026-09-23 04:17:20 CT,page_asof
2026-09-24 05:30:00,* Data as of 23 9月 2026 04:17:20 CT,2027-12-08,350-375,100.00,0.00,0.00,475-500,69.56,"{""375-400"": 0, ""400-425"": 0, ""425-450"": 0, ""450-475"": 30.44, ""475-500"": 69.56}",0.00,0.00,0.00,0.00,0.00,30.44,69.56,2026-09-23,2026-09-23 04:17:20 CT,page_asof
2026-09-25 05:30:00,* Data as of 24 9月 2026 04:17:32 CT,2026-10-28,350-375,100.00,0.00,0.00,400-425,70.86,"{""375-400"": 29.14, ""400-425"": 70.86, ""425-450"": 0, ""450-475"": 0, ""475-500"": 0}",0.00,0.00,29.14,70.86,0.00,0.00,0.00,2026-09-24,2026-09-24 04:17:32 CT,page_asof
2026-09-25 05:30:00,* Data as of 24 9月 2026 04:17:32 CT,2026-12-09,350-375,100.00,0.00,0.00,425-450,51.93,"{""375-400"": 0, ""400-425"": 48.07, ""425-450"": 51.93, ""450-475"": 0, ""475-500"": 0}",0.00,0.00,0.00,48.07,51.93,0.00,0.00,2026-09-24,2026-09-24 04:17:32 CT,page_asof
2026-09-25 05:30:00,* Data as of 24 9月 2026 04:17:32 CT,2027-01-27,350-375,100.00,0.00,0.00,425-450,97.86,"{""375-400"": 0, ""400-425"": 2.14, ""425-450"": 97.86, ""450-475"": 0, ""475-500"": 0}",0.00,0.00,0.00,2.14,97.86,0.00,0.00,2026-09-24,2026-09-24 04:17:32 CT,page_asof
2026-09-25 05:30:00,* Data as of 24 9月 2026 04:17:32 CT,2027-03-17,350-375,100.00,0.00,0.00,450-475,73.36,"{""375-400"": 0, ""400-425"": 0, ""425-450"": 26.64, ""450-475"": 73.36, ""475-500"": 0}",0.00,0.00,0.00,0.00,26.64,73.36,0.00,2026-09-24,2026-09-24 04:17:32 CT,page_asof
2026-09-25 05:30:00,* Data as of 24 9月 2026 04:17:32 CT,2027-04-28,350-375,100.00,0.00,0.00,450-475,74.14,"{""375-400"": 0, ""400-425"": 0, ""425-450"": 0, ""450-475"": 74.14, ""475-500"": 25.86}",0.00,0.00,0.00,0.00,0.00,74.14,25.86,2026-09-24,2026-09-24 04:17:32 CT,page_asof
2026-09-25 05:30:00,* Data as of 24 9月 2026 04:17:32 CT,2027-06-09,350-375,100.00,0.00,0.00,475-500,57.68,"{""375-400"": 0, ""400-425"": 0, ""425-450"": 0, ""450-475"": 42.32, ""475-500"": 57.68}",0.00,0.00,0.00,0.00,0.00,42.32,57.68,2026-09-24,2026-09-24 04:17:32 CT,page_asof
2026-09-25 05:30:00,* Data as of 24 9月 2026 04:17:32 CT,2027-07-28,350-375,100.00,0.00,0.00,475-500,69.86,"{""375-400"": 0, ""400-425"": 0, ""425-450"": 0, ""450-475"": 30.14, ""475-500"": 69.86}",0.00,0.00,0.00,0.00,0.00,30.14,69.86,2026-09-24,2026-09-24 04:17:32 CT,page_asof
2026-09-25 05:30:00,* Data as of 24 9月 2026 04:17:32 CT,2027-09-15,350-375,100.00,0.00,0.00,475-500,86.19,"{""375-400"": 0, ""400-425"": 0, ""425-450"": 0, ""450-475"": 13.81, ""475-500"": 86.19}",0.00,0.00,0.00,0.00,0.00,13.81,86.19,2026-09-24,2026-09-24 04:17:32 CT,page_asof
2026-09-25 05:30:00,* Data as of 24 9月 2026 04:17:32 CT,2027-10-27,350-375,100.00,0.00,0.00,475-500,75.86,"{""375-400"": 0, ""400-425"": 0, ""425-450"": 0, ""450-475"": 24.14, ""475-500"": 75.86}",0.00,0.00,0.00,0.00,0.00,24.14,75.86,2026-09-24,2026-09-24 04:17:32 CT,page_asof
2026-09-25 05:30:00,* Data as of 24 9月 2026 04:17:32 CT,2027-12-08,350-375,100.00,0.00,0.00,475-500,67.77,"{""375-400"": 0, ""400-425"": 0, ""425-450"": 0, ""450-475"": 32.23, ""475-500"": 67.77}",0.00,0.00,0.00,0.00,0.00,32.23,67.77,2026-09-24,2026-09-24 04:17:32 CT,page_asof
2026-09-26 05:30:00,* Data as of 25 9月 2026 04:19:12 CT,2026-10-28,350-375,100.00,0.00,0.00,400-425,64.21,"{""375-400"": 35.79, ""400-425"": 64.21, ""425-450"": 0, ""450-475"": 0, ""475-500"": 0}",0.00,0.00,35.79,64.21,0.00,0.00,0.00,2026-09-25,2026-09-25 04:19:12 CT,page_asof
2026-09-26 05:30:00,* Data as of 25 9月 2026 04:19:12 CT,2026-12-09,350-375,100.00,0.00,0.00,400-425,56.60,"{""375-400"": 0, ""400-425"": 56.6, ""425-450"": 43.4, ""450-475"": 0, ""475-500"": 0}",0.00,0.00,0.00,56.60,43.40,0.00,0.00,2026-09-25,2026-09-25 04:19:12 CT,page_asof
2026-09-26 05:30:00,* Data as of 25 9月 2026 04:19:12 CT,2027-01-27,350-375,100.00,0.00,0.00,425-450,96.21,"{""375-400"": 0, ""400-425"": 3.79, ""425-450"": 96.21, ""450-475"": 0, ""475-500"": 0}",0.00,0.00,0.00,3.79,96.21,0.00,0.00,2026-09-25,2026-09-25 04:19:12 CT,page_asof
2026-09-26 05:30:00,* Data as of 25 9月 2026 04:19:12 CT,2027-03-17,350-375,100.00,0.00,0.00,450-475,57.07,"{""375-400"": 0, ""400-425"": 0, ""425-450"": 42.93, ""450-475"": 57.07, ""475-500"": 0}",0.00,0.00,0.00,0.00,42.93,57.07,0.00,2026-09-25,2026-09-25 04:19:12 CT,page_asof
2026-09-26 05:30:00,* Data as of 25 9月 2026 04:19:12 CT,2027-04-28,350-375,100.00,0.00,0.00,450-475,95.79,"{""375-400"": 0, ""400-425"": 0, ""425-450"": 0, ""450-475"": 95.79, ""475-500"": 4.21}",0.00,0.00,0.00,0.00,0.00,95.79,4.21,2026-09-25,2026-09-25 04:19:12 CT,page_asof
2026-09-26 05:30:00,* Data as of 25 9月 2026 04:19:12 CT,2027-06-09,350-375,100.00,0.00,0.00,450-475,71.61,"{""375-400"": 0, ""400-425"": 0, ""425-450"": 0, ""450-475"": 71.61, ""475-500"": 28.39}",0.00,0.00,0.00,0.00,0.00,71.61,28.39,2026-09-25,2026-09-25 04:19:12 CT,page_asof
2026-09-26 05:30:00,* Data as of 25 9月 2026 04:19:12 CT,2027-07-28,350-375,100.00,0.00,0.00,450-475,52.79,"{""375-400"": 0, ""400-425"": 0, ""425-450"": 0, ""450-475"": 52.79, ""475-500"": 47.21}",0.00,0.00,0.00,0.00,0.00,52.79,47.21,2026-09-25,2026-09-25 04:19:12 CT,page_asof
2026-09-26 05:30:00,* Data as of 25 9月 2026 04:19:12 CT,2027-09-15,350-375,100.00,0.00,0.00,475-500,59.21,"{""375-400"": 0, ""400-425"": 0, ""425-450"": 0, ""450-475"": 40.79, ""475-500"": 59.21}",0.00,0.00,0.00,0.00,0.00,40.79,59.21,2026-09-25,2026-09-25 04:19:12 CT,page_asof
2026-09-26 05:30:00,* Data as of 25 9月 2026 04:19:12 CT,2027-10-27,350-375,100.00,0.00,0.00,475-500,59.21,"{""375-400"": 0, ""400-425"": 0, ""425-450"": 0, ""450-475"": 40.79, ""475-500"": 59.21}",0.00,0.00,0.00,0.00,0.00,40.79,59.21,2026-09-25,2026-09-25 04:19:12 CT,page_asof
2026-09-26 05:30:00,* Data as of 25 9月 2026 04:19:12 CT,2027-12-08,350-375,100.00,0.00,0.00,475-500,51.13,"{""375-400"": 0, ""400-425"": 0, ""425-450"": 0, ""450-475"": 48.87, ""475-500"": 51.13}",0.00,0.00,0.00,0.00,0.00,48.87,51.13,2026-09-25,2026-09-25 04:19:12 CT,page_asof
2026-09-29 05:30:00,* Data as of 28 9月 2026 04:17:31 CT,2026-10-28,350-375,100.00,0.00,0.00,400-425,70.30,"{""375-400"": 29.7, ""400-425"": 70.3, ""425-450"": 0, ""450-475"": 0, ""475-500"": 0, ""500-525"": 0}",0.00,0.00,29.70,70.30,0.00,0.00,0.00,2026-09-28,2026-09-28 04:17:31 CT,page_asof
2026-09-29 05:30:00,* Data as of 28 9月 2026 04:17:31 CT,2026-12-09,350-375,100.00,0.00,0.00,425-450,51.56,"{""375-400"": 0, ""400-425"": 48.44, ""425-450"": 51.56, ""450-475"": 0, ""475-500"": 0, ""500-525"": 0}",0.00,0.00,0.00,48.44,51.56,0.00,0.00,2026-09-28,2026-09-28 04:17:31 CT,page_asof
2026-09-29 05:30:00,* Data as of 28 9月 2026 04:17:31 CT,2027-01-27,350-375,100.00,0.00,0.00,425-450,80.70,"{""375-400"": 0, ""400-425"": 0, ""425-450"": 80.7, ""450-475"": 19.3, ""475-500"": 0, ""500-525"": 0}",0.00,0.00,0.00,0.00,80.70,19.30,0.00,2026-09-28,2026-09-28 04:17:31 CT,page_asof
2026-09-29 05:30:00,* Data as of 28 9月 2026 04:17:31 CT,2027-03-17,350-375,100.00,0.00,0.00,450-475,81.09,"{""375-400"": 0, ""400-425"": 0, ""425-450"": 18.91, ""450-475"": 81.09, ""475-500"": 0, ""500-525"": 0}",0.00,0.00,0.00,0.00,18.91,81.09,0.00,2026-09-28,2026-09-28 04:17:31 CT,page_asof
2026-09-29 05:30:00,* Data as of 28 9月 2026 04:17:31 CT,2027-04-28,350-375,100.00,0.00,0.00,450-475,70.70,"{""375-400"": 0, ""400-425"": 0, ""425-450"": 0, ""450-475"": 70.7, ""475-500"": 29.3, ""500-525"": 0}",0.00,0.00,0.00,0.00,0.00,70.70,29.30,2026-09-28,2026-09-28 04:17:31 CT,page_asof
2026-09-29 05:30:00,* Data as of 28 9月 2026 04:17:31 CT,2027-06-09,350-375,100.00,0.00,0.00,475-500,65.02,"{""375-400"": 0, ""400-425"": 0, ""425-450"": 0, ""450-475"": 34.98, ""475-500"": 65.02, ""500-525"": 0}",0.00,0.00,0.00,0.00,0.00,34.98,65.02,2026-09-28,2026-09-28 04:17:31 CT,page_asof
2026-09-29 05:30:00,* Data as of 28 9月 2026 04:17:31 CT,2027-07-28,350-375,100.00,0.00,0.00,475-500,78.30,"{""375-400"": 0, ""400-425"": 0, ""425-450"": 0, ""450-475"": 21.7, ""475-500"": 78.3, ""500-525"": 0}",0.00,0.00,0.00,0.00,0.00,21.70,78.30,2026-09-28,2026-09-28 04:17:31 CT,page_asof
2026-09-29 05:30:00,* Data as of 28 9月 2026 04:17:31 CT,2027-09-15,350-375,100.00,0.00,0.00,475-500,81.99,"{""375-400"": 0, ""400-425"": 0, ""425-450"": 0, ""450-475"": 0, ""475-500"": 81.99, ""500-525"": 18.01}",0.00,0.00,0.00,0.00,0.00,0.00,81.99,2026-09-28,2026-09-28 04:17:31 CT,page_asof
2026-09-29 05:30:00,* Data as of 28 9月 2026 04:17:31 CT,2027-10-27,350-375,100.00,0.00,0.00,425-450,96.70,"{""375-400"": 0, ""400-425"": 0, ""425-450"": 96.7, ""450-475"": 3.3, ""475-500"": 0, ""500-525"": 0}",0.00,0.00,0.00,0.00,96.70,3.30,0.00,2026-09-28,2026-09-28 04:17:31 CT,page_asof
2026-09-29 05:30:00,* Data as of 28 9月 2026 04:17:31 CT,2027-12-08,350-375,100.00,0.00,0.00,475-500,56.78,"{""375-400"": 0, ""400-425"": 0, ""425-450"": 0, ""450-475"": 0, ""475-500"": 56.78, ""500-525"": 43.22}",0.00,0.00,0.00,0.00,0.00,0.00,56.78,2026-09-28,2026-09-28 04:17:31 CT,page_asof
2026-09-30 05:30:00,* Data as of 29 9月 2026 04:17:16 CT,2026-10-28,375-400,47.05,52.95,0.00,375-400,52.95,"{""375-400"": 52.95, ""400-425"": 47.05, ""425-450"": 0, ""450-475"": 0, ""475-500"": 0, ""500-525"": 0}",0.00,0.00,52.95,47.05,0.00,0.00,0.00,2026-09-29,2026-09-29 04:17:16 CT,page_asof
2026-09-30 05:30:00,* Data as of 29 9月 2026 04:17:16 CT,2026-12-09,375-400,100.00,0.00,0.00,400-425,72.80,"{""375-400"": 0, ""400-425"": 72.8, ""425-450"": 27.2, ""450-475"": 0, ""475-500"": 0, ""500-525"": 0}",0.00,0.00,0.00,72.80,27.20,0.00,0.00,2026-09-29,2026-09-29 04:17:16 CT,page_asof
2026-09-30 05:30:00,* Data as of 29 9月 2026 04:17:16 CT,2027-01-27,375-400,100.00,0.00,0.00,425-450,88.05,"{""375-400"": 0, ""400-425"": 11.95, ""425-450"": 88.05, ""450-475"": 0, ""475-500"": 0, ""500-525"": 0}",0.00,0.00,0.00,11.95,88.05,0.00,0.00,2026-09-29,2026-09-29 04:17:16 CT,page_asof
2026-09-30 05:30:00,* Data as of 29 9月 2026 04:17:16 CT,2027-03-17,375-400,100.00,0.00,0.00,450-475,61.27,"{""375-400"": 0, ""400-425"": 0, ""425-450"": 38.73, ""450-475"": 61.27, ""475-500"": 0, ""500-525"": 0}",0.00,0.00,0.00,0.00,38.73,61.27,0.00,2026-09-29,2026-09-29 04:17:16 CT,page_asof
2026-09-30 05:30:00,* Data as of 29 9月 2026 04:17:16 CT,2027-04-28,375-400,100.00,0.00,0.00,450-475,96.95,"{""375-400"": 0, ""400-425"": 0, ""425-450"": 0, ""450-475"": 96.95, ""475-500"": 3.05, ""500-525"": 0}",0.00,0.00,0.00,0.00,0.00,96.95,3.05,2026-09-29,2026-09-29 04:17:16 CT,page_asof
2026-09-30 05:30:00,* Data as of 29 9月 2026 04:17:16 CT,2027-06-09,375-400,100.00,0.00,0.00,450-475,62.30,"{""375-400"": 0, ""400-425"": 0, ""425-450"": 0, ""450-475"": 62.3, ""475-500"": 37.7, ""500-525"": 0}",0.00,0.00,0.00,0.00,0.00,62.30,37.70,2026-09-29,2026-09-29 04:17:16 CT,page_asof
2026-09-30 05:30:00,* Data as of 29 9月 2026 04:17:16 CT,2027-07-28,375-400,100.00,0.00,0.00,475-500,62.05,"{""375-400"": 0, ""400-425"": 0, ""425-450"": 0, ""450-475"": 37.95, ""475-500"": 62.05, ""500-525"": 0}",0.00,0.00,0.00,0.00,0.00,37.95,62.05,2026-09-29,2026-09-29 04:17:16 CT,page_asof
2026-09-30 05:30:00,* Data as of 29 9月 2026 04:17:16 CT,2027-09-15,375-400,100.00,0.00,0.00,475-500,91.50,"{""375-400"": 0, ""400-425"": 0, ""425-450"": 0, ""450-475"": 8.5, ""475-500"": 91.5, ""500-525"": 0}",0.00,0.00,0.00,0.00,0.00,8.50,91.50,2026-09-29,2026-09-29 04:17:16 CT,page_asof
2026-09-30 05:30:00,* Data as of 29 9月 2026 04:17:16 CT,2027-10-27,375-400,100.00,0.00,0.00,425-450,97.95,"{""375-400"": 0, ""400-425"": 0, ""425-450"": 97.95, ""450-475"": 2.05, ""475-500"": 0, ""500-525"": 0}",0.00,0.00,0.00,0.00,97.95,2.05,0.00,2026-09-29,2026-09-29 04:17:16 CT,page_asof
2026-09-30 05:30:00,* Data as of 29 9月 2026 04:17:16 CT,2027-12-08,375-400,100.00,0.00,0.00,475-500,76.90,"{""375-400"": 0, ""400-425"": 0, ""425-450"": 0, ""450-475"": 0, ""475-500"": 76.9, ""500-525"": 23.1}",0.00,0.00,0.00,0.00,0.00,0.00,76.90,2026-09-29,2026-09-29 04:17:16 CT,page_asof
2026-10-01 05:30:00,* Data as of 30 9月 2026 04:16:49 CT,2026-10-28,375-400,37.09,62.91,0.00,375-400,62.91,"{""375-400"": 62.91, ""400-425"": 37.09, ""425-450"": 0, ""450-475"": 0, ""475-500"": 0, ""500-525"": 0}",0.00,0.00,62.91,37.09,0.00,0.00,0.00,2026-09-30,2026-09-30 04:16:49 CT,page_asof
2026-10-01 05:30:00,* Data as of 30 9月 2026 04:16:49 CT,2026-12-09,375-400,100.00,0.00,0.00,400-425,83.47,"{""375-400"": 0, ""400-425"": 83.47, ""425-450"": 16.53, ""450-475"": 0, ""475-500"": 0, ""500-525"": 0}",0.00,0.00,0.00,83.47,16.53,0.00,0.00,2026-09-30,2026-09-30 04:16:49 CT,page_asof
2026-10-01 05:30:00,* Data as of 30 9月 2026 04:16:49 CT,2027-01-27,375-400,100.00,0.00,0.00,425-450,75.09,"{""375-400"": 0, ""400-425"": 24.91, ""425-450"": 75.09, ""450-475"": 0, ""475-500"": 0, ""500-525"": 0}",0.00,0.00,0.00,24.91,75.09,0.00,0.00,2026-09-30,2026-09-30 04:16:49 CT,page_asof
2026-10-01 05:30:00,* Data as of 30 9月 2026 04:16:49 CT,2027-03-17,375-400,100.00,0.00,0.00,425-450,51.05,"{""375-400"": 0, ""400-425"": 0, ""425-450"": 51.05, ""450-475"": 48.95, ""475-500"": 0, ""500-525"": 0}",0.00,0.00,0.00,0.00,51.05,48.95,0.00,2026-09-30,2026-09-30 04:16:49 CT,page_asof
2026-10-01 05:30:00,* Data as of 30 9月 2026 04:16:49 CT,2027-04-28,375-400,100.00,0.00,0.00,450-475,96.09,"{""375-400"": 0, ""400-425"": 0, ""425-450"": 3.91, ""450-475"": 96.09, ""475-500"": 0, ""500-525"": 0}",0.00,0.00,0.00,0.00,3.91,96.09,0.00,2026-09-30,2026-09-30 04:16:49 CT,page_asof
2026-10-01 05:30:00,* Data as of 30 9月 2026 04:16:49 CT,2027-06-09,375-400,100.00,0.00,0.00,450-475,61.16,"{""375-400"": 0, ""400-425"": 0, ""425-450"": 0, ""450-475"": 61.16, ""475-500"": 38.84, ""500-525"": 0}",0.00,0.00,0.00,0.00,0.00,61.16,38.84,2026-09-30,2026-09-30 04:16:49 CT,page_asof
2026-10-01 05:30:00,* Data as of 30 9月 2026 04:16:49 CT,2027-07-28,375-400,100.00,0.00,0.00,475-500,62.09,"{""375-400"": 0, ""400-425"": 0, ""425-450"": 0, ""450-475"": 37.91, ""475-500"": 62.09, ""500-525"": 0}",0.00,0.00,0.00,0.00,0.00,37.91,62.09,2026-09-30,2026-09-30 04:16:49 CT,page_asof
2026-10-01 05:30:00,* Data as of 30 9月 2026 04:16:49 CT,2027-09-15,375-400,100.00,0.00,0.00,475-500,97.80,"{""375-400"": 0, ""400-425"": 0, ""425-450"": 0, ""450-475"": 0, ""475-500"": 97.8, ""500-525"": 2.2}",0.00,0.00,0.00,0.00,0.00,0.00,97.80,2026-09-30,2026-09-30 04:16:49 CT,page_asof
2026-10-01 05:30:00,* Data as of 30 9月 2026 04:16:49 CT,2027-10-27,375-400,100.00,0.00,0.00,425-450,92.09,"{""375-400"": 0, ""400-425"": 7.91, ""425-450"": 92.09, ""450-475"": 0, ""475-500"": 0, ""500-525"": 0}",0.00,0.00,0.00,7.91,92.09,0.00,0.00,2026-09-30,2026-09-30 04:16:49 CT,page_asof
2026-10-01 05:30:00,* Data as of 30 9月 2026 04:16:49 CT,2027-12-08,375-400,100.00,0.00,0.00,475-500,73.39,"{""375-400"": 0, ""400-425"": 0, ""425-450"": 0, ""450-475"": 0, ""475-500"": 73.39, ""500-525"": 26.61}",0.00,0.00,0.00,0.00,0.00,0.00,73.39,2026-09-30,2026-09-30 04:16:49 CT,page_asof
2026-10-02 05:30:00,* Data as of 1 10月 2026 04:16:59 CT,2026-10-28,375-400,28.23,71.77,0.00,375-400,71.77,"{""375-400"": 71.77, ""400-425"": 28.23, ""425-450"": 0, ""450-475"": 0, ""475-500"": 0}",0.00,0.00,71.77,28.23,0.00,0.00,0.00,2026-10-01,2026-10-01 04:16:59 CT,page_asof
2026-10-02 05:30:00,* Data as of 1 10月 2026 04:16:59 CT,2026-12-09,375-400,100.00,0.00,0.00,400-425,94.21,"{""375-400"": 0, ""400-425"": 94.21, ""425-450"": 5.79, ""450-475"": 0, ""475-500"": 0}",0.00,0.00,0.00,94.21,5.79,0.00,0.00,2026-10-01,2026-10-01 04:16:59 CT,page_asof
2026-10-02 05:30:00,* Data as of 1 10月 2026 04:16:59 CT,2027-01-27,375-400,100.00,0.00,0.00,400-425,59.77,"{""375-400"": 0, ""400-425"": 59.77, ""425-450"": 40.23, ""450-475"": 0, ""475-500"": 0}",0.00,0.00,0.00,59.77,40.23,0.00,0.00,2026-10-01,2026-10-01 04:16:59 CT,page_asof
2026-10-02 05:30:00,* Data as of 1 10月 2026 04:16:59 CT,2027-03-17,375-400,100.00,0.00,0.00,425-450,99.55,"{""375-400"": 0, ""400-425"": 0, ""425-450"": 99.55, ""450-475"": 0.45, ""475-500"": 0}",0.00,0.00,0.00,0.00,99.55,0.45,0.00,2026-10-01,2026-10-01 04:16:59 CT,page_asof
2026-10-02 05:30:00,* Data as of 1 10月 2026 04:16:59 CT,2027-04-28,375-400,100.00,0.00,0.00,425-450,57.77,"{""375-400"": 0, ""400-425"": 0, ""425-450"": 57.77, ""450-475"": 42.23, ""475-500"": 0}",0.00,0.00,0.00,0.00,57.77,42.23,0.00,2026-10-01,2026-10-01 04:16:59 CT,page_asof
2026-10-02 05:30:00,* Data as of 1 10月 2026 04:16:59 CT,2027-06-09,375-400,100.00,0.00,0.00,450-475,90.41,"{""375-400"": 0, ""400-425"": 0, ""425-450"": 9.59, ""450-475"": 90.41, ""475-500"": 0}",0.00,0.00,0.00,0.00,9.59,90.41,0.00,2026-10-01,2026-10-01 04:16:59 CT,page_asof
2026-10-02 05:30:00,* Data as of 1 10月 2026 04:16:59 CT,2027-07-28,375-400,100.00,0.00,0.00,450-475,90.77,"{""375-400"": 0, ""400-425"": 0, ""425-450"": 0, ""450-475"": 90.77, ""475-500"": 9.23}",0.00,0.00,0.00,0.00,0.00,90.77,9.23,2026-10-01,2026-10-01 04:16:59 CT,page_asof
2026-10-02 05:30:00,* Data as of 1 10月 2026 04:16:59 CT,2027-09-15,375-400,100.00,0.00,0.00,450-475,56.69,"{""375-400"": 0, ""400-425"": 0, ""425-450"": 0, ""450-475"": 56.69, ""475-500"": 43.31}",0.00,0.00,0.00,0.00,0.00,56.69,43.31,2026-10-01,2026-10-01 04:16:59 CT,page_asof
2026-10-02 05:30:00,* Data as of 1 10月 2026 04:16:59 CT,2027-10-27,375-400,100.00,0.00,0.00,425-450,96.77,"{""375-400"": 0, ""400-425"": 0, ""425-450"": 96.77, ""450-475"": 3.23, ""475-500"": 0}",0.00,0.00,0.00,0.00,96.77,3.23,0.00,2026-10-01,2026-10-01 04:16:59 CT,page_asof
2026-10-02 05:30:00,* Data as of 1 10月 2026 04:16:59 CT,2027-12-08,375-400,100.00,0.00,0.00,475-500,54.19,"{""375-400"": 0, ""400-425"": 0, ""425-450"": 0, ""450-475"": 45.81, ""475-500"": 54.19}",0.00,0.00,0.00,0.00,0.00,45.81,54.19,2026-10-01,2026-10-01 04:16:59 CT,page_asof
2026-10-03 05:30:00,* Data as of 2 10月 2026 04:16:50 CT,2026-10-28,375-400,22.14,77.86,0.00,375-400,77.86,"{""375-400"": 77.86, ""400-425"": 22.14, ""425-450"": 0, ""450-475"": 0, ""475-500"": 0}",0.00,0.00,77.86,22.14,0.00,0.00,0.00,2026-10-02,2026-10-02 04:16:50 CT,page_asof
2026-10-03 05:30:00,* Data as of 2 10月 2026 04:16:50 CT,2026-12-09,375-400,100.00,0.00,0.00,400-425,95.49,"{""375-400"": 0, ""400-425"": 95.49, ""425-450"": 4.51, ""450-475"": 0, ""475-500"": 0}",0.00,0.00,0.00,95.49,4.51,0.00,0.00,2026-10-02,2026-10-02 04:16:50 CT,page_asof
2026-10-03 05:30:00,* Data as of 2 10月 2026 04:16:50 CT,2027-01-27,375-400,100.00,0.00,0.00,400-425,82.86,"{""375-400"": 0, ""400-425"": 82.86, ""425-450"": 17.14, ""450-475"": 0, ""475-500"": 0}",0.00,0.00,0.00,82.86,17.14,0.00,0.00,2026-10-02,2026-10-02 04:16:50 CT,page_asof
2026-10-03 05:30:00,* Data as of 2 10月 2026 04:16:50 CT,2027-03-17,375-400,100.00,0.00,0.00,425-450,85.64,"{""375-400"": 0, ""400-425"": 0, ""425-450"": 85.64, ""450-475"": 14.36, ""475-500"": 0}",0.00,0.00,0.00,0.00,85.64,14.36,0.00,2026-10-02,2026-10-02 04:16:50 CT,page_asof
2026-10-03 05:30:00,* Data as of 2 10月 2026 04:16:50 CT,2027-04-28,375-400,100.00,0.00,0.00,425-450,58.86,"{""375-400"": 0, ""400-425"": 0, ""425-450"": 58.86, ""450-475"": 41.14, ""475-500"": 0}",0.00,0.00,0.00,0.00,58.86,41.14,0.00,2026-10-02,2026-10-02 04:16:50 CT,page_asof
2026-10-03 05:30:00,* Data as of 2 10月 2026 04:16:50 CT,2027-06-09,375-400,100.00,0.00,0.00,450-475,99.68,"{""375-400"": 0, ""400-425"": 0, ""425-450"": 0, ""450-475"": 99.68, ""475-500"": 0.32}",0.00,0.00,0.00,0.00,0.00,99.68,0.32,2026-10-02,2026-10-02 04:16:50 CT,page_asof
2026-10-03 05:30:00,* Data as of 2 10月 2026 04:16:50 CT,2027-07-28,375-400,100.00,0.00,0.00,450-475,80.86,"{""375-400"": 0, ""400-425"": 0, ""425-450"": 0, ""450-475"": 80.86, ""475-500"": 19.14}",0.00,0.00,0.00,0.00,0.00,80.86,19.14,2026-10-02,2026-10-02 04:16:50 CT,page_asof
2026-10-03 05:30:00,* Data as of 2 10月 2026 04:16:50 CT,2027-09-15,375-400,100.00,0.00,0.00,475-500,59.29,"{""375-400"": 0, ""400-425"": 0, ""425-450"": 0, ""450-475"": 40.71, ""475-500"": 59.29}",0.00,0.00,0.00,0.00,0.00,40.71,59.29,2026-10-02,2026-10-02 04:16:50 CT,page_asof
2026-10-03 05:30:00,* Data as of 2 10月 2026 04:16:50 CT,2027-10-27,375-400,100.00,0.00,0.00,425-450,96.86,"{""375-400"": 0, ""400-425"": 0, ""425-450"": 96.86, ""450-475"": 3.14, ""475-500"": 0}",0.00,0.00,0.00,0.00,96.86,3.14,0.00,2026-10-02,2026-10-02 04:16:50 CT,page_asof
2026-10-03 05:30:00,* Data as of 2 10月 2026 04:16:50 CT,2027-12-08,375-400,100.00,0.00,0.00,475-500,81.06,"{""375-400"": 0, ""400-425"": 0, ""425-450"": 0, ""450-475"": 18.94, ""475-500"": 81.06}",0.00,0.00,0.00,0.00,0.00,18.94,81.06,2026-10-02,2026-10-02 04:16:50 CT,page_asof
